player,Proximity to Hole from Other Locations-ROUNDS,Proximity to Hole from Other Locations-AVG DTP,Proximity to Hole from Other Locations-TOTAL DISTANCE (FEET),Proximity to Hole from Other Locations-# OF SHOTS,Proximity to Hole from Other Locations-SCRAMBLING RANK,Scrambling-ROUNDS,Scrambling-%,Scrambling-PAR OR BETTER,Scrambling-MISSED GIR,Scrambling from the Fringe-ROUNDS,Scrambling from the Fringe-%,Scrambling from the Fringe-SUCCESSES,Scrambling from the Fringe-ATTEMPTS,Sand Save Percentage-ROUNDS,Sand Save Percentage-%,Sand Save Percentage-# SAVES,Sand Save Percentage-# BUNKERS,Sand Save Percentage-TOTAL O/U PAR,Scrambling from the Rough-ROUNDS,Scrambling from the Rough-%,Scrambling from the Rough-SUCCESSES,Scrambling from the Rough-ATTEMPTS,Proximity to Hole (ARG)-ROUNDS,Proximity to Hole (ARG)-AVG DTP,Proximity to Hole (ARG)-TOTAL DISTANCE (FEET),Proximity to Hole (ARG)-# OF SHOTS,Proximity to Hole (ARG)-SCRAMBLING RANK,Proximity to Hole from Fringe-ROUNDS,Proximity to Hole from Fringe-AVG DTP,Proximity to Hole from Fringe-TOTAL DISTANCE (FEET),Proximity to Hole from Fringe-# OF SHOTS,Proximity to Hole from Fringe-SCRAMBLING RANK,Scrambling Fringe (RTP Score)-ROUNDS,Scrambling Fringe (RTP Score)-AVG RTP,Scrambling Fringe (RTP Score)-TOTAL HOLES,Scrambling Fringe (RTP Score)-TOTAL RTP,Scrambling from Other Locations-ROUNDS,Scrambling from Other Locations-%,Scrambling from Other Locations-SUCCESSES,Scrambling from Other Locations-ATTEMPTS,Proximity to Hole from Sand-ROUNDS,Proximity to Hole from Sand-AVG DTP,Proximity to Hole from Sand-TOTAL DISTANCE (FEET),Proximity to Hole from Sand-# OF SHOTS,Proximity to Hole from Sand-SCRAMBLING RANK,Proximity to Hole from Rough-ROUNDS,Proximity to Hole from Rough-AVG DTP,Proximity to Hole from Rough-TOTAL DISTANCE (FEET),Proximity to Hole from Rough-# OF SHOTS,Proximity to Hole from Rough-SCRAMBLING RANK,Scrambling from the Sand-ROUNDS,Scrambling from the Sand-%,Scrambling from the Sand-SUCCESSES,Scrambling from the Sand-ATTEMPTS,Scrambling Rough (RTP Score)-ROUNDS,Scrambling Rough (RTP Score)-AVG RTP,Scrambling Rough (RTP Score)-TOTAL HOLES,Scrambling Rough (RTP Score)-TOTAL RTP,SG: Around-the-Green-ROUNDS,SG: Around-the-Green-AVERAGE,SG: Around-the-Green-TOTAL SG:ARG,SG: Around-the-Green-MEASURED ROUNDS
Josh Teater,29,"4' 4""",1.135,22,219,29,50.98,78,153,29,94.12,16,17,29,39.02,16,41,+17.00,29,46.97,31,66,29,"7' 1""",660.250,93,222,29,"3' 0""",35.750,12,219,29,E,17,E,29,51.28,20,39,29,"9' 6""",217.667,23,219,29,"8' 8""",312.250,36,219,29,35.48,11,31,29,+.621,66,+41.00,29,.152,2.286,15
Rory McIlroy,28,"4' 4""",1.504,29,3,28,68.28,99,145,28,93.75,15,16,28,50.00,22,44,+16.00,28,62.50,20,32,32,"6' 1""",938.333,155,2,28,"2' 6""",35.250,14,3,28,-.063,16,-1.00,28,61.29,19,31,28,"7' 0""",209.750,30,3,28,"8' 4""",382.917,46,3,28,61.54,16,26,28,+.406,32,+13.00,28,.377,7.164,19
Steve Stricker,18,"4' 7""",1.964,36,40,18,64.00,96,150,18,71.43,15,21,18,60.87,28,46,+12.00,18,58.14,25,43,18,"7' 8""",894.917,117,44,18,"2' 11""",47.167,16,40,18,+.143,21,+3.00,18,69.57,32,46,18,"9' 11""",307.333,31,40,18,"11' 1""",376.750,34,40,18,60.00,24,40,18,+.419,43,+18.00,18,.378,4.920,13
D.J. Trahan,37,"4' 8""",1.679,30,136,37,58.03,112,193,37,87.50,21,24,37,43.33,26,60,+22.00,37,57.14,44,77,37,"7' 4""",880.667,120,150,37,"4' 2""",70.583,17,136,37,+.125,24,+3.00,37,57.14,28,49,37,"9' 5""",348.417,37,136,37,"8' 11""",321.750,36,136,37,46.34,19,41,37,+.455,77,+35.00,37,-.077,-1.766,23
Rafa Cabrera Bello,29,"4' 10""",1.725,30,48,29,63.35,121,191,29,100.00,11,11,29,44.26,27,61,+24.00,29,71.43,30,42,31,"7' 0""",820.917,117,67,29,"3' 0""",27.333,9,48,29,E,11,E,29,65.79,25,38,29,"10' 6""",251.750,24,48,29,"7' 9""",326.750,42,48,29,53.33,16,30,29,+.286,42,+12.00,29,-.048,-.718,15
Tony Finau,36,"4' 11""",2.435,41,67,36,61.78,118,191,36,100.00,11,11,36,43.14,22,51,+17.00,36,64.71,33,51,40,"6' 11""","1,145.583",165,73,36,"2' 1""",23.000,11,67,36,-.273,11,-3.00,36,71.43,35,49,36,"10' 11""",348.250,32,67,36,"7' 7""",439.250,58,67,36,36.00,9,25,36,+.353,51,+18.00,36,.505,11.623,23
Jason Day,23,"5' 0""",1.567,26,65,23,61.81,89,144,23,87.50,7,8,23,61.54,32,52,+3.00,23,50.00,18,36,25,"7' 1""",655.000,92,74,23,"2' 5""",14.250,6,65,23,E,8,E,23,73.33,22,30,23,"6' 2""",117.250,19,65,23,"9' 5""",215.917,23,65,23,62.50,15,24,23,+.528,36,+19.00,23,1.032,10.317,10
Anirban Lahiri,33,"5' 2""",2.992,48,165,33,56.99,110,193,33,94.12,16,17,33,51.67,31,60,+14.00,33,50.00,34,68,33,"7' 11""","1,065.000",135,170,33,"1' 8""",11.500,7,165,33,-.176,17,-3.00,33,56.06,37,66,33,"10' 2""",397.500,39,165,33,"9' 11""",406.667,41,165,33,57.50,23,40,33,+.544,68,+37.00,33,.025,.535,21
Hideki Matsuyama,42,"5' 2""",4.175,67,71,42,61.40,132,215,42,66.67,10,15,42,52.17,36,69,+15.00,42,63.64,28,44,44,"6' 3""","1,182.500",188,82,42,"2' 9""",37.917,14,71,42,+.067,15,+1.00,42,65.00,39,60,42,"9' 3""",455.167,49,71,42,"6' 0""",259.417,43,71,42,48.84,21,43,42,+.364,44,+16.00,42,.549,15.922,29
"Ted Potter, Jr.",30,"5' 2""",2.229,36,54,30,62.73,101,161,30,100.00,17,17,30,41.07,23,56,+20.00,30,62.96,34,54,32,"7' 2""",870.750,122,92,30,"2' 0""",11.917,6,54,30,-.059,17,-1.00,30,71.11,32,45,30,"10' 4""",320.750,31,54,30,"7' 9""",278.583,36,54,30,45.00,18,40,30,+.481,54,+26.00,30,-.105,-2.100,20
Vincent Whaley,30,"5' 2""",2.551,41,125,30,58.47,107,183,30,79.17,19,24,30,31.11,14,45,+23.00,30,59.15,42,71,30,"7' 3""",964.833,133,135,30,"4' 2""",62.667,15,125,30,+.208,24,+5.00,30,66.07,37,56,30,"10' 5""",311.750,30,125,30,"8' 0""",377.833,47,125,30,29.03,9,31,30,+.408,71,+29.00,30,-.185,-3.700,20
Justin Rose,18,"5' 3""",1.830,29,201,18,54.03,67,124,18,90.00,9,10,18,64.86,24,37,+6.00,18,39.29,11,28,22,"6' 5""",800.333,124,155,18,"3' 3""",38.750,12,201,18,+.100,10,+1.00,18,48.48,16,33,18,"7' 9""",240.333,31,201,18,"9' 3""",221.917,24,201,18,72.41,21,29,18,+.607,28,+17.00,18,.253,3.293,13
Rafael Campos,29,"5' 3""",1.650,26,100,29,59.80,119,199,29,76.19,16,21,29,50.00,27,54,+16.00,29,61.29,57,93,29,"6' 11""",927.667,134,105,29,"3' 9""",78.667,21,100,29,+.190,21,+4.00,29,58.54,24,41,29,"8' 9""",306.000,35,100,29,"7' 10""",405.500,52,100,29,51.16,22,43,29,+.419,93,+39.00,29,.357,6.428,18
Webb Simpson,22,"5' 4""",2.297,36,14,22,66.37,75,113,22,81.82,9,11,22,58.82,20,34,+3.00,22,59.52,25,42,26,"6' 11""",980.583,142,7,22,"8' 0""",87.833,11,14,22,+.091,11,+1.00,22,73.68,28,38,22,"8' 1""",251.167,31,14,22,"7' 11""",340.917,43,14,22,61.90,13,21,22,+.405,42,+17.00,22,.276,5.790,21
Danny Willett,20,"5' 5""",1.486,23,197,20,54.74,75,137,20,100.00,6,6,20,58.54,24,41,+5.00,20,54.55,18,33,22,"6' 5""",663.500,104,165,20,"3' 4""",19.917,6,197,20,-.167,6,-1.00,20,53.57,15,28,20,"7' 3""",152.583,21,197,20,"7' 9""",279.667,36,197,20,57.89,11,19,20,+.515,33,+17.00,20,-.026,-.318,12
Cameron Smith,36,"5' 5""",3.318,51,129,36,58.33,126,216,36,100.00,9,9,36,55.36,31,56,+14.00,36,55.70,44,79,38,"6' 11""","1,263.500",183,141,36,"1' 7""",12.917,8,129,36,-.111,9,-1.00,36,62.26,33,53,36,"7' 7""",281.667,37,129,36,"8' 7""",610.500,71,129,36,54.29,19,35,36,+.430,79,+34.00,36,.081,2.188,27
Tyrrell Hatton,16,"5' 6""",1.321,20,77,16,61.25,49,80,16,100.00,4,4,16,45.00,9,20,+6.00,16,85.71,12,14,20,"6' 5""",513.000,80,14,16,"2' 11""",11.750,4,77,16,-.250,4,-1.00,16,66.67,12,18,16,"11' 10""",224.583,19,77,16,"3' 11""",58.750,15,77,16,38.46,5,13,16,E,14,E,16,.544,4.354,8
Richy Werenski,30,"5' 6""",2.184,33,110,30,59.36,111,187,30,95.83,23,24,30,40.32,25,62,+28.00,30,60.87,42,69,30,"7' 10""","1,170.083",149,114,30,"2' 5""",36.333,15,110,30,-.125,24,-3.00,30,58.70,27,46,30,"10' 5""",446.917,43,110,30,"8' 8""",504.833,58,110,30,39.58,19,48,30,+.391,69,+27.00,30,.094,2.160,23
Adam Hadwin,35,"5' 6""",3.231,49,99,35,59.89,112,187,35,85.71,6,7,35,69.09,38,55,+5.00,35,56.00,28,50,39,"7' 10""","1,180.083",151,105,35,"3' 1""",21.500,7,99,35,+.143,7,+1.00,35,64.44,29,45,35,"7' 6""",263.167,35,99,35,"12' 9""",508.667,40,99,35,60.00,18,30,35,+.460,50,+23.00,35,.097,2.321,24
Stewart Cink,31,"5' 6""",3.102,47,175,31,55.87,100,179,31,88.89,16,18,31,49.28,34,69,+17.00,31,37.50,18,48,35,"7' 6""","1,176.167",156,177,31,"3' 1""",24.917,8,175,31,-.056,18,-1.00,31,63.49,40,63,31,"8' 10""",443.667,50,175,31,"10' 6""",347.667,33,175,31,53.06,26,49,31,+.708,48,+34.00,31,-.245,-6.130,25
Jason Dufner,38,"5' 7""",4.235,63,69,38,61.54,144,234,38,100.00,21,21,38,53.42,39,73,+24.00,38,58.54,48,82,42,"6' 2""","1,391.167",225,55,38,"2' 1""",39.833,19,69,38,-.143,21,-3.00,38,57.33,43,75,38,"8' 6""",486.000,57,69,38,"6' 4""",411.000,65,69,38,57.14,32,56,38,+.476,82,+39.00,38,.160,5.133,32
Mark Anderson,37,"5' 7""",3.334,50,8,37,67.11,151,225,37,91.30,21,23,37,58.33,35,60,+18.00,37,65.82,52,79,37,"7' 5""","1,219.000",165,9,37,"1' 8""",14.833,9,8,37,E,23,E,37,64.29,45,70,37,"10' 3""",450.250,44,8,37,"7' 8""",476.083,62,8,37,63.46,33,52,37,+.380,79,+30.00,37,-.150,-4.046,27
Scott Stallings,41,"5' 7""",3.344,50,89,41,60.85,143,235,41,83.33,15,18,41,49.06,26,53,+25.00,41,62.14,64,103,45,"6' 8""","1,196.750",179,63,41,"2' 11""",37.583,13,89,41,+.111,18,+2.00,41,62.69,42,67,41,"10' 6""",325.000,31,89,41,"7' 4""",452.833,62,89,41,47.83,22,46,41,+.388,103,+40.00,41,.169,4.569,27
Russell Knox,49,"5' 8""",4.675,69,35,49,64.34,166,258,49,100.00,20,20,49,56.76,42,74,+17.00,49,62.50,50,80,51,"6' 11""","1,411.417",205,30,49,"2' 1""",27.083,13,35,49,-.050,20,-1.00,49,60.40,61,101,49,"8' 7""",437.167,51,35,49,"8' 9""",516.500,59,35,49,61.40,35,57,49,+.375,80,+30.00,49,-.027,-.949,35
Justin Thomas,32,"5' 8""",4.023,59,19,32,65.45,108,165,32,94.44,17,18,32,62.79,27,43,+6.00,32,58.97,23,39,36,"6' 1""","1,088.083",180,21,32,"2' 7""",45.833,18,19,32,-.056,18,-1.00,32,64.29,36,56,32,"7' 3""",218.417,30,19,32,"7' 5""",371.667,50,19,32,61.90,13,21,32,+.410,39,+16.00,32,.273,6.556,24
Jim Furyk,23,"5' 8""",1.983,29,211,23,53.06,52,98,23,62.50,5,8,23,47.37,18,38,+19.00,23,51.72,15,29,25,"8' 4""",901.917,108,201,23,"4' 1""",28.583,7,211,23,+.250,8,+2.00,23,59.38,19,32,23,"8' 9""",281.000,32,211,23,"12' 3""",331.167,27,211,23,46.43,13,28,23,+.517,29,+15.00,23,-.057,-1.135,20
Adam Scott,26,"5' 9""",2.826,41,103,26,59.72,86,144,26,91.67,11,12,26,61.11,22,36,+6.00,26,70.59,24,34,26,"6' 9""",880.167,131,108,26,"3' 3""",36.000,11,103,26,-.083,12,-1.00,26,47.83,22,46,26,"7' 9""",210.250,27,103,26,"7' 8""",398.417,52,103,26,64.71,11,17,26,+.294,34,+10.00,26,.566,10.194,18
Ryan Palmer,36,"5' 9""",5.180,75,108,36,59.42,123,207,36,88.89,16,18,36,47.54,29,61,+19.00,36,48.98,24,49,40,"6' 3""","1,308.667",209,79,36,"3' 5""",65.417,19,108,36,+.056,18,+1.00,36,61.43,43,70,36,"8' 8""",337.750,39,108,36,"7' 3""",362.750,50,108,36,51.43,18,35,36,+.551,49,+27.00,36,-.275,-7.430,27
Bo Van Pelt,28,"5' 9""",2.556,37,223,28,49.73,92,185,28,87.50,14,16,28,25.00,10,40,+29.00,28,53.97,34,63,30,"7' 11""",985.500,124,224,28,"5' 2""",46.750,9,223,28,+.125,16,+2.00,28,48.61,35,72,28,"13' 0""",311.750,24,223,28,"8' 4""",358.250,43,223,28,27.27,9,33,28,+.540,63,+34.00,28,-.133,-2.122,16
Rickie Fowler,22,"5' 9""",2.949,43,84,22,61.07,80,131,22,91.67,11,12,22,45.00,18,40,+15.00,22,60.98,25,41,24,"7' 2""",986.500,138,77,22,"4' 0""",51.667,13,84,22,+.083,12,+1.00,22,62.50,30,48,22,"11' 10""",354.083,30,84,22,"6' 7""",243.833,37,84,22,46.67,14,30,22,+.390,41,+16.00,22,-.077,-1.459,19
Roberto Castro,23,"5' 9""",1.869,27,69,23,61.54,80,130,23,90.00,18,20,23,41.38,12,29,+19.00,23,65.22,30,46,23,"6' 4""",499.417,79,81,23,"3' 6""",35.000,10,69,23,-.100,20,-2.00,23,55.26,21,38,23,"8' 11""",133.583,15,69,23,"6' 6""",175.083,27,69,23,44.00,11,25,23,+.348,46,+16.00,23,.198,2.768,14
Xinjun Zhang,57,"5' 9""",5.602,81,176,57,55.82,187,335,57,96.15,25,26,57,48.98,48,98,+35.00,57,53.57,60,112,57,"7' 0""","1,741.750",249,183,57,"3' 5""",68.583,20,176,57,-.231,26,-6.00,57,58.42,59,101,57,"9' 4""",614.417,66,176,57,"7' 3""",591.917,82,176,57,45.83,33,72,57,+.446,112,+50.00,57,.130,5.062,39
Kyoung-Hoon Lee,50,"5' 10""",6.402,92,46,50,63.49,200,315,50,91.18,31,34,50,54.55,54,99,+25.00,50,57.69,45,78,52,"6' 9""","1,663.833",246,64,50,"2' 6""",42.750,17,46,50,-.059,34,-2.00,50,66.96,77,115,50,"8' 5""",597.833,71,46,50,"7' 7""",394.167,52,46,50,53.42,39,73,50,+.474,78,+37.00,50,.112,3.592,32
Zack Sucher,30,"5' 10""",2.395,34,208,30,53.53,91,170,30,94.12,16,17,30,51.92,27,52,+15.00,30,49.18,30,61,30,"7' 5""",773.833,104,211,30,"2' 1""",12.667,6,208,30,E,17,E,30,45.28,24,53,30,"10' 1""",272.083,27,208,30,"7' 10""",289.500,37,208,30,55.26,21,38,30,+.508,61,+31.00,30,.122,2.188,18
Brendon Todd,50,"5' 10""",6.394,92,1,50,70.03,215,307,50,96.00,24,25,50,69.23,54,78,+7.00,50,68.14,77,113,52,"7' 2""","1,937.583",269,1,50,"4' 4""",96.083,22,1,50,-.080,25,-2.00,50,64.76,68,105,50,"9' 1""",489.500,54,1,50,"8' 5""",735.083,87,1,50,73.02,46,63,50,+.301,113,+34.00,50,.015,.582,39
Jazz Janewattananond,20,"5' 10""",.633,9,217,20,51.52,68,132,20,80.00,4,5,20,47.62,20,42,+19.00,20,60.00,12,20,22,"7' 10""",514.917,66,212,20,"3' 7""",18.083,5,217,20,E,5,E,20,35.29,6,17,20,"10' 5""",218.833,21,217,20,"7' 10""",133.417,17,217,20,44.44,8,18,20,+.400,20,+8.00,20,-.446,-3.568,8
Sungjae Im,58,"5' 11""",5.250,74,31,58,64.53,211,327,58,92.86,26,28,58,61.54,64,104,+19.00,58,61.46,59,96,60,"6' 7""","1,806.417",273,40,58,"2' 7""",64.083,25,31,58,-.036,28,-1.00,58,61.25,49,80,58,"7' 11""",517.250,65,31,58,"7' 6""",732.083,98,31,58,65.52,38,58,58,+.375,96,+36.00,58,.010,.427,43
Peter Malnati,39,"5' 11""",5.455,77,27,39,64.86,179,276,39,100.00,30,30,39,48.08,25,52,+19.00,39,63.27,62,98,43,"6' 7""","1,438.250",218,56,39,"4' 0""",92.250,23,27,39,-.133,30,-4.00,39,64.42,67,104,39,"9' 2""",320.000,35,27,39,"6' 10""",415.083,61,27,39,46.51,20,43,39,+.449,98,+44.00,39,.149,4.324,29
Carlos Ortiz,48,"5' 11""",6.032,85,20,48,65.31,177,271,48,88.46,23,26,48,51.43,36,70,+16.00,48,63.46,66,104,52,"6' 6""","1,724.500",265,33,48,"3' 0""",71.333,24,20,48,+.077,26,+2.00,48,64.52,60,93,48,"8' 1""",429.333,53,20,48,"7' 8""",636.667,83,20,48,58.33,28,48,48,+.365,104,+38.00,48,.415,17.012,41
Troy Merritt,38,"5' 11""",4.874,69,150,38,57.32,137,239,38,88.46,23,26,38,41.54,27,65,+34.00,38,52.54,31,59,42,"8' 4""","1,604.000",193,148,38,"2' 4""",36.833,16,150,38,-.115,26,-3.00,38,58.02,47,81,38,"12' 1""",423.333,35,150,38,"10' 9""",537.833,50,150,38,50.00,18,36,38,+.492,59,+29.00,38,-.231,-5.773,25
Alex Noren,32,"5' 11""",3.889,55,28,32,64.76,136,210,32,89.47,17,19,32,58.06,36,62,+17.00,32,65.67,44,67,36,"7' 2""","1,354.333",188,31,32,"3' 2""",34.750,11,28,32,-.053,19,-1.00,32,62.16,46,74,32,"9' 1""",361.917,40,28,32,"8' 6""",425.833,50,28,32,58.00,29,50,32,+.299,67,+20.00,32,.406,8.517,21
Nick Taylor,41,"6' 0""",5.624,78,98,41,60.00,135,225,41,95.24,20,21,41,44.83,26,58,+23.00,41,59.74,46,77,41,"7' 2""","1,404.750",197,102,41,"3' 3""",52.083,16,98,41,E,21,E,41,60.49,49,81,41,"8' 1""",323.000,40,98,41,"8' 11""",561.000,63,98,41,43.48,20,46,41,+.455,77,+35.00,41,.083,2.649,32
Joel Dahmen,51,"6' 0""",5.629,78,37,51,64.24,212,330,51,86.67,26,30,51,56.67,51,90,+25.00,51,66.30,61,92,55,"6' 8""","1,668.250",251,35,51,"3' 3""",86.917,27,37,51,-.033,30,-1.00,51,64.95,63,97,51,"7' 11""",427.000,54,37,51,"8' 0""",553.667,69,37,51,60.71,34,56,51,+.359,92,+33.00,51,.123,4.297,35
Grayson Murray,29,"6' 0""",4.033,56,148,29,57.37,109,190,29,94.74,18,19,29,40.74,22,54,+20.00,29,59.72,43,72,29,"6' 9""","1,187.583",177,162,29,"1' 11""",25.000,13,148,29,-.053,19,-1.00,29,55.74,34,61,29,"9' 0""",377.000,42,148,29,"6' 10""",449.500,66,148,29,37.84,14,37,29,+.472,72,+34.00,29,.181,4.333,24
Brooks Koepka,18,"6' 0""",2.440,34,178,18,55.74,68,122,18,75.00,6,8,18,52.17,24,46,+11.00,18,48.00,12,25,22,"7' 0""",909.833,130,182,18,"3' 3""",32.750,10,178,18,+.250,8,+2.00,18,60.00,27,45,18,"7' 9""",256.083,33,178,18,"9' 11""",318.333,32,178,18,53.13,17,32,18,+.680,25,+17.00,18,.266,4.260,16
Matthew NeSmith,50,"6' 0""",4.607,64,62,50,61.98,163,263,50,72.97,27,37,50,48.15,39,81,+19.00,50,54.55,48,88,54,"7' 5""","1,838.833",247,69,50,"4' 5""",132.333,30,62,50,+.189,37,+7.00,50,73.08,57,78,50,"9' 2""",529.500,58,62,50,"9' 0""",631.333,70,62,50,54.39,31,57,50,+.511,88,+45.00,50,-.114,-4.116,36
Tyler McCumber,45,"6' 0""",3.541,49,154,45,57.20,151,264,45,91.30,21,23,45,37.31,25,67,+27.00,45,55.65,69,124,45,"8' 2""","1,394.750",171,164,45,"2' 8""",29.583,11,154,45,+.043,23,+1.00,45,61.64,45,73,45,"12' 3""",490.333,40,154,45,"8' 2""",579.750,71,154,45,36.36,16,44,45,+.484,124,+60.00,45,-.140,-4.206,30
Wes Roach,36,"6' 1""",2.035,28,111,36,59.33,124,209,36,87.50,14,16,36,39.29,22,56,+28.00,36,60.42,58,96,36,"8' 1""",936.917,116,115,36,"4' 2""",54.417,13,111,36,-.188,16,-3.00,36,60.00,33,55,36,"11' 1""",299.833,27,111,36,"8' 7""",413.083,48,111,36,45.24,19,42,36,+.448,96,+43.00,36,.186,3.352,18
Tom Hoge,44,"6' 1""",4.398,60,18,44,65.57,179,273,44,95.24,20,21,44,48.65,36,74,+30.00,44,64.55,71,110,46,"7' 6""","1,768.167",237,17,44,"2' 11""",61.417,21,18,44,-.048,21,-1.00,44,67.05,59,88,44,"10' 6""",554.500,53,18,44,"7' 9""",688.167,89,18,44,54.72,29,53,44,+.364,110,+40.00,44,-.084,-3.018,36
Sebastian Cappelen,43,"6' 1""",3.206,44,72,43,61.37,170,277,43,94.74,18,19,43,45.95,34,74,+27.00,43,66.96,77,115,43,"7' 10""","1,315.750",168,83,43,"2' 2""",23.917,11,72,43,E,19,E,43,57.14,48,84,43,"13' 0""",518.500,40,72,43,"6' 11""",506.167,73,72,43,48.21,27,56,43,+.348,115,+40.00,43,-.084,-2.099,25
Sepp Straka,40,"6' 1""",4.527,62,76,40,61.34,146,238,40,91.18,31,34,40,50.82,31,61,+19.00,40,63.89,46,72,44,"7' 2""","1,547.417",215,76,40,"2' 11""",69.667,24,76,40,+.029,34,+1.00,40,51.19,43,84,40,"11' 6""",506.000,44,76,40,"7' 8""",435.750,57,76,40,57.78,26,45,40,+.375,72,+27.00,40,-.144,-4.612,32
Scott Piercy,48,"6' 1""",5.729,78,102,48,59.73,175,293,48,87.10,27,31,48,45.33,34,75,+29.00,48,59.52,50,84,50,"7' 6""","1,763.167",235,117,48,"3' 5""",94.583,28,102,48,+.097,31,+3.00,48,64.63,53,82,48,"12' 2""",582.167,48,102,48,"7' 7""",495.000,65,102,48,45.65,21,46,48,+.429,84,+36.00,48,-.140,-4.472,32
Kevin Na,44,"6' 1""",5.913,81,11,44,66.67,186,279,44,92.31,24,26,44,58.43,52,89,+11.00,44,60.81,45,74,44,"7' 1""","1,580.417",223,12,44,"3' 2""",80.083,25,11,44,-.115,26,-3.00,44,65.82,52,79,44,"9' 7""",545.333,57,11,44,"7' 8""",462.250,60,11,44,62.75,32,51,44,+.459,74,+34.00,44,.252,8.048,32
Luke Donald,18,"6' 1""",2.341,32,156,18,57.14,68,119,18,85.71,6,7,18,31.82,7,22,+12.00,18,53.33,24,45,20,"6' 10""",657.000,96,130,18,"2' 7""",7.833,3,156,18,+.143,7,+1.00,18,66.67,32,48,18,"11' 1""",154.833,14,156,18,"7' 8""",199.417,26,156,18,35.29,6,17,18,+.489,45,+22.00,18,.468,5.153,11
Zach Johnson,37,"6' 1""",5.033,69,36,37,64.25,142,221,37,93.33,14,15,37,57.89,33,57,+24.00,37,60.29,41,68,39,"7' 4""","1,292.083",177,32,37,"2' 10""",31.250,11,36,37,-.067,15,-1.00,37,63.33,57,90,37,"9' 7""",392.917,41,36,37,"8' 9""",402.833,46,36,37,62.50,30,48,37,+.485,68,+33.00,37,-.161,-4.838,30
David Hearn,39,"6' 1""",3.704,51,30,39,64.60,146,226,39,90.00,27,30,39,42.00,21,50,+23.00,39,69.32,61,88,41,"7' 6""","1,274.000",170,20,39,"2' 2""",28.667,13,30,39,+.067,30,+2.00,39,64.71,44,68,39,"12' 9""",330.833,26,30,39,"8' 8""",539.000,62,30,39,35.90,14,39,39,+.318,88,+28.00,39,-.107,-2.572,24
Brian Harman,48,"6' 1""",6.836,94,20,48,65.31,192,294,48,92.00,23,25,48,59.49,47,79,+23.00,48,57.45,54,94,52,"6' 6""","1,819.667",281,18,48,"2' 3""",61.833,28,20,48,-.120,25,-3.00,48,67.54,77,114,48,"8' 10""",521.750,59,20,48,"7' 0""",534.333,76,20,48,63.33,38,60,48,+.426,94,+40.00,48,.109,4.469,41
Alex Cejka,23,"6' 1""",1.307,18,2,23,68.35,95,139,23,95.45,21,22,23,50.00,19,38,+10.00,23,70.45,31,44,23,"5' 8""",387.500,68,4,23,"1' 11""",22.667,12,2,23,-.091,22,-2.00,23,65.91,29,44,23,"10' 7""",169.250,16,2,23,"3' 11""",86.667,22,2,23,50.00,14,28,23,+.250,44,+11.00,23,.516,6.197,12
Chad Campbell,17,"6' 2""",.890,12,79,17,61.22,60,98,17,88.89,8,9,17,53.13,17,32,+9.00,17,61.11,22,36,17,"6' 7""",355.667,54,86,17,"1' 9""",7.000,4,79,17,+.111,9,+1.00,17,53.57,15,28,17,"9' 3""",166.667,18,79,17,"5' 5""",107.833,20,79,17,60.00,15,25,17,+.361,36,+13.00,17,-.069,-.686,10
Ryan Armour,36,"6' 2""",3.795,51,172,36,56.04,116,207,36,81.82,9,11,36,44.44,24,54,+22.00,36,55.29,47,85,40,"7' 9""","1,407.750",182,175,36,"2' 3""",22.083,10,172,36,+.182,11,+2.00,36,59.42,41,69,36,"11' 5""",386.833,34,172,36,"8' 6""",485.833,57,172,36,43.90,18,41,36,+.412,85,+35.00,36,.325,7.483,23
Phil Mickelson,29,"6' 2""",2.880,39,92,29,60.43,113,187,29,85.71,6,7,29,55.88,38,68,+16.00,29,60.00,36,60,29,"6' 9""",813.833,121,99,29,"1' 1""",3.333,3,92,29,+.143,7,+1.00,29,65.12,28,43,29,"7' 6""",323.000,43,92,29,"6' 11""",247.500,36,92,29,57.89,22,38,29,+.467,60,+28.00,29,.426,6.815,16
Emiliano Grillo,39,"6' 2""",3.311,45,216,39,51.58,98,190,39,70.59,12,17,39,40.43,19,47,+18.00,39,47.27,26,55,41,"7' 9""",993.333,128,221,39,"4' 1""",48.750,12,216,39,+.294,17,+5.00,39,57.63,34,59,39,"9' 10""",225.250,23,216,39,"10' 4""",391.500,38,216,39,36.67,11,30,39,+.527,55,+29.00,39,-.138,-3.036,22
Shane Lowry,18,"6' 2""",.739,10,51,18,63.16,60,95,18,75.00,3,4,18,61.90,13,21,+3.00,18,70.37,19,27,20,"8' 9""",605.000,69,27,18,"7' 2""",14.333,2,51,18,+.250,4,+1.00,18,60.00,9,15,18,"10' 8""",117.583,11,51,18,"10' 3""",337.000,33,51,18,55.56,5,9,18,+.333,27,+9.00,18,.112,1.121,10
Vince Covello,21,"6' 2""",1.988,27,156,21,57.14,72,126,21,87.50,7,8,21,55.56,20,36,+15.00,21,50.00,25,50,21,"9' 2""",801.000,87,165,21,"6' 5""",45.083,7,156,21,+.125,8,+1.00,21,65.71,23,35,21,"11' 0""",263.583,24,156,21,"11' 3""",326.667,29,156,21,51.52,17,33,21,+.540,50,+27.00,21,-.525,-7.873,15
Jordan Spieth,34,"6' 2""",2.812,38,160,34,57.08,133,233,34,89.47,17,19,34,45.45,30,66,+26.00,34,54.84,34,62,38,"6' 10""","1,184.333",174,174,34,"2' 1""",37.500,18,160,34,+.053,19,+1.00,34,55.56,25,45,34,"9' 3""",269.000,29,160,34,"7' 0""",428.167,61,160,34,48.15,13,27,34,+.468,62,+29.00,34,.443,8.415,19
John Huh,26,"6' 2""",3.406,46,128,26,58.39,94,161,26,95.00,19,20,26,47.06,24,51,+16.00,26,53.19,25,47,26,"6' 10""",980.917,143,139,26,"2' 11""",44.167,15,128,26,-.050,20,-1.00,26,58.33,35,60,26,"7' 9""",327.000,42,128,26,"8' 2""",325.917,40,128,26,44.12,15,34,26,+.468,47,+22.00,26,.079,1.812,23
Hudson Swafford,21,"6' 2""",2.452,33,73,21,61.36,81,132,21,100.00,11,11,21,54.84,17,31,+16.00,21,46.67,21,45,21,"6' 8""",546.583,82,84,21,"1' 11""",13.250,7,73,21,-.182,11,-2.00,21,70.00,35,50,21,"7' 5""",155.917,21,73,21,"8' 3""",173.083,21,73,21,56.00,14,25,21,+.622,45,+28.00,21,.278,3.897,14
Zac Blair,52,"6' 2""",5.063,68,41,52,63.87,221,346,52,96.30,26,27,52,57.43,58,101,+38.00,52,61.19,82,134,52,"6' 7""","1,544.167",235,46,52,"2' 2""",50.583,23,41,52,-.074,27,-2.00,52,64.36,65,101,52,"6' 10""",445.083,65,41,52,"7' 11""",626.583,79,41,52,57.83,48,83,52,+.440,134,+59.00,52,.158,5.698,36
Adam Schenk,50,"6' 2""",5.650,76,4,50,67.96,193,284,50,96.67,29,30,50,50.00,39,78,+19.00,50,65.06,54,83,52,"7' 2""","1,459.250",204,10,50,"2' 9""",46.750,17,4,50,-.067,30,-2.00,50,66.27,55,83,50,"9' 2""",339.167,37,4,50,"8' 9""",525.667,60,4,50,66.67,30,45,50,+.361,83,+30.00,50,-.053,-1.645,31
Abraham Ancer,44,"6' 3""",5.057,67,6,44,67.31,175,260,44,95.24,20,21,44,51.43,36,70,+16.00,44,77.97,46,59,48,"6' 11""","1,374.000",199,6,44,"2' 9""",58.167,21,6,44,E,21,E,44,60.00,45,75,44,"10' 1""",433.833,43,6,44,"7' 2""",395.333,55,6,44,51.22,21,41,44,+.220,59,+13.00,44,.094,2.447,26
Adam Long,56,"6' 3""",7.167,96,105,56,59.68,188,315,56,96.00,24,25,56,42.70,38,89,+39.00,56,59.30,51,86,58,"8' 4""","2,017.417",242,96,56,"3' 5""",74.750,22,105,56,E,25,E,56,63.55,68,107,56,"14' 1""",632.833,45,105,56,"8' 10""",593.500,67,105,56,34.04,16,47,56,+.442,86,+38.00,56,-.031,-1.222,39
Mark Hubbard,53,"6' 3""",6.663,89,59,53,62.26,198,318,53,95.00,19,20,53,48.94,46,94,+41.00,53,60.87,70,115,57,"7' 5""","2,094.083",281,51,53,"1' 11""",35.000,18,59,53,E,20,E,53,67.59,73,108,53,"10' 9""",678.083,63,59,53,"7' 10""",665.417,85,59,53,48.65,36,74,53,+.435,115,+50.00,53,.040,1.607,40
Harold Varner III,50,"6' 3""",4.936,66,96,50,60.07,164,273,50,83.33,15,18,50,41.98,34,81,+30.00,50,64.13,59,92,52,"7' 8""","1,683.750",220,104,50,"3' 11""",65.917,17,96,50,+.056,18,+1.00,50,63.86,53,83,50,"8' 10""",407.500,46,96,50,"9' 3""",714.167,77,96,50,45.45,20,44,50,+.402,92,+37.00,50,.216,7.132,33
Patrick Reed,34,"6' 3""",5.845,78,22,34,65.14,142,218,34,100.00,13,13,34,60.00,36,60,+19.00,34,65.57,40,61,36,"6' 11""","1,397.583",201,36,34,"3' 9""",55.750,15,22,34,-.077,13,-1.00,34,59.42,41,69,34,"9' 3""",371.167,40,22,34,"7' 8""",406.167,53,22,34,60.00,21,35,34,+.377,61,+23.00,34,.361,9.036,25
Joseph Bramlett,41,"6' 3""",3.318,44,203,41,53.74,122,227,41,95.24,20,21,41,46.77,29,62,+27.00,41,56.47,48,85,41,"6' 8""","1,013.000",152,207,41,"2' 7""",44.417,17,203,41,E,21,E,41,45.71,32,70,41,"9' 3""",361.917,39,203,41,"6' 4""",330.167,52,203,41,44.90,22,49,41,+.482,85,+41.00,41,-.053,-1.421,27
James Hahn,30,"6' 3""",4.151,55,153,30,57.23,95,166,30,94.44,17,18,30,43.75,21,48,+24.00,30,59.52,25,42,30,"7' 7""",903.417,119,163,30,"3' 0""",35.750,12,153,30,E,18,E,30,54.29,38,70,30,"11' 8""",303.500,26,153,30,"8' 5""",218.250,26,153,30,42.86,15,35,30,+.405,42,+17.00,30,.069,1.459,21
Kiradech Aphibarnrat,17,"6' 3""",1.500,20,6,17,67.31,70,104,17,100.00,13,13,17,48.48,16,33,+14.00,17,70.83,17,24,17,"8' 2""",483.000,59,8,17,"1' 6""",7.583,5,6,17,-.077,13,-1.00,17,63.64,21,33,17,"14' 1""",197.333,14,6,17,"7' 8""",153.083,20,6,17,47.37,9,19,17,+.333,24,+8.00,17,-.468,-3.273,7
Brian Stuard,57,"6' 3""",7.269,97,45,57,63.59,234,368,57,83.33,25,30,57,54.08,53,98,+29.00,57,66.67,84,126,61,"6' 6""","1,969.833",304,36,57,"3' 8""",91.250,25,45,57,+.067,30,+2.00,57,62.28,71,114,57,"8' 2""",524.417,64,45,57,"6' 7""",600.583,91,45,57,58.57,41,70,57,+.333,126,+42.00,57,.497,19.868,40
Sangmoon Bae,18,"6' 3""",.824,11,212,18,52.99,62,117,18,100.00,7,7,18,48.15,13,27,+12.00,18,49.12,28,57,18,"8' 8""",483.583,56,214,18,"1' 11""",7.750,4,212,18,-.143,7,-1.00,18,51.72,15,29,18,"15' 1""",181.250,12,212,18,"7' 9""",225.917,29,212,18,54.55,12,22,18,+.561,57,+32.00,18,-.468,-4.211,9
Brendan Steele,40,"6' 3""",4.798,64,127,40,58.45,128,219,40,100.00,10,10,40,54.72,29,53,+22.00,40,49.38,40,81,40,"6' 7""","1,052.000",159,137,40,"2' 4""",18.583,8,127,40,-.100,10,-1.00,40,65.00,52,80,40,"7' 10""",282.417,36,127,40,"6' 11""",351.167,51,127,40,54.17,26,48,40,+.556,81,+45.00,40,-.040,-1.272,32
Billy Horschel,45,"6' 4""",4.120,54,159,45,57.09,145,254,45,93.75,15,16,45,50.00,38,76,+31.00,45,57.81,37,64,47,"7' 1""","1,227.917",173,140,45,"5' 2""",57.083,11,159,45,-.063,16,-1.00,45,55.26,42,76,45,"8' 4""",356.917,43,159,45,"8' 2""",392.917,48,159,45,45.00,18,40,45,+.422,64,+27.00,45,.191,4.783,25
Aaron Baddeley,33,"6' 4""",4.478,59,42,33,63.77,132,207,33,91.67,11,12,33,60.00,36,60,+12.00,33,61.04,47,77,35,"6' 9""","1,143.250",169,38,33,"2' 5""",9.583,4,42,33,E,12,E,33,60.00,42,70,33,"7' 0""",322.083,46,42,33,"8' 2""",384.167,47,42,33,65.96,31,47,33,+.403,77,+31.00,33,.822,18.905,23
Patrick Cantlay,20,"6' 4""",2.900,38,141,20,57.78,52,90,20,92.86,13,14,20,50.00,13,26,E,20,41.38,12,29,20,"8' 10""",935.000,106,154,20,"1' 2""",15.000,13,141,20,-.214,14,-3.00,20,60.00,21,35,20,"11' 0""",241.583,22,141,20,"13' 3""",436.750,33,141,20,50.00,6,12,20,+.552,29,+16.00,20,.235,4.227,18
Dominic Bozzelli,32,"6' 4""",2.823,37,205,32,53.70,116,216,32,95.00,19,20,32,41.54,27,65,+29.00,32,54.88,45,82,32,"8' 3""","1,092.750",132,208,32,"2' 0""",13.750,7,205,32,+.050,20,+1.00,32,49.23,32,65,32,"10' 1""",374.167,37,205,32,"9' 2""",469.583,51,205,32,42.55,20,47,32,+.500,82,+41.00,32,-.255,-5.091,20
Daniel Berger,38,"6' 4""",4.885,64,10,38,66.82,141,211,38,92.86,13,14,38,60.00,33,55,+10.00,38,70.51,55,78,42,"7' 0""","1,496.250",215,3,38,"2' 1""",29.083,14,10,38,E,14,E,38,60.87,42,69,38,"9' 4""",381.000,41,10,38,"7' 7""",502.167,66,10,38,58.82,20,34,38,+.244,78,+19.00,38,.192,5.758,30
Chase Seiffert,44,"6' 4""",3.360,44,179,44,55.69,142,255,44,84.21,16,19,44,40.30,27,67,+31.00,44,56.41,66,117,44,"7' 7""","1,121.333",148,186,44,"3' 10""",19.333,5,179,44,+.105,19,+2.00,44,58.21,39,67,44,"9' 10""",402.167,41,179,44,"7' 3""",419.833,58,179,44,40.38,21,52,44,+.436,117,+51.00,44,-.321,-8.343,26
Kramer Hickok,39,"6' 4""",3.948,52,33,39,64.43,163,253,39,100.00,28,28,39,52.73,29,55,+16.00,39,64.13,59,92,39,"6' 7""","1,050.917",160,34,39,"4' 4""",73.083,17,33,39,-.036,28,-1.00,39,59.77,52,87,39,"7' 10""",258.750,33,33,39,"6' 9""",390.083,58,33,39,52.17,24,46,39,+.380,92,+35.00,39,.423,10.992,26
Scottie Scheffler,52,"6' 5""",5.304,69,58,52,62.50,180,288,52,86.67,26,30,52,52.17,48,92,+29.00,52,58.33,56,96,52,"7' 5""","1,708.917",231,66,52,"3' 2""",72.500,23,58,52,+.033,30,+1.00,52,68.89,62,90,52,"9' 11""",623.917,63,58,52,"7' 6""",570.500,76,58,52,50.70,36,71,52,+.438,96,+42.00,52,-.023,-.934,40
David Lingmerth,19,"6' 5""",.918,12,143,19,57.69,60,104,19,80.00,12,15,19,47.37,9,19,+9.00,19,48.89,22,45,19,"7' 9""",379.667,49,156,19,"4' 1""",16.167,4,143,19,+.200,15,+3.00,19,60.00,18,30,19,"8' 5""",101.250,12,143,19,"8' 10""",185.750,21,143,19,57.14,8,14,19,+.556,45,+25.00,19,-.429,-4.289,10
Russell Henley,35,"6' 5""",3.852,50,60,35,62.16,115,185,35,95.45,21,22,35,43.48,20,46,+16.00,35,60.32,38,63,37,"6' 9""","1,175.083",174,70,35,"1' 7""",38.833,24,60,35,-.045,22,-1.00,35,62.50,40,64,35,"11' 6""",402.417,35,60,35,"6' 3""",332.583,53,60,35,50.00,16,32,35,+.413,63,+26.00,35,.195,5.842,30
Charles Howell III,47,"6' 5""",5.146,67,121,47,58.63,146,249,47,69.23,9,13,47,52.46,32,61,+17.00,47,54.17,39,72,49,"7' 1""","1,387.417",197,120,47,"3' 6""",41.750,12,121,47,+.308,13,+4.00,47,60.00,45,75,47,"9' 10""",382.500,39,121,47,"6' 11""",471.083,68,121,47,50.00,17,34,47,+.486,72,+35.00,47,.327,9.166,28
Matt Jones,50,"6' 5""",8.236,107,96,50,60.07,182,303,50,86.67,13,15,50,58.24,53,91,+16.00,50,58.33,49,84,54,"7' 6""","2,007.000",269,103,50,"4' 10""",48.167,10,96,50,+.133,15,+2.00,50,60.48,75,124,50,"9' 1""",535.167,59,96,50,"8' 4""",567.250,68,96,50,54.84,34,62,50,+.464,84,+39.00,50,.147,5.583,38
Brandt Snedeker,29,"6' 5""",4.977,65,57,29,62.57,107,171,29,100.00,16,16,29,54.72,29,53,+12.00,29,50.91,28,55,31,"7' 0""","1,343.750",193,50,29,"2' 4""",35.167,15,57,29,-.250,16,-4.00,29,61.90,39,63,29,"7' 2""",327.833,46,57,29,"9' 4""",484.417,52,57,29,64.86,24,37,29,+.491,55,+27.00,29,.706,18.359,26
Kevin Kisner,39,"6' 5""",4.086,53,52,39,63.11,154,244,39,81.82,18,22,39,56.45,35,62,+21.00,39,66.67,44,66,41,"6' 6""","1,033.333",160,41,39,"2' 8""",48.083,18,52,39,E,22,E,39,66.67,44,66,39,"9' 4""",317.333,34,52,39,"6' 3""",243.000,39,52,39,57.50,23,40,39,+.333,66,+22.00,39,.121,2.655,22
Chris Kirk,19,"6' 5""",2.397,31,50,19,63.30,69,109,19,100.00,7,7,19,52.78,19,36,+12.00,19,55.56,20,36,19,"7' 6""",567.083,76,53,19,"2' 3""",8.833,4,50,19,E,7,E,19,71.79,28,39,19,"8' 9""",227.250,26,50,19,"8' 9""",131.250,15,50,19,51.85,14,27,19,+.528,36,+19.00,19,-.027,-.330,12
Branden Grace,27,"6' 5""",2.384,31,137,27,58.00,87,150,27,78.57,11,14,27,54.72,29,53,+12.00,27,60.42,29,48,31,"7' 2""","1,027.750",143,112,27,"4' 0""",48.417,12,137,27,+.214,14,+3.00,27,44.74,17,38,27,"9' 5""",338.333,36,137,27,"8' 0""",303.667,38,137,27,51.43,18,35,27,+.396,48,+19.00,27,.233,4.435,19
Kevin Tway,36,"6' 5""",6.135,80,184,36,55.56,135,243,36,100.00,9,9,36,45.76,27,59,+20.00,36,52.00,26,50,38,"7' 8""","1,446.917",188,191,36,"2' 5""",24.000,10,184,36,E,9,E,36,60.00,45,75,36,"10' 7""",370.167,35,184,36,"9' 4""",468.417,50,184,36,41.38,12,29,36,+.420,50,+21.00,36,.294,6.773,23
Michael Thompson,32,"6' 5""",4.380,57,106,32,59.61,121,203,32,100.00,20,20,32,53.23,33,62,+22.00,32,63.08,41,65,36,"7' 0""","1,400.500",199,68,32,"2' 0""",31.500,16,106,32,-.150,20,-3.00,32,47.83,33,69,32,"11' 11""",476.417,40,106,32,"6' 4""",378.000,60,106,32,56.25,27,48,32,+.369,65,+24.00,32,.085,2.214,26
Gary Woodland,34,"6' 6""",3.441,44,17,34,65.68,111,169,34,100.00,15,15,34,57.41,31,54,+14.00,34,65.12,28,43,38,"6' 11""","1,095.667",158,53,34,"2' 9""",46.083,17,17,34,-.067,15,-1.00,34,51.92,27,52,34,"7' 6""",240.333,32,17,34,"8' 5""",410.750,49,17,34,65.38,17,26,34,+.372,43,+16.00,34,-.180,-4.496,25
Sergio Garcia,22,"6' 6""",1.409,18,140,22,57.81,74,128,22,85.71,6,7,22,52.38,22,42,+7.00,22,58.33,14,24,26,"6' 3""",623.583,100,101,22,"1' 10""",9.167,5,140,22,+.429,7,+3.00,22,66.67,12,18,22,"7' 3""",108.917,15,140,22,"7' 5""",236.667,32,140,22,66.67,8,12,22,+.458,24,+11.00,22,.115,1.150,10
Vaughn Taylor,49,"6' 6""",4.782,61,133,49,58.23,184,316,49,86.96,20,23,49,47.66,51,107,+47.00,49,59.55,53,89,53,"7' 4""","1,644.167",223,125,49,"2' 8""",50.500,19,133,49,+.087,23,+2.00,49,56.98,49,86,49,"10' 3""",594.083,58,133,49,"8' 0""",498.083,62,133,49,48.48,32,66,49,+.438,89,+39.00,49,-.144,-4.603,32
J.J. Henry,21,"6' 6""",1.719,22,195,21,54.84,68,124,21,87.50,7,8,21,27.78,10,36,+24.00,21,68.75,33,48,21,"9' 6""",624.250,66,197,21,"2' 6""",7.417,3,195,21,+.125,8,+1.00,21,47.37,18,38,21,"16' 8""",333.167,20,195,21,"6' 8""",140.417,21,195,21,33.33,10,30,21,+.292,48,+14.00,21,-.326,-3.912,12
Tim Wilkinson,32,"6' 6""",2.650,34,48,32,63.35,121,191,32,91.67,22,24,32,45.10,23,51,+18.00,32,65.28,47,72,32,"6' 9""",739.333,109,52,32,"2' 7""",28.500,11,48,32,+.083,24,+2.00,32,61.11,33,54,32,"8' 2""",245.250,30,48,32,"7' 2""",244.750,34,48,32,46.34,19,41,32,+.347,72,+25.00,32,.196,3.524,18
Byeong Hun An,51,"6' 6""",5.613,72,24,51,64.98,193,297,51,87.50,21,24,51,52.13,49,94,+23.00,51,65.93,60,91,53,"6' 8""","1,733.333",259,43,51,"2' 5""",50.500,21,24,51,-.042,24,-1.00,51,65.28,47,72,51,"8' 4""",485.500,58,24,51,"7' 2""",665.583,93,24,51,47.83,22,46,51,+.407,91,+37.00,51,.534,19.219,36
Mackenzie Hughes,34,"6' 7""",3.561,45,152,34,57.27,126,220,34,100.00,10,10,34,52.31,34,65,+15.00,34,56.67,51,90,38,"6' 11""","1,256.750",182,161,34,"5' 0""",25.167,5,152,34,-.100,10,-1.00,34,55.41,41,74,34,"8' 0""",351.250,44,152,34,"6' 11""",428.667,62,152,34,54.55,24,44,34,+.500,90,+45.00,34,.526,13.678,26
Ricky Barnes,28,"6' 7""",3.174,40,16,28,65.99,130,197,28,96.55,28,29,28,58.33,28,48,+16.00,28,58.90,43,73,28,"7' 1""",840.750,119,15,28,"1' 9""",29.250,17,16,28,-.138,29,-4.00,28,67.31,35,52,28,"10' 10""",313.417,29,16,28,"7' 1""",233.583,33,16,28,58.54,24,41,28,+.466,73,+34.00,28,.393,6.684,17
Ben Crane,17,"6' 7""",2.211,28,66,17,61.80,55,89,17,83.33,5,6,17,38.10,8,21,+11.00,17,71.43,25,35,17,"7' 4""",478.833,65,78,17,"3' 7""",21.417,6,66,17,+.167,6,+1.00,17,64.52,20,31,17,"9' 6""",113.500,12,66,17,"8' 5""",159.667,19,66,17,33.33,5,15,17,+.257,35,+9.00,17,-.233,-2.801,12
Rob Oppenheim,49,"6' 7""",5.300,67,55,49,62.62,196,313,49,90.91,30,33,49,52.56,41,78,+26.00,49,64.41,76,118,49,"6' 0""","1,296.583",216,61,49,"3' 1""",80.667,26,55,49,-.030,33,-1.00,49,52.48,53,101,49,"7' 8""",398.500,52,55,49,"5' 4""",375.750,71,55,49,60.66,37,61,49,+.322,118,+38.00,49,.565,18.638,33
Ryan Moore,30,"6' 7""",4.325,55,68,30,61.67,111,180,30,92.31,12,13,30,59.26,32,54,+8.00,30,60.61,20,33,32,"7' 7""","1,118.167",147,80,30,"2' 6""",27.833,11,68,30,-.077,13,-1.00,30,57.14,32,56,30,"9' 7""",307.417,32,68,30,"9' 3""",361.667,39,68,30,58.62,17,29,30,+.394,33,+13.00,30,.016,.310,20
Keegan Bradley,44,"6' 7""",6.919,88,104,44,59.70,160,268,44,86.21,25,29,44,57.14,40,70,+23.00,44,50.79,32,63,44,"6' 9""","1,525.333",225,109,44,"3' 2""",89.333,28,104,44,+.103,29,+3.00,44,57.47,50,87,44,"8' 10""",476.917,54,104,44,"6' 11""",382.500,55,104,44,65.96,31,47,44,+.460,63,+29.00,44,.285,9.408,33
Scott Brown,48,"6' 8""",7.714,96,91,48,60.44,191,316,48,82.35,28,34,48,45.78,38,83,+30.00,48,61.54,64,104,50,"7' 5""","1,934.083",261,91,48,"3' 2""",67.250,21,91,48,+.088,34,+3.00,48,61.82,68,110,48,"9' 1""",480.083,53,91,48,"9' 2""",660.917,72,91,48,48.44,31,64,48,+.462,104,+48.00,48,.042,1.424,34
Matt Every,30,"6' 8""",4.239,53,225,30,48.13,90,187,30,84.62,11,13,30,35.19,19,54,+33.00,30,50.00,33,66,32,"8' 9""","1,545.083",177,225,30,"3' 7""",50.667,14,225,30,+.077,13,+1.00,30,46.38,32,69,30,"12' 1""",458.833,38,225,30,"9' 11""",603.750,61,225,30,36.84,14,38,30,+.515,66,+34.00,30,-.164,-4.276,26
Sung Kang,49,"6' 8""",6.727,84,166,49,56.79,159,280,49,91.67,22,24,49,44.12,45,102,+35.00,49,53.16,42,79,51,"7' 7""","1,999.167",265,181,49,"2' 7""",53.417,21,166,49,-.250,24,-6.00,49,60.71,51,84,49,"9' 3""",564.333,61,166,49,"8' 2""",710.417,87,166,49,35.85,19,53,49,+.519,79,+41.00,49,-.200,-7.607,38
Matt Kuchar,30,"6' 8""",3.434,43,43,30,63.64,112,176,30,89.47,17,19,30,58.54,24,41,+8.00,30,59.21,45,76,34,"7' 7""","1,253.500",166,42,30,"1' 9""",26.333,15,43,30,E,19,E,30,66.67,34,51,30,"11' 9""",340.417,29,43,30,"8' 6""",432.833,51,43,30,53.33,16,30,30,+.474,76,+36.00,30,.101,2.327,23
Paul Casey,28,"6' 8""",2.557,32,193,28,55.03,82,149,28,100.00,17,17,28,35.71,15,42,+18.00,28,50.00,21,42,28,"7' 5""",804.167,108,195,28,"3' 6""",45.750,13,193,28,-.059,17,-1.00,28,62.50,20,32,28,"11' 2""",167.250,15,193,28,"7' 11""",378.083,48,193,28,26.67,4,15,28,+.548,42,+23.00,28,-.428,-6.845,16
Xander Schauffele,34,"6' 8""",4.302,54,12,34,66.46,109,164,34,100.00,16,16,34,55.56,30,54,+8.00,34,58.82,20,34,38,"7' 4""","1,277.083",174,25,34,"3' 7""",54.000,15,12,34,E,16,E,34,73.33,33,45,34,"9' 1""",363.750,40,12,34,"8' 7""",367.667,43,12,34,58.06,18,31,34,+.412,34,+14.00,34,.154,3.840,25
Aaron Wise,31,"6' 8""",2.650,33,168,31,56.69,89,157,31,72.73,8,11,31,51.16,22,43,+6.00,31,59.38,38,64,33,"8' 9""","1,146.417",131,179,31,"3' 10""",34.250,9,168,31,+.091,11,+1.00,31,53.70,29,54,31,"9' 9""",273.083,28,168,31,"10' 4""",508.000,49,168,31,50.00,14,28,31,+.391,64,+25.00,31,-.113,-2.253,20
Matt Wallace,16,"6' 9""",1.620,20,174,16,56.03,65,116,16,100.00,6,6,16,63.89,23,36,+14.00,16,55.56,15,27,20,"7' 0""",845.833,121,149,16,"4' 1""",32.833,8,174,16,-.167,6,-1.00,16,42.86,12,28,16,"7' 7""",205.167,27,174,16,"8' 4""",301.167,36,174,16,68.00,17,25,16,+.481,27,+13.00,16,.307,3.682,12
Matthew Fitzpatrick,28,"6' 9""",2.914,36,142,28,57.71,101,175,28,83.33,10,12,28,50.94,27,53,+22.00,28,52.38,22,42,32,"7' 9""","1,109.583",143,136,28,"2' 10""",34.000,12,142,28,+.083,12,+1.00,28,60.42,29,48,28,"8' 6""",247.000,29,142,28,"9' 9""",370.333,38,142,28,56.00,14,25,28,+.476,42,+20.00,28,.055,.985,18
Cameron Davis,40,"6' 9""",4.058,50,56,40,62.61,144,230,40,86.36,19,22,40,57.53,42,73,+17.00,40,59.57,56,94,40,"8' 4""","1,515.083",182,62,40,"2' 1""",24.667,12,56,40,-.045,22,-1.00,40,60.00,39,65,40,"10' 0""",491.333,49,56,40,"9' 4""",660.917,71,56,40,62.50,30,48,40,+.426,94,+40.00,40,.211,5.903,28
Joaquin Niemann,42,"6' 9""",5.173,64,119,42,58.67,132,225,42,85.71,18,21,42,53.03,35,66,+15.00,42,56.60,30,53,46,"8' 0""","1,622.583",203,111,42,"2' 10""",57.167,20,119,42,+.048,21,+1.00,42,55.26,42,76,42,"11' 7""",509.917,44,119,42,"9' 6""",553.000,58,119,42,56.76,21,37,42,+.472,53,+25.00,42,-.103,-3.189,31
Rory Sabbatini,46,"6' 9""",6.098,75,112,46,59.18,158,267,46,94.74,18,19,46,65.52,57,87,+20.00,46,50.85,30,59,50,"6' 8""","1,477.417",223,87,46,"3' 3""",58.833,18,112,46,-.053,19,-1.00,46,54.95,50,91,46,"6' 5""",382.833,60,112,46,"8' 10""",361.000,41,112,46,67.24,39,58,46,+.542,59,+32.00,46,.230,6.900,30
Martin Laird,39,"6' 9""",4.383,54,88,39,60.87,126,207,39,88.89,16,18,39,32.20,19,59,+26.00,39,69.33,52,75,39,"7' 8""","1,307.417",171,95,39,"2' 3""",41.167,18,88,39,-.111,18,-2.00,39,61.64,45,73,39,"11' 2""",492.500,44,88,39,"7' 5""",408.500,55,88,39,31.71,13,41,39,+.307,75,+23.00,39,-.023,-.663,29
Scott Harrington,48,"6' 9""",5.924,73,171,48,56.27,166,295,48,83.33,15,18,48,56.82,50,88,+16.00,48,47.06,56,119,48,"7' 10""","1,692.333",217,180,48,"2' 6""",38.000,15,171,48,E,18,E,48,61.05,58,95,48,"9' 6""",639.167,67,171,48,"8' 5""",521.500,62,171,48,60.66,37,61,48,+.563,119,+67.00,48,.023,.781,34
Kevin Stadler,20,"6' 9""",2.512,31,226,20,45.32,63,139,20,81.82,9,11,20,38.24,13,34,+20.00,20,39.62,21,53,20,"8' 2""",582.083,71,226,20,"2' 6""",20.083,8,226,20,E,11,E,20,45.83,22,48,20,"14' 3""",156.333,11,226,20,"9' 4""",196.333,21,226,20,42.31,11,26,20,+.698,53,+37.00,20,-.923,-10.153,11
Jimmy Walker,34,"6' 9""",4.289,53,210,34,53.21,116,218,34,93.33,14,15,34,40.51,32,79,+35.00,34,54.29,38,70,36,"7' 11""","1,455.583",184,213,34,"2' 4""",29.917,13,210,34,E,15,E,34,51.43,36,70,34,"10' 1""",574.833,57,210,34,"8' 7""",401.833,47,210,34,45.90,28,61,34,+.514,70,+36.00,34,-.035,-1.012,29
Andrew Landry,37,"6' 9""",6.310,78,64,37,61.84,141,228,37,88.46,23,26,37,39.62,21,53,+22.00,37,64.94,50,77,41,"7' 1""","1,645.667",231,57,37,"3' 3""",78.500,24,64,37,E,26,E,37,63.95,55,86,37,"11' 8""",453.917,39,64,37,"7' 2""",446.667,62,64,37,34.21,13,38,37,+.377,77,+29.00,37,-.094,-2.827,30
Harry Higgs,57,"6' 9""",7.436,92,39,57,64.04,219,342,57,92.00,23,25,57,46.73,50,107,+38.00,57,71.07,86,121,61,"7' 0""","2,076.917",295,39,57,"2' 2""",39.500,18,39,57,-.080,25,-2.00,57,66.12,80,121,57,"9' 1""",654.917,72,39,57,"6' 9""",549.333,81,39,57,42.25,30,71,57,+.380,121,+46.00,57,-.025,-1.075,43
Rhein Gibson,42,"6' 10""",3.134,38,109,42,59.40,158,266,42,84.62,22,26,42,56.58,43,76,+23.00,42,55.93,66,118,42,"7' 2""","1,127.167",158,113,42,"3' 3""",49.083,15,109,42,+.038,26,+1.00,42,59.70,40,67,42,"8' 6""",382.333,45,109,42,"7' 3""",434.583,60,109,42,56.60,30,53,42,+.466,118,+55.00,42,.236,6.148,26
Jhonattan Vegas,36,"6' 10""",4.021,49,172,36,56.04,116,207,36,93.75,15,16,36,39.68,25,63,+24.00,36,52.63,40,76,40,"7' 6""","1,293.750",173,141,36,"2' 1""",14.750,7,172,36,-.063,16,-1.00,36,65.63,42,64,36,"10' 11""",448.750,41,172,36,"7' 5""",372.500,50,172,36,37.50,15,40,36,+.447,76,+34.00,36,-.166,-3.819,23
Pat Perez,39,"6' 10""",3.853,47,124,39,58.53,127,217,39,90.91,10,11,39,51.52,34,66,+28.00,39,59.09,39,66,41,"7' 5""","1,122.250",151,138,39,"3' 3""",19.667,6,124,39,+.091,11,+1.00,39,57.41,31,54,39,"7' 6""",263.000,35,124,39,"8' 11""",428.917,48,124,39,52.38,22,42,39,+.424,66,+28.00,39,-.227,-5.445,24
Brian Gay,47,"6' 11""",6.135,74,115,47,58.86,176,299,47,87.50,21,24,47,40.45,36,89,+43.00,47,62.26,66,106,49,"7' 8""","1,881.583",245,152,47,"2' 8""",55.833,21,115,47,E,24,E,47,60.40,61,101,47,"10' 1""",647.583,64,115,47,"7' 10""",561.750,72,115,47,41.79,28,67,47,+.434,106,+46.00,47,-.020,-.671,34
Chez Reavie,47,"6' 11""",4.320,52,94,47,60.22,165,274,47,83.33,15,18,47,50.70,36,71,+20.00,47,56.00,42,75,51,"6' 7""","1,191.917",182,96,47,"3' 4""",43.167,13,94,47,-.056,18,-1.00,47,63.24,43,68,47,"9' 8""",300.417,31,94,47,"6' 0""",383.083,64,94,47,48.48,16,33,47,+.427,75,+32.00,47,.338,9.120,27
Jim Herman,38,"6' 11""",5.498,66,222,38,50.00,127,254,38,88.89,16,18,38,40.28,29,72,+43.00,38,45.78,38,83,42,"8' 4""","1,804.500",216,219,38,"3' 8""",40.667,11,222,38,-.056,18,-1.00,38,52.69,49,93,38,"11' 6""",655.333,57,222,38,"9' 5""",488.083,52,222,38,41.38,24,58,38,+.566,83,+47.00,38,-.734,-22.025,30
Dylan Frittelli,52,"6' 11""",8.701,105,61,52,62.01,204,329,52,91.67,22,24,52,54.26,51,94,+21.00,52,59.30,51,86,56,"7' 0""","2,065.500",294,49,52,"2' 5""",43.667,18,61,52,-.083,24,-2.00,52,61.42,78,127,52,"8' 2""",547.833,67,61,52,"8' 0""",597.333,75,61,52,56.14,32,57,52,+.407,86,+35.00,52,.249,9.447,38
Talor Gooch,54,"6' 11""",7.409,89,122,54,58.60,184,314,54,94.12,16,17,54,53.00,53,100,+35.00,54,53.27,57,107,56,"7' 3""","2,117.417",293,109,54,"2' 4""",41.250,18,122,54,-.059,17,-1.00,54,63.16,72,114,54,"8' 8""",713.750,82,122,54,"7' 9""",694.583,90,122,54,52.00,39,75,54,+.495,107,+53.00,54,.140,6.424,46
Doug Ghim,32,"6' 11""",2.661,32,147,32,57.51,111,193,32,87.50,14,16,32,52.83,28,53,+23.00,32,51.43,36,70,32,"7' 10""",896.083,115,159,32,"2' 1""",18.833,9,147,32,-.063,16,-1.00,32,61.40,35,57,32,"8' 11""",286.583,32,147,32,"8' 9""",368.917,42,147,32,55.32,26,47,32,+.543,70,+38.00,32,-.003,-.055,20
Si Woo Kim,40,"7' 0""",5.743,68,131,40,58.24,159,273,40,92.86,13,14,40,51.16,44,86,+26.00,40,56.34,40,71,42,"7' 5""","1,550.250",209,134,40,"2' 4""",30.083,13,131,40,-.071,14,-1.00,40,58.76,57,97,40,"8' 9""",447.833,51,131,40,"8' 9""",506.083,58,131,40,50.00,23,46,40,+.521,71,+37.00,40,.290,7.531,26
Andrew Putnam,32,"7' 0""",4.224,50,38,32,64.21,122,190,32,92.31,12,13,32,53.57,30,56,+25.00,32,66.67,22,33,34,"8' 5""","1,140.667",135,45,32,"2' 6""",25.333,10,38,32,+.077,13,+1.00,32,78.26,36,46,32,"9' 8""",309.083,32,38,32,"11' 3""",327.417,29,38,32,45.16,14,31,32,+.364,33,+12.00,32,-.103,-1.858,18
Kevin Chappell,31,"7' 0""",3.452,41,139,31,57.92,117,202,31,100.00,17,17,31,47.27,26,55,+18.00,31,56.94,41,72,33,"7' 8""","1,215.500",158,132,31,"1' 8""",18.667,11,139,31,-.235,17,-4.00,31,54.05,40,74,31,"11' 9""",400.583,34,139,31,"7' 1""",401.833,57,139,31,50.00,19,38,31,+.431,72,+31.00,31,-.069,-1.528,22
Cameron Tringale,46,"7' 0""",5.385,64,23,46,65.00,169,260,46,93.94,31,33,46,56.25,36,64,+20.00,46,58.00,58,100,46,"6' 9""","1,540.167",229,29,46,"2' 11""",76.000,26,23,46,-.091,33,-3.00,46,66.67,54,81,46,"8' 7""",435.917,51,23,46,"6' 7""",579.500,88,23,46,56.52,26,46,46,+.450,100,+45.00,46,.162,5.821,36
Chris Baker,37,"7' 0""",4.050,48,122,37,58.60,126,215,37,87.50,14,16,37,50.88,29,57,+21.00,37,56.32,49,87,37,"8' 1""","1,193.500",147,133,37,"4' 2""",41.667,10,122,37,+.063,16,+1.00,37,59.09,39,66,37,"11' 0""",395.750,36,122,37,"7' 11""",418.583,53,122,37,54.55,24,44,37,+.448,87,+39.00,37,.029,.605,21
Graeme McDowell,30,"7' 0""",3.345,40,209,30,53.40,102,191,30,93.75,15,16,30,29.41,15,51,+29.00,30,47.17,25,53,32,"8' 0""","1,203.750",150,210,30,"2' 8""",42.083,16,209,30,-.063,16,-1.00,30,60.32,38,63,30,"11' 1""",387.917,35,209,30,"9' 0""",424.583,47,209,30,35.29,12,34,30,+.585,53,+31.00,30,-.077,-1.465,19
Johnson Wagner,19,"7' 1""",1.537,18,95,19,60.19,65,108,19,78.95,15,19,19,37.04,10,27,+16.00,19,59.46,22,37,19,"9' 1""",444.167,49,100,19,"3' 11""",23.333,6,95,19,+.158,19,+3.00,19,63.33,19,30,19,"11' 6""",126.250,11,95,19,"11' 11""",166.500,14,95,19,40.91,9,22,19,+.459,37,+17.00,19,-.310,-3.100,10
Patrick Rodgers,65,"7' 1""",10.419,123,120,65,58.66,227,387,65,100.00,33,33,65,52.87,46,87,+21.00,65,56.58,86,152,67,"7' 5""","2,451.917",331,124,65,"2' 4""",52.083,22,120,65,-.061,33,-2.00,65,55.71,78,140,65,"8' 7""",577.417,67,120,65,"8' 0""",814.833,102,120,65,50.85,30,59,65,+.461,152,+70.00,65,.056,2.757,49
Robby Shelton,51,"7' 1""",6.736,79,198,51,54.46,165,303,51,84.85,28,33,51,50.67,38,75,+26.00,51,46.60,48,103,51,"8' 1""","1,772.833",220,203,51,"2' 6""",55.333,22,198,51,+.091,33,+3.00,51,55.45,61,110,51,"11' 3""",561.250,50,198,51,"8' 7""",594.917,69,198,51,50.91,28,55,51,+.583,103,+60.00,51,-.343,-12.681,37
Maverick McNealy,54,"7' 2""",5.603,65,13,54,66.45,208,313,54,84.62,22,26,54,63.73,65,102,+22.00,54,62.28,71,114,58,"7' 7""","1,825.917",240,11,54,"2' 7""",44.583,17,13,54,E,26,E,54,67.02,63,94,54,"9' 1""",599.000,66,13,54,"8' 1""",516.167,64,13,54,66.67,52,78,54,+.412,114,+47.00,54,.135,4.859,36
Luke List,41,"7' 2""",6.847,80,160,41,57.08,133,233,41,85.71,12,14,41,58.21,39,67,+17.00,41,54.41,37,68,43,"7' 0""","1,407.667",202,141,41,"2' 11""",32.500,11,160,41,E,14,E,41,55.32,52,94,41,"6' 10""",266.250,39,160,41,"8' 4""",442.167,53,160,41,63.41,26,41,41,+.574,68,+39.00,41,.067,2.084,31
J.B. Holmes,24,"7' 2""",3.612,42,131,24,58.24,99,170,24,93.75,15,16,24,44.90,22,49,+14.00,24,58.33,35,60,24,"7' 11""","1,041.917",131,145,24,"3' 6""",52.083,15,131,24,-.063,16,-1.00,24,57.69,30,52,24,"9' 2""",237.917,26,131,24,"9' 5""",450.917,48,131,24,40.74,11,27,24,+.417,60,+25.00,24,-.014,-.275,19
Patton Kizzire,37,"7' 2""",4.798,56,182,37,55.65,138,248,37,100.00,19,19,37,48.33,29,60,+28.00,37,49.44,44,89,39,"8' 4""","1,694.583",203,171,37,"2' 9""",47.167,17,182,37,-.053,19,-1.00,37,56.57,56,99,37,"11' 2""",513.500,46,182,37,"9' 8""",580.000,60,182,37,50.00,19,38,37,+.584,89,+52.00,37,-.066,-1.919,29
Kyle Stanley,37,"7' 2""",4.911,57,126,37,58.46,114,195,37,73.91,17,23,37,52.54,31,59,+13.00,37,51.79,29,56,39,"8' 1""","1,361.167",168,128,37,"4' 10""",72.500,15,126,37,+.217,23,+5.00,37,59.46,44,74,37,"12' 10""",551.417,43,126,37,"6' 2""",259.500,42,126,37,57.14,24,42,37,+.464,56,+26.00,37,-.026,-.693,27
Jamie Lovemark,20,"7' 2""",2.755,32,87,20,60.90,81,133,20,100.00,9,9,20,60.00,24,40,+12.00,20,47.92,23,48,20,"7' 7""",882.833,116,93,20,"2' 11""",20.667,7,87,20,-.111,9,-1.00,20,73.17,30,41,20,"7' 1""",256.250,36,87,20,"9' 2""",376.333,41,87,20,54.29,19,35,20,+.563,48,+27.00,20,.143,2.719,19
Charley Hoffman,41,"7' 3""",5.625,65,213,41,52.70,127,241,41,91.67,22,24,41,50.63,40,79,+23.00,41,44.12,30,68,43,"8' 0""","1,694.583",211,215,41,"3' 7""",74.500,21,213,41,E,24,E,41,51.90,41,79,41,"9' 8""",520.750,54,213,41,"9' 5""",548.333,58,213,41,50.00,25,50,41,+.662,68,+45.00,41,-.070,-2.088,30
Tyler Duncan,49,"7' 3""",6.637,76,151,49,57.29,169,295,49,96.88,31,32,49,44.44,32,72,+33.00,49,52.38,55,105,53,"7' 2""","1,661.250",233,122,49,"1' 9""",37.000,21,151,49,-.063,32,-2.00,49,57.89,55,95,49,"9' 0""",439.833,49,151,49,"7' 9""",509.333,66,151,49,47.46,28,59,49,+.524,105,+55.00,49,-.282,-10.140,36
Sebastián Muñoz,52,"7' 3""",9.122,105,32,52,64.52,200,310,52,84.85,28,33,52,54.55,36,66,+17.00,52,61.34,73,119,56,"7' 6""","2,456.917",326,24,52,"3' 5""",111.583,33,32,52,+.061,33,+2.00,52,65.14,71,109,52,"10' 3""",541.833,53,32,52,"8' 4""",862.500,104,32,52,59.57,28,47,52,+.403,119,+48.00,52,.033,1.533,46
Nelson Ledesma,34,"7' 3""",3.461,40,160,34,57.08,133,233,34,88.89,16,18,34,51.32,39,76,+27.00,34,64.63,53,82,34,"8' 10""",997.500,113,168,34,"3' 0""",23.917,8,160,34,+.056,18,+1.00,34,47.83,33,69,34,"10' 0""",298.750,30,160,34,"11' 0""",386.417,35,160,34,50.82,31,61,34,+.378,82,+31.00,34,-.572,-10.296,18
Collin Morikawa,48,"7' 3""",7.408,85,93,48,60.24,153,254,48,100.00,19,19,48,55.42,46,83,+23.00,48,54.69,35,64,52,"6' 10""","1,750.250",257,98,48,"2' 8""",47.750,18,93,48,-.158,19,-3.00,48,62.50,45,72,48,"7' 1""",430.000,61,93,48,"7' 8""",520.000,68,93,48,55.17,32,58,48,+.469,64,+30.00,48,.039,1.528,39
Beau Hossler,53,"7' 4""",6.984,79,130,53,58.31,193,331,53,92.11,35,38,53,52.81,47,89,+31.00,53,54.63,59,108,53,"8' 2""","1,897.833",232,144,53,"2' 4""",42.167,18,130,53,+.053,38,+2.00,53,55.36,62,112,53,"9' 2""",534.000,58,130,53,"9' 7""",739.667,77,130,53,53.62,37,69,53,+.500,108,+54.00,53,-.129,-4.507,35
Martin Trainer,34,"7' 4""",7.872,89,204,34,53.72,159,296,34,91.67,22,24,34,50.98,26,51,+23.00,34,51.72,60,116,36,"7' 6""","1,873.083",250,206,34,"3' 0""",72.750,24,204,34,E,24,E,34,52.21,59,113,34,"11' 4""",352.000,31,204,34,"7' 6""",624.333,83,204,34,47.37,18,38,34,+.534,116,+62.00,34,-.043,-1.158,27
Roger Sloan,33,"7' 4""",3.978,45,80,33,61.21,131,214,33,93.33,14,15,33,54.55,36,66,+30.00,33,59.74,46,77,35,"6' 7""",959.250,145,72,33,"2' 9""",30.083,11,80,33,-.067,15,-1.00,33,64.79,46,71,33,"7' 9""",239.417,31,80,33,"6' 10""",329.000,48,80,33,49.02,25,51,33,+.429,77,+33.00,33,.155,3.093,20
Peter Uihlein,33,"7' 5""",4.271,48,113,33,59.04,111,188,33,89.47,17,19,33,60.47,26,43,+7.00,33,52.11,37,71,33,"7' 9""","1,003.417",129,121,33,"2' 2""",25.583,12,113,33,-.105,19,-2.00,33,57.58,38,66,33,"8' 11""",239.750,27,113,33,"9' 1""",382.167,42,113,33,61.29,19,31,33,+.507,71,+36.00,33,.492,11.314,23
Jason Kokrak,37,"7' 5""",4.648,52,78,37,61.24,128,209,37,73.33,11,15,37,50.00,30,60,+24.00,37,74.00,37,50,39,"8' 0""","1,374.000",171,89,37,"3' 8""",54.750,15,78,37,+.200,15,+3.00,37,57.14,36,63,37,"10' 3""",421.167,41,78,37,"7' 10""",397.833,51,78,37,56.76,21,37,37,+.280,50,+14.00,37,-.275,-7.160,26
John Senden,25,"7' 5""",1.422,16,187,25,55.42,92,166,25,77.78,14,18,25,44.44,20,45,+17.00,25,59.15,42,71,25,"8' 3""",636.000,77,190,25,"4' 6""",40.167,9,187,25,+.222,18,+4.00,25,50.00,21,42,25,"12' 3""",196.417,16,187,25,"7' 10""",280.917,36,187,25,44.12,15,34,25,+.408,71,+29.00,25,-.599,-7.189,12
Marc Leishman,35,"7' 5""",5.719,64,73,35,61.36,135,220,35,93.75,15,16,35,46.88,30,64,+20.00,35,55.93,33,59,35,"7' 7""","1,293.333",171,84,35,"2' 2""",26.000,12,73,35,-.125,16,-2.00,35,70.77,46,65,35,"8' 8""",304.750,35,73,35,"8' 1""",486.000,60,73,35,59.38,19,32,35,+.492,59,+29.00,35,-.134,-3.481,26
Robert Garrigus,19,"7' 5""",.885,10,192,19,55.04,71,129,19,69.23,9,13,19,37.84,14,37,+13.00,19,64.58,31,48,19,"7' 9""",519.833,67,194,19,"3' 9""",41.167,11,192,19,+.308,13,+4.00,19,50.00,21,42,19,"11' 7""",197.500,17,192,19,"7' 2""",207.417,29,192,19,38.46,10,26,19,+.354,48,+17.00,19,.260,2.597,10
Jonathan Byrd,19,"7' 5""",2.133,24,163,19,57.02,65,114,19,100.00,11,11,19,56.67,17,30,+9.00,19,50.00,21,42,19,"7' 4""",474.083,65,169,19,"2' 3""",13.250,6,163,19,-.091,11,-1.00,19,51.35,19,37,19,"9' 4""",111.833,12,163,19,"7' 5""",171.250,23,163,19,60.87,14,23,19,+.476,42,+20.00,19,-.206,-2.475,12
Lanto Griffin,60,"7' 5""",10.330,116,15,60,66.13,248,375,60,92.31,36,39,60,58.26,67,115,+13.00,60,64.23,79,123,62,"7' 4""","2,499.167",340,18,60,"3' 2""",108.750,34,15,60,-.077,39,-3.00,60,62.04,85,137,60,"8' 5""",731.333,87,15,60,"8' 1""",709.750,88,15,60,63.16,48,76,60,+.390,123,+48.00,60,.090,4.301,48
Ben Taylor,36,"7' 5""",2.833,32,138,36,57.95,113,195,36,91.67,22,24,36,49.09,27,55,+23.00,36,53.52,38,71,36,"7' 6""",843.917,112,153,36,"2' 11""",29.000,10,138,36,-.083,24,-2.00,36,53.45,31,58,36,"8' 9""",280.083,32,138,36,"7' 10""",298.750,38,138,36,52.38,22,42,36,+.521,71,+37.00,36,-.150,-3.308,22
J.T. Poston,50,"7' 5""",7.965,90,73,50,61.36,181,295,50,100.00,13,13,50,57.14,48,84,+13.00,50,59.52,50,84,54,"7' 3""","1,890.667",260,48,50,"3' 6""",45.167,13,73,50,-.077,13,-1.00,50,60.00,63,105,50,"8' 2""",442.500,54,73,50,"8' 9""",594.917,68,73,50,68.09,32,47,50,+.452,84,+38.00,50,.098,3.446,35
Cameron Champ,42,"7' 5""",7.885,89,118,42,58.70,135,230,42,86.96,20,23,42,40.98,25,61,+21.00,42,58.67,44,75,42,"8' 4""","1,830.333",219,130,42,"3' 5""",71.083,21,118,42,+.130,23,+3.00,42,60.00,54,90,42,"9' 8""",426.500,44,118,42,"10' 5""",675.667,65,118,42,40.48,17,42,42,+.453,75,+34.00,42,-.268,-8.840,33
Keith Mitchell,42,"7' 6""",7.367,82,170,42,56.67,153,270,42,81.25,13,16,42,52.17,36,69,+27.00,42,55.41,41,74,44,"8' 8""","1,687.333",194,173,42,"4' 1""",61.833,15,170,42,+.063,16,+1.00,42,51.55,50,97,42,"12' 3""",490.167,40,170,42,"9' 11""",425.917,43,170,42,52.63,20,38,42,+.486,74,+36.00,42,-.610,-17.086,28
Chesson Hadley,42,"7' 6""",5.853,65,218,42,51.14,112,219,42,82.35,14,17,42,42.67,32,75,+28.00,42,45.90,28,61,46,"8' 4""","1,647.083",197,216,42,"2' 4""",25.833,11,218,42,E,17,E,42,60.26,47,78,42,"9' 0""",431.667,48,218,42,"11' 4""",578.083,51,218,42,34.15,14,41,42,+.656,61,+40.00,42,-.045,-1.340,30
Harris English,44,"7' 6""",7.389,82,29,44,64.68,141,218,44,93.33,14,15,44,46.77,29,62,+12.00,44,66.67,46,69,48,"7' 3""","1,710.250",236,16,44,"4' 1""",68.833,17,29,44,E,15,E,44,63.27,62,98,44,"8' 6""",425.250,50,29,44,"7' 5""",474.917,64,29,44,52.78,19,36,44,+.304,69,+21.00,44,.149,5.372,36
Lucas Glover,43,"7' 6""",3.969,44,189,43,55.33,135,244,43,76.47,13,17,43,48.19,40,83,+24.00,43,52.63,30,57,47,"7' 3""","1,309.583",180,146,43,"1' 10""",16.500,9,189,43,+.118,17,+2.00,43,46.30,25,54,43,"8' 6""",399.750,47,189,43,"8' 4""",414.667,50,189,43,53.19,25,47,43,+.526,57,+30.00,43,-.356,-9.254,26
Fabián Gómez,43,"7' 6""",6.397,71,82,43,61.09,157,257,43,90.48,19,21,43,60.00,39,65,+13.00,43,64.21,61,95,43,"6' 8""","1,201.917",181,89,43,"2' 11""",43.417,15,82,43,+.048,21,+1.00,43,56.99,53,93,43,"7' 1""",283.500,40,82,43,"6' 3""",341.917,55,82,43,50.00,24,48,43,+.358,95,+34.00,43,.298,8.050,27
George McNeill,22,"7' 7""",2.836,31,144,22,57.63,68,118,22,87.50,14,16,22,40.74,11,27,+10.00,22,56.52,26,46,22,"7' 11""",599.917,76,158,22,"3' 0""",27.083,9,144,22,+.063,16,+1.00,22,55.56,20,36,22,"10' 9""",118.417,11,144,22,"8' 9""",218.083,25,144,22,44.44,8,18,22,+.500,46,+23.00,22,-.269,-3.497,13
Robert Streb,40,"7' 7""",4.563,50,194,40,54.98,127,231,40,83.33,20,24,40,38.03,27,71,+34.00,40,65.38,51,78,40,"7' 3""","1,077.250",148,196,40,"2' 6""",39.417,16,194,40,+.125,24,+3.00,40,47.89,34,71,40,"10' 10""",356.333,33,194,40,"6' 2""",301.250,49,194,40,38.60,22,57,40,+.397,78,+31.00,40,-.245,-5.399,22
Max Homa,44,"7' 7""",7.654,84,145,44,57.62,155,269,44,92.86,13,14,44,56.25,36,64,+20.00,44,53.52,38,71,48,"8' 1""","1,836.917",227,151,44,"6' 7""",104.917,16,145,44,E,14,E,44,60.67,54,89,44,"9' 10""",413.667,42,145,44,"9' 2""",559.500,61,145,44,57.50,23,40,44,+.521,71,+37.00,44,-.415,-12.868,31
Jon Rahm,22,"7' 7""",4.553,50,34,22,64.35,74,115,22,93.33,14,15,22,64.00,16,25,+2.00,22,54.35,25,46,26,"7' 10""","1,218.917",156,26,22,"2' 4""",36.917,16,34,22,E,15,E,22,70.00,28,40,22,"9' 6""",189.667,20,34,22,"9' 10""",509.667,52,34,22,50.00,7,14,22,+.435,46,+20.00,22,.144,3.027,21
Bryson DeChambeau,30,"7' 7""",6.722,74,5,30,67.50,108,160,30,90.91,10,11,30,63.46,33,52,+5.00,30,66.00,33,50,34,"7' 8""","1,659.667",216,5,30,"3' 1""",27.833,9,5,30,-.091,11,-1.00,30,64.06,41,64,30,"9' 1""",391.583,43,5,30,"8' 3""",568.417,69,5,30,68.57,24,35,30,+.280,50,+14.00,30,.072,2.161,30
Bronson Burgoon,37,"7' 8""",5.134,56,86,37,60.93,131,215,37,82.61,19,23,37,59.57,28,47,+9.00,37,59.34,54,91,39,"6' 10""","1,356.083",198,88,37,"2' 8""",55.667,21,86,37,+.087,23,+2.00,37,60.94,39,64,37,"8' 0""",263.833,33,86,37,"7' 1""",526.583,74,86,37,51.35,19,37,37,+.396,91,+36.00,37,.173,5.005,29
Danny Lee,42,"7' 8""",7.578,82,47,42,63.39,161,254,42,100.00,12,12,42,58.75,47,80,+10.00,42,59.70,40,67,46,"7' 9""","1,684.250",218,60,42,"2' 8""",31.500,12,47,42,E,12,E,42,59.34,54,91,42,"8' 8""",467.167,54,47,42,"8' 4""",434.667,52,47,42,62.79,27,43,42,+.388,67,+26.00,42,-.227,-6.367,28
Dustin Johnson,18,"7' 8""",2.943,32,90,18,60.53,69,114,18,86.67,13,15,18,58.06,18,31,+12.00,18,54.55,24,44,22,"7' 8""","1,026.500",134,70,18,"4' 0""",47.583,12,90,18,+.067,15,+1.00,18,50.00,17,34,18,"8' 5""",194.000,23,90,18,"10' 1""",413.333,41,90,18,71.43,15,21,18,+.500,44,+22.00,18,-.216,-3.458,16
Michael Gligic,36,"7' 8""",4.956,54,135,36,58.08,133,229,36,89.47,17,19,36,50.00,26,52,+26.00,36,52.69,49,93,38,"7' 11""","1,230.167",155,126,36,"2' 9""",22.000,8,135,36,+.105,19,+2.00,36,63.51,47,74,36,"8' 5""",261.083,31,135,36,"10' 0""",470.333,47,135,36,48.78,20,41,36,+.538,93,+50.00,36,-.277,-6.086,22
Henrik Norlander,48,"7' 9""",4.761,51,214,48,52.61,141,268,48,90.00,18,20,48,43.37,36,83,+34.00,48,50.00,53,106,48,"8' 6""","1,508.917",178,217,48,"3' 1""",45.833,15,214,48,+.100,20,+2.00,48,51.90,41,79,48,"9' 5""",461.583,49,214,48,"9' 7""",604.750,63,214,48,46.03,29,63,48,+.509,106,+54.00,48,-.269,-8.075,30
Ryan Brehm,42,"7' 9""",3.429,37,191,42,55.13,129,234,42,82.35,14,17,42,48.53,33,68,+39.00,42,54.55,48,88,42,"8' 10""","1,217.917",138,193,42,"2' 9""",33.083,12,191,42,+.118,17,+2.00,42,57.53,42,73,42,"10' 2""",398.000,39,191,42,"10' 0""",501.083,50,191,42,47.17,25,53,42,+.443,88,+39.00,42,-.239,-5.744,24
Seamus Power,22,"7' 9""",1.392,15,215,22,52.34,67,128,22,83.33,15,18,22,46.67,14,30,+11.00,22,54.35,25,46,22,"6' 7""",389.583,59,218,22,"2' 7""",23.167,9,215,22,+.056,18,+1.00,22,47.62,20,42,22,"8' 5""",108.917,13,215,22,"6' 5""",141.500,22,215,22,36.84,7,19,22,+.500,46,+23.00,22,.298,3.282,11
Cameron Percy,37,"7' 9""",4.735,51,62,37,61.98,119,192,37,88.46,23,26,37,45.45,20,44,+22.00,37,62.50,35,56,37,"7' 8""","1,093.417",143,75,37,"2' 4""",47.083,20,62,37,+.038,26,+1.00,37,61.43,43,70,37,"9' 1""",254.500,28,62,37,"9' 0""",397.250,44,62,37,46.15,18,39,37,+.375,56,+21.00,37,-.295,-7.384,25
Sam Ryder,52,"7' 9""",8.637,93,82,52,61.09,190,311,52,91.67,22,24,52,46.58,34,73,+26.00,52,59.46,66,111,56,"8' 2""","2,119.083",260,64,52,"3' 6""",38.500,11,82,52,-.042,24,-1.00,52,61.11,77,126,52,"10' 4""",516.583,50,82,52,"9' 0""",713.500,79,82,52,52.08,25,48,52,+.459,111,+51.00,52,-.095,-3.617,38
Doc Redman,56,"7' 9""",8.497,91,155,56,57.19,175,306,56,91.67,22,24,56,54.02,47,87,+33.00,56,56.60,60,106,60,"7' 10""","2,095.667",267,160,56,"2' 1""",31.000,15,155,56,-.125,24,-3.00,56,50.91,56,110,56,"8' 4""",498.167,60,155,56,"8' 10""",683.250,77,155,56,56.06,37,66,56,+.509,106,+54.00,56,-.337,-14.835,44
J.J. Spaun,42,"7' 10""",6.194,66,220,42,50.97,131,257,42,72.00,18,25,42,49.21,31,63,+23.00,42,48.08,50,104,44,"8' 5""","1,915.333",227,220,42,"3' 11""",74.417,19,220,42,+.280,25,+7.00,42,52.56,41,78,42,"10' 4""",453.417,44,220,42,"9' 9""",788.250,81,220,42,46.81,22,47,42,+.558,104,+58.00,42,-.488,-15.624,32
Bud Cauley,42,"7' 10""",6.300,67,9,42,67.05,173,258,42,80.00,16,20,42,65.38,51,78,+14.00,42,67.31,70,104,44,"6' 9""","1,738.000",258,13,42,"2' 9""",49.500,18,9,42,+.100,20,+2.00,42,66.67,48,72,42,"7' 1""",486.000,69,9,42,"6' 7""",626.583,95,9,42,63.93,39,61,42,+.317,104,+33.00,42,.373,14.551,39
Bubba Watson,34,"7' 10""",5.090,54,81,34,61.17,126,206,34,93.75,15,16,34,53.06,26,49,+11.00,34,65.45,36,55,38,"8' 4""","1,526.667",183,59,34,"3' 1""",42.750,14,81,34,-.063,16,-1.00,34,58.33,35,60,34,"11' 7""",405.000,35,81,34,"9' 2""",506.167,55,81,34,51.72,15,29,34,+.291,55,+16.00,34,-.120,-3.012,25
Ian Poulter,22,"7' 10""",3.096,33,25,22,64.94,100,154,22,100.00,1,1,22,64.58,31,48,+13.00,22,51.52,17,33,26,"6' 8""",765.500,115,22,22,"2' 11""",8.750,3,25,22,E,1,E,22,58.82,20,34,22,"5' 5""",135.583,25,25,22,"8' 8""",217.583,25,25,22,75.00,18,24,22,+.515,33,+17.00,22,.307,3.687,12
Nate Lashley,36,"7' 11""",6.397,67,188,36,55.41,123,222,36,96.55,28,29,36,44.07,26,59,+26.00,36,48.94,23,47,38,"7' 5""","1,444.083",194,178,36,"3' 2""",72.667,23,188,36,-.034,29,-1.00,36,52.05,38,73,36,"8' 8""",389.333,45,188,36,"8' 2""",383.750,47,188,36,40.91,18,44,36,+.532,47,+25.00,36,.159,4.612,29
Denny McCarthy,52,"8' 0""",7.983,83,113,52,59.04,173,293,52,100.00,16,16,52,48.35,44,91,+33.00,52,62.24,61,98,54,"8' 8""","2,184.500",253,118,52,"2' 11""",34.667,12,113,52,-.125,16,-2.00,52,57.66,64,111,52,"9' 11""",686.583,69,113,52,"9' 0""",638.000,71,113,52,48.48,32,66,52,+.306,98,+30.00,52,-.125,-4.988,40
Wyndham Clark,43,"8' 0""",7.940,83,149,43,57.35,160,279,43,94.74,18,19,43,50.77,33,65,+24.00,43,55.41,41,74,47,"7' 9""","1,942.833",252,167,43,"3' 0""",50.583,17,149,43,-.105,19,-2.00,43,59.05,62,105,43,"8' 11""",373.750,42,149,43,"8' 8""",632.417,73,149,43,35.90,14,39,43,+.486,74,+36.00,43,.125,3.508,28
Brice Garnett,42,"8' 1""",5.059,52,44,42,63.60,152,239,42,89.66,26,29,42,51.39,37,72,+22.00,42,58.02,47,81,46,"8' 3""","1,608.833",195,47,42,"2' 11""",56.083,19,44,42,E,29,E,42,67.61,48,71,42,"9' 3""",461.250,50,44,42,"9' 10""",559.750,57,44,42,53.45,31,58,42,+.432,81,+35.00,42,.147,4.263,29
Tommy Fleetwood,22,"8' 1""",1.559,16,199,22,54.24,64,118,22,81.82,9,11,22,61.11,22,36,+5.00,22,52.00,13,25,22,"6' 2""",371.333,60,204,22,"2' 4""",18.667,8,199,22,E,11,E,22,50.00,10,20,22,"6' 3""",81.167,13,199,22,"6' 2""",141.583,23,199,22,53.85,7,13,22,+.440,25,+11.00,22,-.187,-1.870,10
K.J. Choi,17,"8' 1""",1.839,19,26,17,64.89,61,94,17,90.00,9,10,17,61.11,11,18,+5.00,17,59.38,19,32,19,"6' 8""",491.417,74,23,17,"2' 8""",21.417,8,26,17,E,10,E,17,54.55,12,22,17,"8' 10""",105.500,12,26,17,"5' 5""",97.583,18,26,17,57.14,8,14,17,+.406,32,+13.00,17,.591,5.317,9
Nick Watney,35,"8' 1""",4.351,45,180,35,55.68,103,185,35,90.91,20,22,35,45.10,23,51,+16.00,35,58.62,34,58,36,"7' 5""","1,111.167",150,200,35,"2' 4""",39.417,17,180,35,-.045,22,-1.00,35,48.53,33,68,35,"8' 6""",289.083,34,180,35,"8' 0""",382.250,48,180,35,45.71,16,35,35,+.466,58,+27.00,35,.274,7.406,27
Francesco Molinari,19,"8' 2""",2.164,22,117,19,58.73,74,126,19,88.89,8,9,19,53.57,15,28,+13.00,19,54.76,23,42,19,"8' 7""",727.583,85,129,19,"4' 5""",26.500,6,117,19,E,9,E,19,55.56,15,27,19,"10' 11""",196.417,18,117,19,"8' 4""",324.333,39,117,19,47.62,10,21,19,+.429,42,+18.00,19,-.082,-.980,12
Hank Lebioda,39,"8' 2""",4.897,50,182,39,55.65,138,248,39,80.00,16,20,39,46.58,34,73,+24.00,39,60.00,63,105,39,"8' 1""","1,405.417",174,189,39,"3' 0""",24.083,8,182,39,+.200,20,+4.00,39,50.72,35,69,39,"8' 11""",400.083,45,182,39,"8' 1""",573.167,71,182,39,46.15,24,52,39,+.419,105,+44.00,39,-.165,-4.130,25
Austin Cook,38,"8' 2""",4.977,51,164,38,57.01,126,221,38,100.00,17,17,38,41.18,21,51,+22.00,38,49.45,45,91,40,"8' 3""","1,318.333",159,185,38,"2' 0""",20.250,10,164,38,-.176,17,-3.00,38,61.84,47,76,38,"12' 8""",378.917,30,164,38,"7' 6""",404.000,54,164,38,47.22,17,36,38,+.538,91,+49.00,38,.027,.707,26
Matthew Wolff,40,"8' 3""",7.937,80,168,40,56.69,144,254,40,77.27,17,22,40,41.79,28,67,+29.00,40,54.24,32,59,42,"8' 11""","1,837.750",206,171,40,"3' 10""",60.750,16,168,40,+.227,22,+5.00,40,60.47,52,86,40,"11' 2""",479.667,43,168,40,"10' 1""",554.667,55,168,40,46.34,19,41,40,+.508,59,+30.00,40,-.494,-14.313,29
Will Gordon,20,"8' 3""",1.971,20,134,20,58.18,64,110,20,100.00,13,13,20,54.17,13,24,+3.00,20,43.59,17,39,20,"9' 5""",498.583,53,147,20,"2' 5""",14.417,6,134,20,-.154,13,-2.00,20,59.09,26,44,20,"11' 7""",104.583,9,134,20,"12' 0""",215.333,18,134,20,58.33,7,12,20,+.564,39,+22.00,20,-.457,-4.575,10
Corey Conners,44,"8' 5""",6.572,65,206,44,53.69,109,203,44,87.50,14,16,44,41.79,28,67,+27.00,44,50.00,24,48,48,"8' 0""","1,532.833",192,209,44,"3' 7""",50.583,14,206,44,E,16,E,44,50.00,25,50,44,"9' 6""",418.250,44,206,44,"8' 2""",401.583,49,206,44,41.67,15,36,44,+.521,48,+25.00,44,-.325,-10.389,32
Kevin Streelman,43,"8' 6""",5.189,51,185,43,55.51,136,245,43,95.00,19,20,43,55.00,44,80,+32.00,43,49.18,30,61,45,"7' 10""","1,340.583",171,186,43,"2' 6""",45.583,18,185,43,-.050,20,-1.00,43,53.45,31,58,43,"7' 8""",345.583,45,185,43,"9' 2""",420.500,46,185,43,55.77,29,52,43,+.508,61,+31.00,43,.026,.695,27
Shawn Stefani,26,"8' 6""",2.649,26,116,26,58.78,87,148,26,90.00,9,10,26,55.32,26,47,+12.00,26,50.85,30,59,26,"8' 10""",716.167,81,127,26,"3' 1""",9.333,3,116,26,E,10,E,26,57.14,24,42,26,"8' 5""",169.000,20,116,26,"9' 11""",317.083,32,116,26,68.57,24,35,26,+.542,59,+32.00,26,-.154,-1.998,13
Bo Hoag,47,"8' 7""",6.102,59,101,47,59.76,147,246,47,90.91,20,22,47,43.28,29,67,+28.00,47,58.62,51,87,47,"7' 11""","1,295.167",163,107,47,"2' 10""",36.917,13,101,47,+.045,22,+1.00,47,64.84,59,91,47,"7' 11""",325.167,41,101,47,"8' 6""",424.583,50,101,47,36.96,17,46,47,+.425,87,+37.00,47,-.061,-1.756,29
Satoshi Kodaira,31,"8' 7""",4.951,48,200,31,54.17,117,216,31,88.89,8,9,31,50.82,31,61,+23.00,31,50.00,33,66,31,"8' 7""","1,031.500",120,205,31,"4' 0""",24.083,6,200,31,E,9,E,31,55.56,40,72,31,"9' 4""",344.333,37,200,31,"8' 8""",250.500,29,200,31,50.00,21,42,31,+.576,66,+38.00,31,-.460,-7.825,17
Kurt Kitayama,18,"8' 7""",3.201,31,190,18,55.17,64,116,18,100.00,3,3,18,42.86,12,28,+9.00,18,50.00,20,40,18,"7' 5""",729.417,98,192,18,"2' 2""",8.500,4,190,18,E,3,E,18,53.13,17,32,18,"7' 1""",141.667,20,190,18,"7' 3""",312.500,43,190,18,58.82,10,17,18,+.575,40,+23.00,18,.238,2.860,12
Viktor Hovland,34,"8' 8""",4.258,41,146,34,57.58,114,198,34,88.89,16,18,34,44.78,30,67,+28.00,34,43.75,21,48,38,"8' 6""","1,174.667",138,122,34,"3' 1""",24.917,8,146,34,E,18,E,34,66.67,34,51,34,"10' 11""",437.833,40,146,34,"8' 6""",213.167,25,146,34,43.90,18,41,34,+.688,48,+33.00,34,-.779,-14.015,18
Sam Burns,34,"8' 8""",7.350,71,202,34,53.98,122,226,34,84.21,16,19,34,32.26,20,62,+33.00,34,56.34,40,71,36,"9' 3""","1,998.250",216,201,34,"2' 7""",30.667,12,202,34,+.053,19,+1.00,34,55.68,49,88,34,"14' 8""",731.500,50,202,34,"8' 2""",514.500,63,202,34,36.17,17,47,34,+.437,71,+31.00,34,-.764,-23.691,31
Bill Haas,32,"8' 9""",5.239,50,186,32,55.49,101,182,32,88.00,22,25,32,51.02,25,49,+15.00,32,50.00,30,60,36,"7' 5""","1,124.750",152,157,32,"1' 3""",8.500,7,186,32,-.040,25,-1.00,32,50.85,30,59,32,"7' 8""",237.917,31,186,32,"8' 4""",317.583,38,186,32,50.00,19,38,32,+.583,60,+35.00,32,.160,3.525,22
Chris Stroud,30,"8' 10""",5.170,49,156,30,57.14,112,196,30,95.00,19,20,30,47.17,25,53,+17.00,30,57.63,34,59,34,"7' 9""","1,221.083",158,119,30,"2' 7""",36.167,14,156,30,E,20,E,30,50.00,39,78,30,"11' 0""",374.750,34,156,30,"7' 7""",271.583,36,156,30,51.28,20,39,30,+.424,59,+25.00,30,-.241,-4.821,20
Ben Martin,28,"8' 10""",2.221,21,53,28,62.79,108,172,28,94.74,18,19,28,46.00,23,50,+22.00,28,60.00,45,75,28,"8' 3""",782.750,95,58,28,"2' 5""",26.667,11,53,28,E,19,E,28,66.67,24,36,28,"13' 3""",317.000,24,53,28,"6' 6""",254.000,39,53,28,50.00,21,42,28,+.413,75,+31.00,28,-.129,-1.803,14
Michael Gellerman,32,"9' 1""",3.164,29,195,32,54.84,102,186,32,86.36,19,22,32,26.19,11,42,+18.00,32,55.56,45,81,32,"9' 6""","1,030.417",108,197,32,"3' 3""",29.500,9,195,32,+.136,22,+3.00,32,48.28,28,58,32,"17' 4""",294.833,17,195,32,"8' 4""",442.417,53,195,32,40.00,10,25,32,+.432,81,+35.00,32,-.612,-12.242,20
Brandon Hagy,36,"9' 1""",4.572,42,181,36,55.66,118,212,36,66.67,16,24,36,55.56,35,63,+14.00,36,57.75,41,71,36,"9' 6""","1,409.667",149,188,36,"4' 0""",40.250,10,181,36,+.167,24,+4.00,36,48.65,36,74,36,"10' 6""",471.250,45,181,36,"9' 11""",517.167,52,181,36,60.98,25,41,36,+.437,71,+31.00,36,-.016,-.421,26
Lucas Bjerregaard,17,"9' 2""",2.421,22,221,17,50.44,57,113,17,100.00,11,11,17,48.28,14,29,+11.00,17,46.51,20,43,17,"8' 3""",620.000,75,223,17,"3' 1""",18.500,6,221,17,-.091,11,-1.00,17,42.11,16,38,17,"9' 1""",172.500,19,221,17,"8' 1""",227.250,28,221,17,47.62,10,21,17,+.605,43,+26.00,17,-.190,-2.285,12
C.T. Pan,30,"9' 6""",4.999,44,107,30,59.44,107,180,30,75.00,6,8,30,47.46,28,59,+23.00,30,64.29,27,42,34,"8' 1""","1,192.667",148,94,30,"5' 2""",41.083,8,107,30,E,8,E,30,63.16,36,57,30,"10' 2""",365.000,36,107,30,"7' 2""",229.417,32,107,30,46.88,15,32,30,+.381,42,+16.00,30,.139,2.362,17
Arjun Atwal,21,"10' 0""",2.527,21,167,21,56.72,76,134,21,75.00,6,8,21,42.86,15,35,+13.00,21,75.47,40,53,21,"8' 5""",506.083,60,175,21,"4' 9""",23.833,5,167,21,+.250,8,+2.00,21,40.00,18,45,21,"9' 2""",146.333,16,167,21,"7' 0""",125.333,18,167,21,42.86,12,28,21,+.189,53,+10.00,21,.079,.791,10
Kristoffer Ventura,34,"11' 2""",4.032,30,177,34,55.81,120,215,34,89.47,17,19,34,36.73,18,49,+32.00,34,59.79,58,97,34,"9' 6""",978.833,103,184,34,"1' 8""",11.583,7,177,34,+.105,19,+2.00,34,49.12,28,57,34,"11' 7""",278.583,24,177,34,"8' 5""",352.667,42,177,34,41.46,17,41,34,+.443,97,+43.00,34,-.929,-16.724,18
Louis Oosthuizen,18,"11' 3""",1.758,13,207,18,53.64,59,110,18,88.89,8,9,18,44.44,12,27,+15.00,18,61.29,19,31,20,"7' 3""",544.167,75,197,18,"2' 11""",23.500,8,207,18,+.111,9,+1.00,18,38.10,8,21,18,"9' 5""",122.333,13,207,18,"6' 8""",172.750,26,207,18,53.85,7,13,18,+.419,31,+13.00,18,-.730,-7.297,10
