player,Percentage of Yardage covered by Tee Shots-ROUNDS,Percentage of Yardage covered by Tee Shots-AVG (%),Percentage of Yardage covered by Tee Shots-TOTAL SHOT DISTANCE,Percentage of Yardage covered by Tee Shots-TOTAL DISTANCE,Right Tendency-EVENTS,Right Tendency-%,Right Tendency-NUMBER OF TIMES,Right Tendency-ATTEMPTS,Right Tendency-AVG RTP SCORE,Missed Fairway Percent - Other-ROUNDS,Missed Fairway Percent - Other-%,Missed Fairway Percent - Other-TOTAL MISSED,Missed Fairway Percent - Other-TOTAL FWYS,Missed Fairway Percent - Other-RELATIVE TO PAR,Percentage of Yardage covered by Tee Shots - Par 5's-ROUNDS,Percentage of Yardage covered by Tee Shots - Par 5's-AVG (%),Percentage of Yardage covered by Tee Shots - Par 5's-TOTAL SHOT DISTANCE,Percentage of Yardage covered by Tee Shots - Par 5's-TOTAL DISTANCE,Driving Pct 320+ (Measured)-ROUNDS,Driving Pct 320+ (Measured)-%,Driving Pct 320+ (Measured)-TOTAL DRIVES FOR 320+,Driving Pct 320+ (Measured)-TOTAL DRVS - OVERALL,Driving Pct 320+ (Measured)-RELATIVE TO PAR,Percentage of Yardage covered by Tee Shots - Par 4's-ROUNDS,Percentage of Yardage covered by Tee Shots - Par 4's-AVG (%),Percentage of Yardage covered by Tee Shots - Par 4's-TOTAL SHOT DISTANCE,Percentage of Yardage covered by Tee Shots - Par 4's-TOTAL DISTANCE,Left Tendency-EVENTS,Left Tendency-%,Left Tendency-NUMBER OF TIMES,Left Tendency-ATTEMPTS,Left Tendency-AVG RTP SCORE,Left Rough Tendency (RTP Score)-ROUNDS,Left Rough Tendency (RTP Score)-RTP SCORE,Fairway Bunker Tendency-ROUNDS,Fairway Bunker Tendency-%,Fairway Bunker Tendency-TOTAL FAIRWAY BUNKERS,Fairway Bunker Tendency-POSSIBLE FWYS,Fairway Bunker Tendency-RELATIVE TO PAR,SG: Off-the-Tee-ROUNDS,SG: Off-the-Tee-AVERAGE,SG: Off-the-Tee-TOTAL SG:OTT,SG: Off-the-Tee-MEASURED ROUNDS,SG: Tee-to-Green-ROUNDS,SG: Tee-to-Green-AVERAGE,SG: Tee-to-Green-SG:OTT,SG: Tee-to-Green-SG:APR,SG: Tee-to-Green-SG:ARG,SG: Tee-to-Green-MEASURED ROUNDS,Right Rough Tendency (RTP Score)-ROUNDS,Right Rough Tendency (RTP Score)-RTP SCORE,Right Rough Tendency-ROUNDS,Right Rough Tendency-%,Right Rough Tendency-TOTAL RIGHT ROUGH,Right Rough Tendency-POSSIBLE FWYS,Right Rough Tendency-RELATIVE TO PAR,Left Rough Tendency-ROUNDS,Left Rough Tendency-%,Left Rough Tendency-TOTAL LEFT ROUGH,Left Rough Tendency-POSSIBLE FWYS,Left Rough Tendency-RELATIVE TO PAR,Good Drive Percentage-ROUNDS,Good Drive Percentage-%,Good Drive Percentage-# HIT,Good Drive Percentage-TOTAL ATTEMPTS,Driving Accuracy Percentage-ROUNDS,Driving Accuracy Percentage-%,Driving Accuracy Percentage-FAIRWAYS HIT,Driving Accuracy Percentage-POSSIBLE FAIRWAYS,Rough Tendency-ROUNDS,Rough Tendency-%,Rough Tendency-TOTAL ROUGH,Rough Tendency-POSSIBLE FWYS,Rough Tendency-RELATIVE TO PAR,Hit Fairway Percentage-ROUNDS,Hit Fairway Percentage-%,Hit Fairway Percentage-FAIRWAYS HIT,Hit Fairway Percentage-POSSIBLE FAIRWAYS,Hit Fairway Percentage-RELATIVE TO PAR
Sergio Garcia,22,67.63,"436,412","64,529",6,50.0,24,48,+0.42,22,2.90,4,138,-0.50,26,54.42,"123,791","22,746",22,50.00,10,20,-0.20,22,72.02,"347,502","48,250",6,50.0,24,48,-0.42,22,-.120,22,5.1,7,29,E,26,.983,13.762,14,22,.966,1.219,-.368,.115,10,22,+.050,22,14.49,20,138,+0.05,22,18.12,25,138,-0.12,22,83.55,254,304,26,61.39,221,360,22,32.61,45,138,-0.44,22,59.42,82,138,-0.12
Cameron Champ,42,66.93,"1,432,253","214,006",12,47.8,88,184,+1.02,42,3.04,14,460,+0.50,42,57.05,"387,591","67,943",42,52.38,44,84,-0.52,42,71.52,"1,044,662","146,063",12,52.2,96,184,+1.15,42,+.011,42,4.3,20,85,+0.350,42,1.079,35.610,33,42,.957,1.079,.146,-.268,33,42,+.039,42,16.74,77,460,+0.04,42,19.13,88,460,+0.01,42,82.06,485,591,42,57.53,340,591,42,35.87,165,460,+0.24,42,56.74,261,460,-0.32
Bryson DeChambeau,30,66.81,"1,284,748","192,288",8,54.7,82,150,+0.37,30,3.13,13,415,+0.38,34,57.10,"334,766","58,625",30,58.33,35,60,-0.37,30,70.41,"986,651","140,130",8,45.3,68,150,+0.44,30,-.050,30,3.9,16,66,+0.250,34,1.098,37.325,34,30,1.588,1.119,.397,.072,30,30,-.068,30,17.59,73,415,-0.07,30,14.46,60,415,-0.05,30,83.81,352,420,34,61.13,291,476,30,32.05,133,415,-0.60,30,60.96,253,415,-0.27
Ryan Brehm,42,66.78,"1,023,572","153,273",13,45.0,77,171,+0.39,42,6.65,22,331,+0.95,42,56.08,"253,270","45,159",42,42.86,36,84,-0.33,42,71.25,"770,302","108,114",13,55.0,94,171,+2.98,42,+.076,42,10.0,33,142,+0.121,42,.165,3.953,24,42,-.437,.165,-.362,-.239,24,42,-.052,42,17.52,58,331,-0.05,42,19.94,66,331,+0.08,42,79.05,464,587,42,47.36,278,587,42,37.46,124,331,+0.16,42,45.92,152,331,-0.21
Bubba Watson,34,66.72,"1,076,909","161,402",10,43.6,61,140,E,34,2.61,9,345,E,38,55.46,"265,250","47,825",34,50.00,26,52,-0.54,34,70.49,"846,176","120,044",10,56.4,79,140,+0.13,34,-.015,34,8.7,30,127,+0.100,38,.627,18.194,29,34,.584,.664,.041,-.120,25,34,-.040,34,14.49,50,345,-0.04,34,19.13,66,345,-0.02,34,80.30,379,472,38,57.20,302,528,34,33.62,116,345,-0.26,34,55.07,190,345,-0.27
Justin Thomas,32,66.25,"1,029,372","155,385",9,44.9,62,138,-1.94,32,2.42,8,330,+0.38,36,54.57,"264,690","48,507",32,27.08,13,48,-0.38,32,70.74,"801,770","113,345",9,55.1,76,138,-0.53,32,-.131,32,5.8,19,80,-0.105,36,.395,11.069,28,32,1.773,.431,1.069,.273,24,32,-.196,32,16.97,56,330,-0.20,32,18.48,61,330,-0.13,32,85.71,384,448,36,57.14,288,504,32,35.45,117,330,-1.62,32,56.36,186,330,-0.26
Dustin Johnson,18,65.88,"687,983","104,434",5,33.3,26,78,+2.69,18,3.52,8,227,+0.38,22,54.86,"197,600","36,021",18,36.11,13,36,-0.08,18,70.33,"526,661","74,880",5,66.7,52,78,+0.96,18,+.038,18,4.4,10,42,+0.500,22,.722,14.450,20,18,.418,.567,.067,-.216,16,18,+.158,18,8.37,19,227,+0.16,18,22.91,52,227,+0.04,18,81.96,209,255,22,64.31,200,311,18,31.28,71,227,+0.70,18,60.79,138,227,-0.20
Brandon Hagy,36,65.87,"1,086,512","164,937",13,49.1,84,171,+1.90,36,9.22,33,358,+0.70,36,56.29,"239,617","42,571",36,38.89,28,72,-0.61,36,69.21,"846,895","122,366",13,50.9,87,171,+1.15,36,+.014,36,4.7,17,73,+0.235,36,-.152,-3.943,26,36,-.656,-.152,-.488,-.016,26,36,E,36,17.32,62,358,E,36,19.55,70,358,+0.01,36,80.72,406,503,36,51.69,260,503,36,36.87,132,358,+0.08,36,49.16,176,358,-0.16
Matthew Wolff,40,65.84,"1,236,738","187,833",11,46.2,72,156,+0.42,40,3.25,13,400,+0.92,42,56.52,"310,361","54,909",40,40.63,26,64,-0.12,40,69.31,"943,615","136,152",11,53.8,84,156,+2.86,40,+.106,40,5.8,23,98,+0.304,42,.509,15.785,31,40,-.160,.639,-.305,-.494,29,40,-.050,40,15.00,60,400,-0.05,40,16.50,66,400,+0.11,40,80.54,451,560,42,57.31,337,588,40,31.50,126,400,+0.32,40,59.50,238,400,-0.19
Kurt Kitayama,18,65.79,"499,895","75,981",5,68.8,44,64,+2.50,18,6.63,11,166,+0.55,18,57.30,"110,402","19,267",18,39.29,11,28,+0.45,18,68.68,"389,493","56,714",5,31.3,20,64,+1.00,18,-.056,18,6.0,10,43,+0.200,18,.199,2.391,12,18,.470,.199,.033,.238,12,18,+.030,18,19.88,33,166,+0.03,18,10.84,18,166,-0.06,18,78.88,198,251,18,54.18,136,251,18,30.72,51,166,E,18,56.63,94,166,-0.14
Patrick Cantlay,20,65.77,"766,560","116,554",5,50.0,38,76,+2.37,20,5.12,13,254,+0.54,20,54.19,"193,329","35,676",20,22.50,9,40,-0.33,20,70.88,"573,231","80,878",5,50.0,38,76,+0.26,20,-.133,20,3.9,10,42,+0.200,20,.348,6.264,18,20,1.676,.348,1.093,.235,18,20,+.133,20,11.81,30,254,+0.13,20,11.81,30,254,-0.13,20,89.05,252,283,20,67.49,191,283,20,23.62,60,254,E,20,67.32,171,254,-0.32
Rory McIlroy,28,65.76,"811,943","123,474",7,50.9,54,106,+1.85,28,1.89,5,265,+0.40,32,56.30,"229,679","40,795",28,50.00,20,40,-0.45,28,69.25,"617,308","89,146",7,49.1,52,106,+0.77,28,+.135,28,8.3,22,93,+0.045,32,.736,16.932,23,28,2.158,.774,1.008,.377,19,28,+.048,28,15.85,42,265,+0.05,28,19.62,52,265,+0.13,28,82.47,320,388,32,57.21,254,444,28,35.47,94,265,+0.96,28,54.34,144,265,-0.33
Gary Woodland,34,65.63,"1,060,580","161,600",9,45.3,53,117,+1.51,34,3.68,13,353,+0.62,38,55.69,"264,584","47,506",34,38.46,20,52,-0.50,34,68.93,"830,987","120,561",9,54.7,64,117,E,34,-.137,34,5.9,21,88,+0.238,38,.111,3.218,29,34,1.099,.322,.957,-.180,25,34,+.065,34,13.03,46,353,+0.07,34,14.45,51,353,-0.14,34,86.97,414,476,38,65.41,348,532,34,27.48,97,353,-0.41,34,62.89,222,353,-0.25
Tyler McCumber,45,65.62,"1,252,066","190,811",14,58.3,105,180,+1.62,45,3.41,14,410,+0.71,45,55.84,"297,139","53,211",45,26.67,24,90,-0.25,45,69.40,"954,927","137,600",14,41.7,75,180,+1.20,45,+.034,45,5.6,23,99,+0.261,45,.368,11.032,30,45,.425,.368,.198,-.140,30,45,+.079,45,21.71,89,410,+0.08,45,14.39,59,410,+0.03,45,82.35,518,629,45,54.37,342,629,45,36.10,148,410,+0.61,45,54.88,225,410,-0.20
Adam Scott,26,65.38,"756,505","115,716",7,40.6,43,106,-1.86,26,4.45,11,247,-0.36,26,56.34,"191,550","33,999",26,41.67,15,36,-0.07,26,69.14,"564,955","81,717",7,59.4,63,106,+1.90,26,+.070,26,3.2,8,32,+0.625,26,-.029,-.519,18,26,.895,-.029,.357,.566,18,26,-.214,26,17.00,42,247,-0.21,26,23.08,57,247,+0.07,26,79.72,287,360,26,54.44,196,360,26,40.08,99,247,-0.51,26,52.23,129,247,-0.26
Grayson Murray,29,65.36,"1,007,797","154,202",10,60.1,89,148,+0.56,29,3.93,13,331,+0.85,29,56.09,"235,093","41,912",29,37.93,22,58,-0.41,29,68.81,"772,704","112,290",10,39.9,59,148,+3.73,29,+.214,29,7.3,24,99,+0.375,29,.441,10.582,24,29,.226,.441,-.396,.181,24,29,-.014,29,22.05,73,331,-0.01,29,12.69,42,331,+0.21,29,79.56,323,406,29,54.68,222,406,29,34.74,115,331,+0.70,29,54.08,179,331,-0.16
Sung Kang,49,65.27,"1,609,692","246,603",14,50.0,102,204,+0.49,49,3.42,18,527,+0.39,51,54.62,"387,933","71,018",49,35.37,29,82,-0.34,49,69.31,"1,239,439","178,813",14,50.0,102,204,+1.47,49,+.124,49,5.7,30,129,+0.100,51,.331,13.234,40,49,.548,.429,.319,-.200,38,49,-.036,49,15.75,83,527,-0.04,49,16.89,89,527,+0.12,49,84.23,577,685,51,57.92,413,713,49,32.64,172,527,+0.47,49,58.25,307,527,-0.20
Jon Rahm,22,65.27,"905,060","138,661",6,44.1,41,93,+2.20,22,3.38,10,296,-0.30,26,54.42,"246,679","45,326",22,36.36,16,44,-0.25,22,69.49,"693,565","99,802",6,55.9,52,93,-0.77,22,-.073,22,7.1,21,89,+0.143,26,.774,19.343,25,22,1.288,.777,.366,.144,21,22,+.118,22,11.49,34,296,+0.12,22,13.85,41,296,-0.07,22,85.26,266,312,26,64.67,238,368,22,25.34,75,296,+0.13,22,64.19,190,296,-0.23
Martin Trainer,34,65.23,"1,140,046","174,764",14,39.7,73,184,+2.60,34,7.47,28,375,+0.61,36,54.06,"284,610","52,647",34,26.47,18,68,-0.11,34,69.66,"873,113","125,345",14,60.3,111,184,+1.80,34,+.154,34,5.1,19,79,+0.105,36,-.552,-16.005,29,34,-2.519,-.406,-2.070,-.043,27,34,+.127,34,14.67,55,375,+0.13,34,24.27,91,375,+0.15,34,72.65,348,479,36,47.14,239,507,34,38.93,146,375,+1.44,34,48.53,182,375,-0.05
Xander Schauffele,34,65.19,"1,065,778","163,491",9,53.5,68,127,-1.18,34,3.43,12,350,-0.58,38,54.72,"283,849","51,875",34,25.00,13,52,-0.08,34,69.22,"817,397","118,083",9,46.5,59,127,+0.51,34,+.038,34,6.3,22,94,+0.182,38,.618,17.921,29,34,1.636,.694,.789,.154,25,34,-.130,34,15.43,54,350,-0.13,34,14.86,52,350,+0.04,34,86.97,414,476,38,61.47,327,532,34,30.29,106,350,-0.47,34,60.00,210,350,-0.24
Patrick Rodgers,65,65.13,"2,043,222","313,692",18,51.1,160,313,+0.88,65,3.12,21,674,+0.43,67,54.90,"487,398","88,779",65,25.38,33,130,-0.36,65,68.97,"1,573,547","228,141",18,48.9,153,313,+0.98,65,+.063,65,7.0,47,202,+0.170,67,.242,12.353,51,65,-.088,.244,-.389,.056,49,65,+.031,65,18.99,128,674,+0.03,65,18.99,128,674,+0.06,65,78.77,716,909,67,51.33,481,937,65,37.98,256,674,+0.47,65,51.93,350,674,-0.25
Jason Kokrak,37,65.06,"1,091,112","167,720",11,42.0,58,138,+2.59,37,2.49,9,361,-0.22,39,55.14,"269,626","48,900",37,44.83,26,58,+0.04,37,68.74,"838,901","122,048",11,58.0,80,138,+1.38,37,+.090,37,6.6,24,104,+0.333,39,.647,18.114,28,37,.519,.654,.139,-.275,26,37,+.143,37,13.57,49,361,+0.14,37,18.56,67,361,+0.09,37,83.46,429,514,39,59.04,320,542,37,32.13,116,361,+1.12,37,58.73,212,361,-0.17
Branden Grace,27,65.05,"790,175","121,468",9,60.8,79,130,-0.25,27,2.65,7,264,-0.29,31,52.99,"192,562","36,339",27,26.09,12,46,-0.42,27,68.93,"631,357","91,596",9,39.2,51,130,+2.35,27,+.209,27,7.2,19,81,+0.053,31,-.392,-9.027,23,27,.560,-.183,.509,.233,19,27,-.014,27,26.52,70,264,-0.01,27,16.29,43,264,+0.21,27,81.96,309,377,31,54.27,235,433,27,42.80,113,264,+0.71,27,47.35,125,264,-0.21
Tommy Fleetwood,22,65.05,"415,927","63,935",6,63.0,29,46,+1.38,22,2.92,4,137,-0.75,22,55.42,"88,485","15,967",22,30.00,6,20,-0.17,22,68.26,"327,442","47,968",6,37.0,17,46,+1.76,22,E,22,5.1,7,29,+0.143,22,.610,6.103,10,22,.890,.610,.467,-.187,10,22,+.160,22,18.25,25,137,+0.16,22,10.95,15,137,E,22,84.21,256,304,22,62.83,191,304,22,29.20,40,137,+1.00,22,62.77,86,137,-0.09
Byeong Hun An,51,65.02,"1,504,388","231,359",14,53.5,115,215,+2.09,51,3.45,17,493,+0.24,53,53.75,"354,674","65,986",51,26.92,21,78,-0.19,51,69.16,"1,166,096","168,601",14,46.5,100,215,-0.40,51,-.089,51,8.1,40,169,+0.050,53,.096,3.661,38,51,1.070,.215,.322,.534,36,51,+.159,51,17.85,88,493,+0.16,51,16.02,79,493,-0.09,51,81.55,579,710,53,54.74,404,738,51,33.87,167,493,+0.42,51,54.56,269,493,-0.19
Keith Mitchell,42,65.00,"1,167,991","179,698",13,38.5,55,143,+1.64,42,4.83,19,393,+0.42,44,54.43,"272,233","50,016",42,23.53,16,68,-0.13,42,68.69,"912,898","132,910",13,61.5,88,143,+2.50,42,+.222,42,6.6,26,109,+0.192,44,.465,13.945,30,42,-.404,.481,-.274,-.610,28,42,+.128,42,9.92,39,393,+0.13,42,16.03,63,393,+0.22,42,79.39,466,587,44,60.00,369,615,42,25.95,102,393,+1.86,42,62.60,246,393,-0.18
Danny Lee,42,64.99,"1,163,246","178,992",13,46.6,76,163,+2.50,42,4.87,19,390,+0.26,46,54.34,"285,583","52,554",42,25.00,17,68,-0.35,42,68.65,"912,384","132,905",13,53.4,87,163,+1.15,42,+.095,42,9.0,35,149,+0.171,46,.375,11.989,32,42,.374,.398,.203,-.227,28,42,+.173,42,13.33,52,390,+0.17,42,16.15,63,390,+0.10,42,81.85,478,584,46,58.75,376,640,42,29.49,115,390,+1.30,42,56.67,221,390,-0.20
Scottie Scheffler,52,64.88,"1,663,399","256,398",14,44.4,91,205,+0.55,52,1.80,10,555,+0.20,52,54.12,"383,138","70,796",52,37.50,39,104,-0.36,52,68.98,"1,280,261","185,602",14,55.6,114,205,+0.35,52,-.065,52,7.4,41,174,+0.195,52,.663,26.503,40,52,.967,.663,.328,-.023,40,52,+.042,52,12.97,72,555,+0.04,52,16.58,92,555,-0.07,52,84.20,613,728,52,61.54,448,728,52,29.55,164,555,-0.18,52,61.26,340,555,-0.22
Charles Howell III,47,64.73,"1,152,876","178,109",13,59.3,105,177,+1.81,47,2.33,9,386,+0.56,49,54.92,"271,570","49,445",47,30.00,21,70,-0.38,47,68.14,"898,736","131,892",13,40.7,72,177,+1.53,47,+.121,47,8.0,31,131,+0.065,49,-.153,-4.605,30,47,.023,-.183,-.122,.327,28,47,+.161,47,22.54,87,386,+0.16,47,15.03,58,386,+0.12,47,79.20,518,654,49,56.01,382,682,47,37.56,145,386,+1.45,47,52.07,201,386,-0.29
Lucas Bjerregaard,17,64.69,"500,773","77,410",7,48.9,43,88,+0.70,17,7.88,13,165,+1.23,17,54.36,"123,359","22,695",17,29.41,10,34,E,17,68.98,"377,414","54,715",7,51.1,45,88,+3.33,17,+.038,17,12.1,20,89,+0.300,17,-.409,-4.911,12,17,-1.080,-.409,-.480,-.190,12,17,-.061,17,20.00,33,165,-0.06,17,15.76,26,165,+0.04,17,76.05,181,238,17,44.12,105,238,17,35.76,59,165,-0.17,17,44.24,73,165,-0.16
Luke List,41,64.68,"1,288,728","199,250",13,57.7,101,175,+0.59,41,4.22,18,427,+0.56,43,55.10,"321,910","58,418",41,16.22,12,74,-0.67,41,68.32,"984,199","144,060",13,42.3,74,175,+1.35,41,+.043,41,10.1,43,185,+0.023,43,.265,8.736,33,41,.649,.251,.331,.067,31,41,+.014,41,17.33,74,427,+0.01,41,11.01,47,427,+0.04,41,81.53,468,574,43,57.64,347,602,41,28.34,121,427,+0.25,41,57.38,245,427,-0.24
Wyndham Clark,43,64.66,"1,160,805","179,525",14,49.0,95,194,+0.95,43,5.53,21,380,+0.52,47,54.60,"309,830","56,741",43,28.57,20,70,-0.35,43,68.63,"887,008","129,251",14,51.0,99,194,+2.32,43,+.079,43,8.4,32,136,+0.125,47,-.334,-10.682,32,43,-.610,-.394,-.342,.125,28,43,+.107,43,19.74,75,380,+0.11,43,20.00,76,380,+0.08,43,78.06,466,597,47,53.14,347,653,43,39.74,151,380,+0.93,43,46.32,176,380,-0.22
Brooks Koepka,18,64.65,"659,391","101,994",6,52.2,59,113,+0.34,18,5.41,12,222,+0.50,22,55.13,"177,511","32,196",18,31.25,10,32,-0.50,18,68.01,"518,700","76,265",6,47.8,54,113,+1.67,18,+.027,18,10.8,24,105,+0.125,22,.517,10.349,20,18,.150,.214,-.330,.266,16,18,E,18,18.92,42,222,E,18,16.67,37,222,+0.03,18,76.98,194,252,22,54.22,167,308,18,35.59,79,222,+0.13,18,48.20,107,222,-0.17
Will Gordon,20,64.59,"414,897","64,237",6,48.4,31,64,+0.65,20,2.88,4,139,+0.75,20,55.74,"94,526","16,957",20,20.00,8,40,-0.13,20,67.76,"320,371","47,280",6,51.6,33,64,+3.03,20,+.240,20,10.1,14,57,+0.143,20,.501,5.013,10,20,-.353,.501,-.397,-.457,10,20,+.043,20,16.55,23,139,+0.04,20,17.99,25,139,+0.24,20,81.07,227,280,20,52.86,148,280,20,34.53,48,139,+1.46,20,52.52,73,139,-0.18
Phil Mickelson,29,64.57,"659,745","102,168",10,27.3,27,99,+0.74,29,7.37,16,217,+0.13,29,53.88,"162,896","30,234",29,16.67,7,42,-0.14,29,69.07,"496,849","71,934",10,72.7,72,99,+0.97,29,+.148,29,6.0,13,58,-0.308,29,-.054,-.871,16,29,-.156,-.054,-.528,.426,16,29,+.091,29,10.14,22,217,+0.09,29,24.88,54,217,+0.15,29,77.53,314,405,29,55.06,223,405,29,35.02,76,217,+1.32,29,51.61,112,217,-0.21
Sam Burns,34,64.45,"1,287,773","199,799",11,62.2,122,196,+1.15,34,3.01,13,432,+0.62,36,54.86,"325,949","59,417",34,29.41,20,68,-0.35,34,68.19,"979,329","143,610",11,37.8,74,196,+2.97,34,+.161,34,9.7,42,178,+0.262,36,.435,14.342,33,34,-.716,.433,-.384,-.764,31,34,+.094,34,19.68,85,432,+0.09,34,14.35,62,432,+0.16,34,79.41,378,476,36,52.78,266,504,34,34.03,147,432,+1.22,34,53.24,230,432,-0.24
Beau Hossler,53,64.44,"1,444,687","224,192",15,58.7,131,223,+1.83,53,5.57,27,485,+0.67,53,54.72,"338,862","61,928",53,26.42,28,106,-0.32,53,68.15,"1,105,825","162,264",15,41.3,92,223,+1.85,53,+.123,53,9.3,45,193,+0.111,53,-.218,-7.639,35,53,-.907,-.218,-.560,-.129,35,53,+.109,53,18.97,92,485,+0.11,53,13.40,65,485,+0.12,53,80.84,599,741,53,52.63,390,741,53,32.37,157,485,+1.15,53,52.78,256,485,-0.17
Kevin Tway,36,64.38,"953,036","148,024",12,57.1,88,154,+0.45,36,3.56,11,309,+0.45,38,54.88,"232,799","42,418",36,27.08,13,48,-0.23,36,67.77,"737,541","108,834",12,42.9,66,154,+1.67,36,+.077,36,10.0,31,133,+0.258,38,-.514,-12.855,25,36,-.126,-.514,.093,.294,23,36,-.031,36,20.71,64,309,-0.03,36,16.83,52,309,+0.08,36,74.20,371,500,38,48.48,256,528,36,37.54,116,309,+0.17,36,48.87,151,309,-0.18
Jhonattan Vegas,36,64.35,"945,752","146,975",11,39.5,47,119,+0.21,36,3.14,10,318,+0.30,40,54.93,"259,801","47,297",36,31.25,20,64,-0.20,36,67.91,"720,820","106,145",11,60.5,72,119,+2.22,36,+.196,36,5.3,17,72,+0.176,40,.727,19.618,27,36,.279,.837,-.392,-.166,23,36,-.025,36,12.58,40,318,-0.03,36,17.61,56,318,+0.20,36,84.72,427,504,40,62.14,348,560,36,30.19,96,318,+1.04,36,61.32,195,318,-0.20
Scott Harrington,48,64.32,"1,391,479","216,333",15,49.5,95,192,+1.47,48,3.59,17,473,+0.65,48,54.61,"319,090","58,434",48,25.00,24,96,-0.46,48,67.92,"1,072,389","157,899",15,50.5,97,192,+1.24,48,+.028,48,7.8,37,158,+0.108,48,.439,14.916,34,48,.014,.439,-.448,.023,34,48,+.155,48,15.01,71,473,+0.15,48,15.01,71,473,+0.03,48,80.92,543,671,48,56.18,377,671,48,30.02,142,473,+0.92,48,58.56,277,473,-0.16
Viktor Hovland,34,64.32,"732,970","113,952",10,44.3,43,97,+2.56,34,2.38,6,252,+1.00,38,53.77,"185,534","34,505",34,15.38,8,52,-0.88,34,67.78,"582,335","85,914",10,55.7,54,97,+1.67,34,+.056,34,11.9,30,123,+0.400,38,.649,14.288,22,34,.300,.611,.468,-.779,18,34,E,34,9.92,25,252,E,34,14.29,36,252,+0.06,34,83.44,393,471,38,66.03,348,527,34,24.21,61,252,+0.33,34,61.51,155,252,-0.17
Adam Schenk,50,64.32,"1,263,932","196,495",16,52.4,88,168,+1.93,50,4.40,19,432,+0.42,52,53.75,"295,242","54,933",50,25.00,21,84,-0.48,50,68.05,"985,258","144,790",16,47.6,80,168,+0.63,50,-.032,50,7.4,32,140,+0.250,52,.241,7.939,33,50,.214,.276,-.009,-.053,31,50,+.117,50,13.89,60,432,+0.12,50,14.58,63,432,-0.03,50,82.73,575,695,52,60.58,438,723,50,28.47,123,432,+0.41,50,59.72,258,432,-0.22
Zack Sucher,30,64.28,"748,467","116,434",10,41.9,52,124,+1.15,30,3.20,8,250,+0.50,30,53.32,"183,045","34,331",30,18.33,11,60,-0.27,30,68.87,"565,422","82,103",10,58.1,72,124,+1.25,30,+.061,30,11.2,28,119,+0.143,30,.114,2.047,18,30,.230,.114,-.005,.122,18,30,+.098,30,16.40,41,250,+0.10,30,19.60,49,250,+0.06,30,82.82,347,419,30,51.07,214,419,30,36.00,90,250,+0.78,30,49.60,124,250,-0.25
Hideki Matsuyama,42,64.26,"1,206,663","187,777",11,62.7,96,153,E,42,3.47,14,403,+0.21,44,54.81,"300,711","54,864",42,20.00,12,60,-0.42,42,67.81,"923,137","136,141",11,37.3,57,153,+0.18,42,-.136,42,8.2,33,137,+0.212,44,.374,11.580,31,42,1.821,.385,.887,.549,29,42,-.069,42,17.87,72,403,-0.07,42,10.92,44,403,-0.14,42,84.42,493,584,44,60.46,370,612,42,28.78,116,403,-0.95,42,59.55,240,403,-0.24
Ryan Palmer,36,64.24,"1,122,164","174,686",10,53.7,66,123,+1.97,36,3.66,14,382,+0.21,40,54.02,"269,916","49,969",36,12.50,7,56,-0.71,36,67.63,"887,228","131,184",10,46.3,57,123,+0.88,36,+.045,36,7.9,30,128,+0.233,40,.567,17.590,31,36,.395,.570,.100,-.275,27,36,+.200,36,10.47,40,382,+0.20,36,11.52,44,382,+0.05,36,85.91,433,504,40,64.11,359,560,36,21.99,84,382,+1.19,36,66.49,254,382,-0.15
Vincent Whaley,30,64.24,"811,768","126,356",11,57.3,67,117,+1.34,30,3.65,10,274,+0.20,30,53.24,"185,371","34,817",30,18.33,11,60,-0.27,30,68.43,"626,397","91,539",11,42.7,50,117,+1.00,30,E,30,8.8,24,106,+0.292,30,-.053,-1.051,20,30,-.703,-.053,-.465,-.185,20,30,+.104,30,17.52,48,274,+0.10,30,12.77,35,274,E,30,81.86,343,419,30,58.47,245,419,30,30.29,83,274,+0.60,30,57.30,157,274,-0.12
Carlos Ortiz,48,64.19,"1,691,142","263,461",14,52.3,136,260,+0.88,48,3.85,22,572,+0.64,52,53.75,"436,766","81,255",48,16.67,16,96,-0.31,48,68.25,"1,287,721","188,673",14,47.7,124,260,+0.08,48,-.066,48,6.1,35,152,+0.086,52,-.023,-1.034,45,48,.739,.030,.294,.415,41,48,+.009,48,18.71,107,572,+0.01,48,18.53,106,572,-0.07,48,81.85,550,672,52,55.36,403,728,48,37.24,213,572,-0.28,48,52.80,302,572,-0.23
Tony Finau,36,64.18,"953,222","148,528",10,50.7,68,134,-0.74,36,4.09,13,318,+0.31,40,53.97,"254,083","47,076",36,33.93,19,56,-0.58,36,68.07,"734,626","107,919",10,49.3,66,134,+0.76,36,E,36,7.9,25,106,+0.120,40,.354,9.558,27,36,1.521,.342,.673,.505,23,36,-.132,36,16.67,53,318,-0.13,36,15.41,49,318,E,36,82.80,414,500,40,55.04,306,556,36,32.08,102,318,-0.69,36,55.97,178,318,-0.26
Joaquin Niemann,42,64.17,"1,284,097","200,095",13,49.7,87,175,+1.49,42,3.43,15,437,+0.27,46,53.47,"312,308","58,404",42,22.06,15,68,-0.60,42,67.92,"1,006,346","148,158",13,50.3,88,175,+0.80,42,E,42,6.2,27,115,+0.333,46,.365,12.775,35,42,.731,.326,.508,-.103,31,42,+.082,42,16.70,73,437,+0.08,42,15.56,68,437,E,42,82.82,487,588,46,56.52,364,644,42,32.27,141,437,+0.43,42,58.12,254,437,-0.23
Paul Casey,28,64.13,"671,190","104,665",7,42.6,29,68,+0.34,28,2.63,6,228,+0.50,28,54.31,"172,024","31,674",28,32.50,13,40,-0.31,28,68.39,"499,166","72,991",7,57.4,39,68,+2.82,28,+.139,28,2.6,6,25,+0.333,28,.557,8.915,16,28,1.034,.557,.905,-.428,16,28,+.037,28,11.84,27,228,+0.04,28,15.79,36,228,+0.14,28,87.47,342,391,28,63.94,250,391,28,27.63,63,228,+0.95,28,67.11,153,228,-0.21
Harry Higgs,57,64.13,"1,755,429","273,732",16,55.3,120,217,+0.17,57,2.68,16,598,+0.25,61,53.64,"419,827","78,269",57,18.42,21,114,-0.24,57,67.85,"1,370,178","201,930",16,44.7,97,217,+0.62,57,-.027,57,8.4,50,210,+0.100,61,.459,21.581,47,57,.281,.443,-.137,-.025,43,57,-.025,57,13.38,80,598,-0.03,57,12.37,74,598,-0.03,57,83.56,666,797,61,63.07,538,853,57,25.75,154,598,-0.26,57,63.21,378,598,-0.17
Corey Conners,44,64.11,"1,322,611","206,317",13,59.6,81,136,+1.48,44,1.55,7,451,+1.00,48,53.75,"331,754","61,719",44,18.75,12,64,-0.25,44,67.89,"1,025,553","151,065",13,40.4,55,136,+2.36,44,+.130,44,5.3,24,99,+0.250,48,.601,21.643,36,44,.859,.582,.601,-.325,32,44,+.074,44,15.08,68,451,+0.07,44,10.20,46,451,+0.13,44,86.69,534,616,48,66.96,450,672,44,25.28,114,451,+0.96,44,67.85,306,451,-0.19
Sebastian Cappelen,43,64.09,"1,031,044","160,878",13,61.1,99,162,+1.21,43,2.92,10,343,+0.30,43,53.57,"256,329","47,845",43,18.60,16,86,-0.56,43,68.54,"774,715","113,033",13,38.9,63,162,+1.75,43,+.188,43,7.6,26,109,+0.231,43,.304,7.602,25,43,-.550,.304,-.770,-.084,25,43,+.062,43,23.62,81,343,+0.06,43,13.99,48,343,+0.19,43,79.70,479,601,43,51.75,311,601,43,37.61,129,343,+1.09,43,51.90,178,343,-0.21
Cameron Davis,40,64.08,"1,142,600","178,301",13,58.8,97,165,+2.47,40,4.88,19,389,+1.16,40,54.78,"264,924","48,359",40,28.75,23,80,-0.30,40,67.54,"877,676","129,942",13,41.2,68,165,+1.32,40,-.085,40,6.4,25,104,+0.160,40,.180,5.042,28,40,.571,.180,.180,.211,28,40,+.149,40,19.02,74,389,+0.15,40,12.08,47,389,-0.09,40,80.14,448,559,40,57.25,320,559,40,31.11,121,389,+0.58,40,57.58,224,389,-0.25
Kristoffer Ventura,34,64.07,"732,231","114,279",12,62.0,62,100,+2.26,34,3.23,8,248,+0.63,34,54.99,"179,290","32,603",34,17.65,12,68,-0.67,34,67.70,"552,941","81,676",12,38.0,38,100,+0.26,34,E,34,6.5,16,69,E,34,-.123,-2.205,18,34,-1.576,-.123,-.525,-.929,18,34,+.208,34,19.35,48,248,+0.21,34,12.10,30,248,E,34,81.89,389,475,34,59.37,282,475,34,31.45,78,248,+1.28,34,58.87,146,248,-0.27
Cameron Smith,36,64.06,"1,111,516","173,513",11,43.3,65,150,+0.31,36,2.15,8,372,+0.75,38,53.37,"248,727","46,600",36,21.43,12,56,+0.08,36,67.61,"879,888","130,141",11,56.7,85,150,+2.00,36,+.103,36,6.2,23,97,+0.435,38,-.086,-2.483,29,36,-.269,-.063,-.287,.081,27,36,-.085,36,15.86,59,372,-0.08,36,18.28,68,372,+0.10,36,79.96,403,504,38,56.95,303,532,36,34.14,127,372,+0.16,36,57.53,214,372,-0.27
Sebastián Muñoz,52,64.05,"1,900,490","296,730",16,46.1,105,228,+0.67,52,3.28,21,641,+0.48,56,53.63,"485,579","90,534",52,24.04,25,104,-0.20,52,68.15,"1,449,199","212,663",16,53.9,123,228,+0.98,52,-.040,52,5.6,36,154,+0.111,56,.247,12.338,50,52,.665,.251,.381,.033,46,52,+.045,52,13.73,88,641,+0.05,52,15.76,101,641,-0.04,52,83.20,609,732,56,61.04,481,788,52,29.49,189,641,E,52,61.62,395,641,-0.22
Webb Simpson,22,64.04,"853,764","133,312",6,51.7,46,89,+1.30,22,3.06,9,294,+0.33,26,53.64,"198,238","36,960",22,20.45,9,44,+0.22,22,67.08,"689,716","102,819",6,48.3,43,89,-0.47,22,-.054,22,4.4,13,53,E,26,.003,.069,25,22,1.073,-.039,.836,.276,21,22,+.051,22,13.27,39,294,+0.05,22,12.59,37,294,-0.05,22,86.69,267,308,26,67.03,244,364,22,25.85,76,294,E,22,66.67,196,294,-0.30
Peter Uihlein,33,64.04,"933,390","145,759",10,50.0,81,162,+3.09,33,7.01,22,314,+0.64,33,53.25,"201,453","37,835",33,25.76,17,66,-0.82,33,67.82,"731,937","107,924",10,50.0,81,162,+0.25,33,-.119,33,8.0,25,104,+0.200,33,-.785,-18.058,23,33,.016,-.785,.309,.492,23,33,+.203,33,18.79,59,314,+0.20,33,18.79,59,314,-0.12,33,78.31,361,461,33,47.72,220,461,33,37.58,118,314,+0.42,33,47.45,149,314,-0.33
Brendan Steele,40,64.04,"1,299,706","202,956",13,54.7,94,172,+1.17,40,1.35,6,444,+0.67,40,54.16,"279,171","51,546",40,16.25,13,80,-0.31,40,67.40,"1,020,535","151,410",13,45.3,78,172,+1.41,40,+.057,40,9.2,41,175,+0.268,40,.192,6.148,32,40,.464,.192,.312,-.040,32,40,+.068,40,16.67,74,444,+0.07,40,11.94,53,444,+0.06,40,82.68,463,560,40,61.79,346,560,40,28.60,127,444,+0.63,40,60.81,270,444,-0.21
Matt Jones,50,64.03,"1,546,729","241,564",15,55.0,116,211,+1.03,50,3.40,18,530,+0.44,54,53.51,"351,904","65,767",50,17.39,16,92,-0.38,50,67.46,"1,229,470","182,264",15,45.0,95,211,+1.05,50,+.086,50,8.7,46,193,+0.109,54,.317,13.327,42,50,.234,.275,-.188,.147,38,50,+.037,50,15.28,81,530,+0.04,50,13.21,70,530,+0.09,50,81.55,570,699,54,59.21,447,755,50,28.49,151,530,+0.60,50,59.43,315,530,-0.15
Si Woo Kim,40,64.02,"1,061,998","165,889",14,50.3,78,155,+2.44,40,4.46,16,359,+0.44,42,53.28,"268,581","50,414",40,15.63,10,64,-0.20,40,68.28,"810,521","118,703",14,49.7,77,155,+1.30,40,+.053,40,8.6,31,133,+0.226,42,-.273,-7.649,28,40,-.603,-.310,-.583,.290,26,40,+.136,40,16.43,59,359,+0.14,40,15.88,57,359,+0.05,40,76.40,424,555,42,55.23,322,583,40,32.31,116,359,+0.95,40,54.60,196,359,-0.18
Matt Wallace,16,64.02,"493,002","77,002",5,54.4,37,68,+1.89,16,3.07,5,163,+0.60,20,54.93,"148,433","27,022",16,41.67,10,24,-0.10,16,67.38,"380,342","56,447",5,45.6,31,68,+1.61,16,+.069,16,6.7,11,49,+0.091,20,.325,5.194,16,16,-.296,.110,-.714,.307,12,16,+.133,16,18.40,30,163,+0.13,16,17.79,29,163,+0.07,16,76.79,172,224,20,56.79,159,280,16,36.20,59,163,+1.02,16,53.99,88,163,-0.16
Scott Piercy,48,64.01,"1,301,554","203,327",13,66.1,115,174,+1.30,48,2.47,11,445,+0.45,50,53.90,"300,167","55,690",48,18.75,15,80,-0.47,48,67.45,"1,017,640","150,865",13,33.9,59,174,+0.51,48,+.043,48,7.4,33,137,-0.152,50,.297,10.097,34,48,.340,.285,.196,-.140,32,48,+.195,48,19.55,87,445,+0.20,48,10.56,47,445,+0.04,48,84.41,563,667,50,62.59,435,695,48,30.11,134,445,+1.42,48,60.00,267,445,-0.21
Cameron Tringale,46,64.00,"1,474,382","230,356",12,42.1,96,228,+0.52,46,2.82,14,496,+0.50,46,53.91,"353,706","65,608",46,17.39,16,92,-0.25,46,68.02,"1,120,676","164,748",12,57.9,132,228,-0.91,46,-.210,46,7.1,35,147,+0.200,46,.026,.919,36,46,.857,.026,.669,.162,36,46,-.025,46,16.13,80,496,-0.03,46,21.17,105,496,-0.21,46,82.27,529,643,46,52.72,339,643,46,37.30,185,496,-1.30,46,52.82,262,496,-0.21
Jordan Spieth,34,64.00,"786,270","122,851",9,44.7,59,132,+1.53,34,2.64,7,265,+0.43,38,52.96,"210,147","39,677",34,25.00,11,44,+0.09,34,68.19,"611,289","89,641",9,55.3,73,132,+0.96,34,+.045,34,7.2,19,80,+0.368,38,-.216,-4.961,23,34,-.224,-.215,-.451,.443,19,34,E,34,16.98,45,265,E,34,25.28,67,265,+0.04,34,75.80,357,471,38,50.28,265,527,34,42.26,112,265,+0.27,34,47.92,127,265,-0.18
J.B. Holmes,24,63.95,"799,735","125,056",7,39.6,42,106,+0.71,24,5.20,14,269,+0.29,24,53.25,"191,196","35,907",24,15.91,7,44,-0.43,24,68.26,"608,539","89,149",7,60.4,64,106,+0.78,24,+.022,24,5.2,14,57,+0.286,24,.197,3.749,19,24,-.151,.197,-.334,-.014,19,24,-.026,24,14.13,38,269,-0.03,24,16.73,45,269,+0.02,24,81.71,277,339,24,60.77,206,339,24,30.86,83,269,E,24,58.74,158,269,-0.16
Abraham Ancer,44,63.90,"1,061,129","166,058",12,60.4,84,139,+0.71,44,1.65,6,363,+0.33,48,53.88,"271,296","50,354",44,18.75,12,64,-0.17,44,67.43,"823,767","122,171",12,39.6,55,139,+1.82,44,+.042,44,7.2,26,105,+0.231,48,.425,12.762,30,44,.880,.364,.422,.094,26,44,+.088,44,18.73,68,363,+0.09,44,13.22,48,363,+0.04,44,82.52,505,612,48,64.52,431,668,44,31.96,116,363,+0.69,44,59.23,215,363,-0.20
Kevin Chappell,31,63.89,"898,170","140,574",10,55.3,73,132,+2.74,31,5.59,17,304,+1.06,33,53.55,"239,272","44,686",31,12.90,8,62,-0.25,31,68.22,"676,158","99,116",10,44.7,59,132,+0.85,31,-.043,31,6.9,21,89,+0.381,33,-.164,-3.941,24,31,-.497,-.205,-.222,-.069,22,31,+.096,31,17.11,52,304,+0.10,31,15.13,46,304,-0.04,31,77.83,337,433,33,54.66,252,461,31,32.24,98,304,+0.31,31,55.26,168,304,-0.18
Harold Varner III,50,63.88,"1,342,245","210,134",14,48.2,79,164,+3.16,50,2.61,12,460,+0.25,52,54.66,"318,736","58,316",50,22.62,19,84,-0.53,50,67.12,"1,040,725","155,046",14,51.8,85,164,-0.47,50,-.048,50,7.6,35,149,+0.171,52,.527,18.440,35,50,1.194,.564,.414,.216,33,50,+.233,50,13.04,60,460,+0.23,50,13.48,62,460,-0.05,50,83.31,579,695,52,61.83,447,723,50,26.52,122,460,+0.90,50,63.26,291,460,-0.24
Sungjae Im,58,63.74,"1,757,400","275,696",15,52.2,105,201,+0.57,58,2.18,13,597,-0.08,60,53.75,"412,977","76,838",58,21.74,20,92,-0.45,58,67.37,"1,361,514","202,086",15,47.8,96,201,+0.21,58,-.014,58,8.2,49,209,+0.061,60,.550,24.754,45,58,1.049,.540,.499,.010,43,58,+.077,58,13.07,78,597,+0.08,58,11.89,71,597,-0.01,58,84.90,686,808,60,64.11,536,836,58,24.96,149,597,+0.34,58,64.66,386,597,-0.22
Sam Ryder,52,63.73,"1,544,830","242,413",17,58.5,120,205,+1.00,52,3.05,16,524,+1.00,56,53.50,"371,449","69,424",52,15.38,16,104,-0.63,52,67.35,"1,208,710","179,456",17,41.5,85,205,+2.35,52,+.098,52,6.9,36,154,+0.222,56,-.102,-4.301,42,52,-.026,-.136,.205,-.095,38,52,E,52,18.32,96,524,E,52,11.64,61,524,+0.10,52,81.59,594,728,56,59.69,468,784,52,29.96,157,524,+0.38,52,60.11,315,524,-0.18
Rafael Campos,29,63.69,"731,545","114,856",9,69.6,80,115,+2.13,29,2.83,7,247,+0.43,29,53.28,"187,589","35,206",29,17.24,10,58,-0.60,29,68.29,"543,956","79,650",9,30.4,35,115,-1.14,29,-.100,29,5.3,13,53,+0.462,29,-.156,-2.814,18,29,.030,-.156,-.171,.357,18,29,+.119,29,27.13,67,247,+0.12,29,12.15,30,247,-0.10,29,77.09,313,406,29,53.69,218,406,29,39.27,97,247,+0.52,29,52.63,130,247,-0.24
Shane Lowry,18,63.69,"403,742","63,395",5,24.4,11,45,E,18,.72,1,139,-1.00,20,52.72,"90,653","17,195",18,25.00,5,20,-0.40,18,66.72,"329,788","49,428",5,75.6,34,45,+0.88,18,+.063,18,5.8,8,34,+0.125,20,.457,5.482,12,18,.846,.532,.201,.112,10,18,E,18,7.91,11,139,E,18,23.02,32,139,+0.06,18,83.87,208,248,20,61.59,170,276,18,30.94,43,139,+0.47,18,62.59,87,139,-0.13
Francesco Molinari,19,63.60,"493,967","77,662",6,50.6,39,77,+1.79,19,.61,1,164,+1.00,19,52.48,"126,917","24,183",19,23.33,7,30,E,19,68.63,"367,050","53,479",6,49.4,38,77,+0.26,19,-.139,19,4.9,8,32,+0.875,19,-.284,-3.409,12,19,-.817,-.284,-.451,-.082,12,19,+.108,19,22.56,37,164,+0.11,19,21.95,36,164,-0.14,19,78.57,209,266,19,53.01,141,266,19,44.51,73,164,-0.14,19,50.00,82,164,-0.13
Maverick McNealy,54,63.59,"1,455,226","228,845",15,50.7,105,207,+0.67,54,2.00,10,499,+0.60,58,53.35,"378,164","70,882",54,13.89,15,108,-0.47,54,67.57,"1,111,063","164,430",15,49.3,102,207,E,54,E,54,9.0,45,194,+0.022,58,.214,8.541,40,54,.318,.186,-.003,.135,36,54,-.013,54,15.43,77,499,-0.01,54,15.63,78,499,E,54,85.17,643,755,58,61.16,496,811,54,31.06,155,499,-0.06,54,57.92,289,499,-0.21
Aaron Wise,31,63.56,"806,687","126,911",11,65.5,72,110,+2.22,31,3.60,10,278,+0.80,33,53.87,"197,444","36,651",31,20.97,13,62,-0.38,31,67.01,"626,427","93,488",11,34.5,38,110,+0.53,31,E,31,7.6,21,90,-0.095,33,.115,2.519,22,31,.134,.073,.173,-.113,20,31,+.182,31,19.78,55,278,+0.18,31,11.15,31,278,E,31,84.53,366,433,33,59.87,276,461,31,30.94,86,278,+1.16,31,57.91,161,278,-0.07
Sepp Straka,40,63.53,"1,295,917","203,985",16,49.1,82,167,+2.07,40,4.25,19,447,+0.89,44,54.01,"326,045","60,365",40,13.75,11,80,-0.27,40,67.05,"1,006,327","150,087",16,50.9,85,167,+1.18,40,+.032,40,5.8,26,112,+0.115,44,.292,10.504,36,40,.247,.343,.048,-.144,32,40,+.111,40,14.09,63,447,+0.11,40,14.09,63,447,+0.03,40,83.39,467,560,44,61.36,378,616,40,28.19,126,447,+0.71,40,61.74,276,447,-0.18
Nick Taylor,41,63.52,"1,295,418","203,931",12,47.7,73,153,+1.10,41,1.80,8,445,+1.00,41,53.18,"295,974","55,655",41,15.85,13,82,-0.62,41,67.40,"999,444","148,276",12,52.3,80,153,+2.38,41,+.088,41,7.6,34,145,+0.206,41,.191,6.114,32,41,.241,.191,-.033,.083,32,41,+.107,41,12.58,56,445,+0.11,41,12.81,57,445,+0.09,41,84.29,483,573,41,67.19,385,573,41,25.39,113,445,+0.97,41,65.17,290,445,-0.22
Hudson Swafford,21,63.51,"562,323","88,540",6,49.4,40,81,-0.50,21,4.15,8,193,+0.38,21,55.77,"103,476","18,555",21,16.67,7,42,-0.14,21,65.56,"458,847","69,985",6,50.6,41,81,+0.98,21,E,21,9.3,18,76,+0.111,21,-.049,-.679,14,21,.411,-.049,.181,.278,14,21,-.107,21,14.51,28,193,-0.11,21,13.99,27,193,E,21,81.29,239,294,21,55.44,163,294,21,28.50,55,193,-0.55,21,58.03,112,193,-0.16
Daniel Berger,38,63.50,"1,204,649","189,702",10,65.9,85,129,+0.71,38,2.63,11,418,+0.45,42,54.36,"301,661","55,498",38,19.12,13,68,-0.69,38,66.61,"937,065","140,671",10,34.1,44,129,+1.14,38,E,38,5.3,22,94,+0.182,42,.343,11.655,34,38,.977,.349,.436,.192,30,38,E,38,16.03,67,418,E,38,8.13,34,418,E,38,87.10,459,527,42,66.38,387,583,38,24.16,101,418,E,38,67.94,284,418,-0.24
Martin Laird,39,63.44,"1,188,390","187,338",12,53.2,75,141,+1.47,39,4.20,17,405,+0.94,39,53.78,"287,108","53,386",39,12.82,10,78,-0.50,39,67.28,"901,282","133,952",12,46.8,66,141,+2.88,39,+.159,39,5.7,23,102,+0.130,39,.251,7.269,29,39,.415,.251,.187,-.023,29,39,+.083,39,14.81,60,405,+0.08,39,10.86,44,405,+0.16,39,83.33,455,546,39,63.74,348,546,39,25.68,104,405,+1.15,39,64.44,261,405,-0.23
Charley Hoffman,41,63.42,"1,227,616","193,556",13,64.4,114,177,+0.09,41,2.89,12,415,+0.33,43,53.47,"323,648","60,532",41,12.16,9,74,-0.33,41,67.56,"920,538","136,252",13,35.6,63,177,+2.86,41,+.333,41,11.6,48,204,+0.167,43,.037,1.175,32,41,.278,.161,.187,-.070,30,41,-.113,41,19.28,80,415,-0.11,41,10.12,42,415,+0.33,41,83.60,479,573,43,57.24,344,601,41,29.40,122,415,+0.41,41,56.14,233,415,-0.19
Russell Knox,49,63.37,"1,417,455","223,694",15,63.7,121,190,+1.98,49,4.12,20,486,+0.45,51,53.17,"327,157","61,528",49,15.31,15,98,-0.40,49,66.94,"1,107,105","165,394",15,36.3,69,190,+0.72,49,E,49,10.1,49,212,+0.163,51,-.202,-7.471,37,49,.535,-.192,.755,-.027,35,49,+.169,49,15.84,77,486,+0.17,49,9.47,46,486,E,49,82.63,566,685,51,61.57,439,713,49,25.31,123,486,+1.06,49,60.49,294,486,-0.23
Lanto Griffin,60,63.37,"1,960,433","309,370",17,51.7,137,265,+0.66,60,2.99,20,670,+0.60,62,54.29,"495,846","91,326",60,30.00,36,120,-0.39,60,66.95,"1,481,402","221,272",17,48.3,128,265,+1.09,60,-.020,60,7.5,50,216,+0.200,62,.085,4.256,50,60,.258,.105,.063,.090,48,60,E,60,15.82,106,670,E,60,15.22,102,670,-0.02,60,80.55,679,843,62,57.52,501,871,60,31.04,208,670,-0.10,60,58.51,392,670,-0.21
Joel Dahmen,51,63.35,"1,417,262","223,712",14,56.1,88,157,+1.59,51,2.05,10,487,+0.50,55,53.53,"342,769","64,034",51,17.44,15,86,-0.40,51,66.69,"1,108,033","166,145",14,43.9,69,157,+1.59,51,-.043,51,6.0,29,121,+0.414,55,.478,18.652,39,51,1.312,.479,.710,.123,35,51,+.118,51,15.61,76,487,+0.12,51,9.65,47,487,-0.04,51,82.23,583,709,55,66.14,506,765,51,25.26,123,487,+0.57,51,66.74,325,487,-0.22
Adam Hadwin,35,63.34,"964,037","152,205",9,52.5,53,101,+1.70,35,1.20,4,334,+0.50,39,52.88,"242,274","45,815",35,14.81,8,54,-0.50,35,67.01,"756,229","112,857",9,47.5,48,101,+0.21,35,+.029,35,6.9,23,97,E,39,.125,3.505,28,35,.774,.156,.521,.097,24,35,+.178,35,13.47,45,334,+0.18,35,10.48,35,334,+0.03,35,83.71,406,485,39,67.84,367,541,35,23.95,80,334,+1.13,35,67.96,227,334,-0.27
Brian Harman,48,63.33,"1,649,223","260,416",13,51.9,98,189,+0.82,48,2.80,16,572,+0.31,52,52.28,"368,728","70,528",48,7.29,7,96,-0.29,48,66.96,"1,314,856","196,355",13,48.1,91,189,+1.65,48,+.113,48,5.1,29,119,+0.241,52,.114,5.137,45,48,.500,.161,.231,.109,41,48,E,48,13.29,76,572,E,48,13.99,80,572,+0.11,48,82.89,557,672,52,63.46,462,728,48,27.27,156,572,+0.58,48,64.86,371,572,-0.21
Keegan Bradley,44,63.32,"1,339,365","211,526",13,46.9,82,175,+2.93,44,2.84,13,457,+0.31,44,54.40,"287,203","52,791",44,16.67,12,72,-0.58,44,66.28,"1,052,162","158,735",13,53.1,93,175,+1.29,44,+.045,44,9.2,42,178,+0.333,44,.140,4.604,33,44,.598,.140,.173,.285,33,44,+.224,44,12.69,58,457,+0.22,44,14.44,66,457,+0.05,44,82.03,502,612,44,59.48,364,612,44,27.13,124,457,+1.29,44,60.83,278,457,-0.17
Jimmy Walker,34,63.31,"1,178,541","186,161",11,63.5,129,203,+2.02,34,7.32,29,396,+0.69,36,54.13,"277,240","51,214",34,20.59,14,68,-0.07,34,66.46,"918,259","138,175",11,36.5,74,203,+0.27,34,-.037,34,8.1,32,138,-0.063,36,-.692,-21.466,31,34,-.127,-.592,.500,-.035,29,34,+.156,34,22.73,90,396,+0.16,34,13.64,54,396,-0.04,34,77.26,367,475,36,49.11,247,503,34,36.36,144,396,+0.83,34,48.23,191,396,-0.15
Lucas Glover,43,63.25,"1,053,774","166,598",13,61.6,69,112,+1.88,43,2.21,8,362,+0.25,47,53.04,"287,924","54,286",43,20.97,13,62,E,43,67.37,"800,251","118,779",13,38.4,43,112,+1.63,43,+.125,43,6.9,25,109,+0.400,47,.360,10.801,30,43,.126,.351,.131,-.356,26,43,+.058,43,14.36,52,362,+0.06,43,8.84,32,362,+0.13,43,84.25,503,597,47,66.00,431,653,43,23.20,84,362,+0.83,43,67.68,245,362,-0.15
Roger Sloan,33,63.25,"807,879","127,731",13,43.6,48,110,+1.67,33,2.90,8,276,+0.50,35,52.38,"199,492","38,086",33,7.58,5,66,-0.60,33,67.29,"624,966","92,873",13,56.4,62,110,+1.13,33,E,33,7.2,20,82,+0.250,35,-.238,-5.247,22,33,-.423,-.074,-.504,.155,20,33,+.125,33,14.49,40,276,+0.13,33,15.94,44,276,E,33,81.17,375,462,35,58.57,287,490,33,30.43,84,276,+0.60,33,59.42,164,276,-0.11
Danny Willett,20,63.22,"490,576","77,599",6,50.0,38,76,+2.37,20,1.23,2,163,+0.50,22,53.89,"134,522","24,962",20,41.67,10,24,+0.10,20,66.71,"372,648","55,865",6,50.0,38,76,-1.58,20,-.211,20,6.7,11,47,-0.091,22,-.248,-3.472,14,20,-.205,-.159,-.019,-.026,12,20,+.281,20,19.63,32,163,+0.28,20,23.31,38,163,-0.21,20,77.14,216,280,22,51.30,158,308,20,42.94,70,163,+0.14,20,49.08,80,163,-0.11
Chesson Hadley,42,63.21,"1,199,655","189,798",13,50.7,72,142,+2.50,42,4.09,17,416,+0.59,46,53.45,"304,467","56,967",42,14.47,11,76,+0.18,42,66.74,"929,662","139,298",13,49.3,70,142,+1.29,42,-.019,42,3.8,16,66,+0.625,46,.163,5.532,34,42,.600,.113,.532,-.045,30,42,+.136,42,14.18,59,416,+0.14,42,12.74,53,416,-0.02,42,87.05,511,587,46,66.56,428,643,42,26.92,112,416,+0.63,42,65.14,271,416,-0.22
Anirban Lahiri,33,63.19,"843,124","133,429",12,56.4,66,117,+0.30,33,4.10,12,293,+0.33,33,52.41,"200,374","38,235",33,9.09,6,66,-0.67,33,67.52,"642,750","95,194",12,43.6,51,117,+1.57,33,+.119,33,6.5,19,82,+0.053,33,.029,.618,21,33,-.584,.029,-.639,.025,21,33,-.043,33,15.70,46,293,-0.04,33,14.33,42,293,+0.12,33,82.00,378,461,33,60.52,279,461,33,30.03,88,293,+0.34,33,59.39,174,293,-0.14
Shawn Stefani,26,63.15,"523,225","82,849",7,52.2,36,69,+2.22,26,6.59,12,182,+0.67,26,51.79,"124,941","24,124",26,19.23,10,52,-0.50,26,67.82,"398,284","58,725",7,47.8,33,69,+0.91,26,-.080,26,6.6,12,52,+0.333,26,.044,.577,13,26,-.563,.044,-.454,-.154,13,26,+.045,26,12.09,22,182,+0.05,26,13.74,25,182,-0.08,26,84.34,307,364,26,60.44,220,364,26,25.82,47,182,-0.21,26,60.99,111,182,-0.12
Nelson Ledesma,34,63.15,"726,004","114,957",13,50.8,63,124,+1.90,34,4.07,10,246,+1.30,34,52.91,"179,663","33,956",34,14.71,10,68,-0.50,34,67.45,"546,341","81,001",13,49.2,61,124,+3.77,34,+.200,34,8.9,22,95,+0.364,34,-.712,-12.808,18,34,-2.001,-.712,-.718,-.572,18,34,+.125,34,19.51,48,246,+0.13,34,18.29,45,246,+0.20,34,76.63,364,475,34,49.89,237,475,34,37.80,93,246,+1.61,34,49.19,121,246,-0.25
Nick Watney,35,63.12,"1,079,628","171,034",12,52.3,80,153,+1.63,35,4.29,16,373,+0.63,36,54.25,"260,314","47,984",35,11.43,8,70,-0.38,35,66.42,"828,012","124,669",12,47.7,73,153,+0.41,35,+.066,35,4.8,18,76,-0.167,36,-.279,-7.820,28,35,.433,-.133,.292,.274,27,35,+.081,35,16.62,62,373,+0.08,35,16.35,61,373,+0.07,35,82.62,404,489,36,57.46,289,503,35,32.98,123,373,+0.73,35,57.91,216,373,-0.19
Sangmoon Bae,18,63.12,"361,832","57,329",7,36.8,21,57,+0.95,18,4.03,5,124,+1.40,18,52.08,"89,315","17,148",18,8.33,3,36,E,18,67.82,"272,517","40,181",7,63.2,36,57,+2.50,18,E,18,6.5,8,33,+0.500,18,-.664,-5.975,9,18,-1.717,-.664,-.584,-.468,9,18,E,18,14.52,18,124,E,18,21.77,27,124,E,18,81.35,205,252,18,57.14,144,252,18,36.29,45,124,E,18,53.23,66,124,-0.23
Matt Every,30,63.12,"1,047,313","165,925",12,52.7,79,150,+1.14,30,5.87,21,358,+0.71,32,52.97,"272,325","51,409",30,13.33,8,60,-0.25,30,67.25,"791,782","117,744",12,47.3,71,150,+2.54,30,+.255,30,6.7,24,105,+0.167,32,-.378,-10.586,28,30,-.573,-.289,-.120,-.164,26,30,-.053,30,15.92,57,358,-0.05,30,14.25,51,358,+0.25,30,79.71,334,419,32,56.60,253,447,30,30.17,108,358,+0.93,30,57.26,205,358,-0.17
Collin Morikawa,48,63.11,"1,595,266","252,782",12,54.3,101,186,+1.09,48,1.64,9,549,+0.11,52,53.46,"407,911","76,297",48,20.00,16,80,-0.44,48,66.78,"1,221,725","182,952",12,45.7,85,186,-0.47,48,-.119,48,8.0,44,183,+0.159,52,.410,17.645,43,48,1.683,.409,1.234,.039,39,48,+.052,48,14.03,77,549,+0.05,48,12.20,67,549,-0.12,48,86.46,581,672,52,65.11,474,728,48,26.23,144,549,-0.28,48,64.12,352,549,-0.21
Michael Gligic,36,63.10,"882,541","139,856",13,61.2,71,116,+1.55,36,2.98,9,302,+0.44,38,53.27,"239,064","44,875",36,12.50,9,72,+0.11,36,67.25,"660,493","98,209",13,38.8,45,116,-0.22,36,-.027,36,6.3,19,84,+0.053,38,.174,4.184,24,36,-.466,.139,-.328,-.277,22,36,+.118,36,16.89,51,302,+0.12,36,12.25,37,302,-0.03,36,83.10,418,503,38,58.95,313,531,36,29.14,88,302,+0.57,36,61.59,186,302,-0.18
Billy Horschel,45,63.07,"1,015,305","160,992",12,52.7,58,110,+1.55,45,3.76,13,346,+0.85,47,53.19,"241,014","45,308",45,18.18,12,66,-0.17,45,66.56,"791,421","118,912",12,47.3,52,110,+0.77,45,E,45,6.9,24,102,E,47,.420,11.334,27,45,.515,.450,-.127,.191,25,45,+.140,45,12.43,43,346,+0.14,45,10.40,36,346,E,45,83.87,525,626,47,65.44,428,654,45,22.83,79,346,+0.76,45,66.47,230,346,-0.20
Chris Kirk,19,63.07,"473,810","75,129",7,50.0,29,58,+3.45,19,2.41,4,166,+1.00,19,52.76,"82,345","15,606",19,2.63,1,38,+1.00,19,65.77,"391,465","59,523",7,50.0,29,58,+0.69,19,E,19,5.4,9,40,+0.111,19,.128,1.533,12,19,-.017,.128,-.118,-.027,12,19,+.304,19,13.86,23,166,+0.30,19,13.25,22,166,E,19,83.40,221,265,19,62.26,165,265,19,27.11,45,166,+1.56,19,65.06,108,166,-0.11
Louis Oosthuizen,18,63.05,"399,278","63,332",5,42.3,22,52,+1.82,18,1.46,2,137,+1.00,20,52.10,"90,438","17,358",18,20.00,4,20,+0.25,18,66.29,"326,179","49,202",5,57.7,30,52,+3.00,18,+.320,18,9.5,13,56,+0.231,20,-.363,-4.350,12,18,-1.598,-.509,-.359,-.730,10,18,+.071,18,10.22,14,137,+0.07,18,18.25,25,137,+0.32,18,81.45,202,248,20,62.32,172,276,18,28.47,39,137,+2.31,18,60.58,83,137,-0.18
Mackenzie Hughes,34,63.05,"1,037,548","164,569",13,48.7,74,152,+3.11,34,4.99,18,361,+0.89,38,53.72,"258,712","48,158",34,11.76,8,68,-0.38,34,66.19,"813,283","122,878",13,51.3,78,152,+2.31,34,+.091,34,8.3,30,127,+0.300,38,-.526,-15.785,30,34,-.477,-.586,-.417,.526,26,34,+.192,34,14.40,52,361,+0.19,34,15.24,55,361,+0.09,34,77.47,368,475,38,56.69,301,531,34,29.64,107,361,+1.40,34,57.06,206,361,-0.19
Marc Leishman,35,63.04,"1,057,095","167,677",10,48.1,74,154,+0.95,35,2.51,9,358,+1.11,35,54.24,"250,964","46,265",35,16.67,9,54,E,35,66.40,"806,131","121,412",10,51.9,80,154,+0.50,35,-.031,35,7.5,27,114,+0.037,35,.091,2.375,26,35,1.123,.091,1.165,-.134,26,35,-.016,35,17.04,61,358,-0.02,35,17.88,64,358,-0.03,35,80.45,391,486,35,51.85,252,486,35,34.92,125,358,-0.24,35,55.03,197,358,-0.19
Scott Stallings,41,63.04,"1,087,014","172,441",12,49.4,77,156,+3.25,41,4.80,18,375,+0.33,45,52.85,"285,503","54,019",41,17.07,14,82,-0.43,41,66.82,"834,509","124,889",12,50.6,79,156,+1.27,41,+.034,41,8.0,30,132,+0.367,45,-.156,-4.828,31,41,.123,-.105,.059,.169,27,41,+.259,41,14.40,54,375,+0.26,41,15.73,59,375,+0.03,41,80.80,463,573,45,56.28,354,629,41,30.13,113,375,+1.42,41,57.07,214,375,-0.23
Kiradech Aphibarnrat,17,62.99,"281,460","44,683",6,51.3,20,39,-0.50,17,6.12,6,98,+0.33,17,53.49,"59,146","11,058",17,3.85,1,26,-1.00,17,66.12,"222,314","33,625",6,48.7,19,39,+1.58,17,+.167,17,9.2,9,38,+0.222,17,.052,.362,7,17,-.155,.052,.260,-.468,7,17,-.143,17,14.29,14,98,-0.14,17,12.24,12,98,+0.17,17,83.54,198,237,17,62.87,149,237,17,26.53,26,98,E,17,58.16,57,98,-0.09
Vince Covello,21,62.99,"602,905","95,718",9,64.1,50,78,+2.20,21,3.35,7,209,+0.43,21,51.76,"135,514","26,179",21,14.29,6,42,-0.33,21,67.21,"467,391","69,539",9,35.9,28,78,+0.36,21,+.059,21,4.8,10,44,+0.400,21,.251,3.767,15,21,-.538,.251,-.264,-.525,15,21,+.091,21,21.05,44,209,+0.09,21,8.13,17,209,+0.06,21,82.31,242,294,21,59.18,174,294,21,29.19,61,209,+0.82,21,62.68,131,209,-0.15
Austin Cook,38,62.99,"1,040,886","165,239",13,43.4,53,122,+2.45,38,3.05,11,361,+0.45,40,52.67,"249,879","47,440",38,5.26,4,76,-0.25,38,66.75,"807,830","121,027",13,56.6,69,122,+1.74,38,+.080,38,5.8,21,89,+0.429,40,.360,10.080,28,38,.088,.372,-.311,.027,26,38,+.163,38,11.91,43,361,+0.16,38,13.85,50,361,+0.08,38,83.43,443,531,40,64.58,361,559,38,25.76,93,361,+1.18,38,65.37,236,361,-0.19
J.T. Poston,50,62.98,"1,413,976","224,497",14,61.8,107,173,+1.12,50,2.64,13,492,+0.46,54,51.81,"335,711","64,795",50,4.76,4,84,-0.75,50,66.95,"1,112,516","166,169",14,38.2,66,173,+1.67,50,+.115,50,6.1,30,124,+0.267,54,.141,5.480,39,50,.164,.135,-.070,.098,35,50,+.057,50,17.68,87,492,+0.06,50,10.57,52,492,+0.12,50,84.14,589,700,54,64.15,485,756,50,28.25,139,492,+0.79,50,63.01,310,492,-0.19
Patton Kizzire,37,62.97,"1,158,964","184,049",13,53.3,97,182,+1.24,37,7.04,28,398,+0.75,39,52.71,"260,680","49,453",37,5.41,4,74,-0.25,37,66.37,"914,727","137,824",13,46.7,85,182,+2.47,37,+.133,37,7.0,28,123,+0.036,39,-.807,-25.007,31,37,-1.620,-.807,-.747,-.066,29,37,E,37,17.59,70,398,E,37,15.08,60,398,+0.13,37,76.64,397,518,39,52.56,287,546,37,32.66,130,398,+0.62,37,53.27,212,398,-0.16
Max Homa,44,62.97,"1,270,510","201,777",12,54.2,84,155,+1.07,44,2.98,13,436,+0.08,48,53.40,"363,396","68,047",44,25.00,18,72,-0.33,44,67.19,"942,019","140,197",12,45.8,71,155,+2.11,44,+.148,44,7.6,33,142,+0.061,48,.377,13.209,35,44,.087,.329,.173,-.415,31,44,+.164,44,13.99,61,436,+0.16,44,12.39,54,436,+0.15,44,81.79,503,615,48,63.49,426,671,44,26.38,115,436,+1.57,44,63.07,275,436,-0.18
D.J. Trahan,37,62.96,"917,556","145,740",11,45.1,51,113,+1.18,37,4.66,15,322,+0.47,37,53.30,"198,086","37,167",37,12.16,9,74,-0.44,37,66.27,"719,470","108,573",11,54.9,62,113,-0.32,37,-.174,37,4.3,14,61,+0.214,37,.267,6.134,23,37,.584,.267,.394,-.077,23,37,+.051,37,12.11,39,322,+0.05,37,14.29,46,322,-0.17,37,87.62,453,517,37,65.76,340,517,37,26.40,85,322,-0.71,37,64.60,208,322,-0.11
Justin Rose,18,62.94,"523,388","83,162",6,47.4,37,78,+1.35,18,2.79,5,179,+0.20,22,53.74,"143,851","26,768",18,14.29,4,28,-0.25,18,66.00,"414,911","62,861",6,52.6,41,78,+0.24,18,+.061,18,6.7,12,51,+0.083,22,.124,2.101,17,18,.200,-.066,.012,.253,13,18,+.033,18,16.76,30,179,+0.03,18,18.44,33,179,+0.06,18,78.57,198,252,22,61.04,188,308,18,35.20,63,179,+0.48,18,55.31,99,179,-0.08
J.J. Spaun,42,62.90,"1,298,158","206,392",13,56.6,103,182,+2.14,42,3.83,17,444,+0.71,44,52.73,"327,565","62,121",42,14.29,12,84,-0.50,42,66.95,"987,563","147,499",13,43.4,79,182,+1.39,42,+.069,42,6.1,27,115,+0.296,44,-.038,-1.291,34,42,-.782,-.002,-.292,-.488,32,42,+.083,42,18.92,84,444,+0.08,42,13.06,58,444,+0.07,42,79.73,468,587,44,56.42,347,615,42,31.98,142,444,+0.77,42,58.11,258,444,-0.14
Seamus Power,22,62.88,"440,496","70,056",7,52.2,35,67,+2.29,22,6.04,9,149,+0.67,22,52.44,"113,084","21,563",22,15.91,7,44,-0.57,22,67.52,"327,412","48,493",7,47.8,32,67,+0.94,22,-.087,22,8.7,13,56,+0.308,22,-.345,-3.794,11,22,-.214,-.345,-.167,.298,11,22,+.087,22,15.44,23,149,+0.09,22,15.44,23,149,-0.09,22,81.43,250,307,22,56.35,173,307,22,30.87,46,149,E,22,54.36,81,149,-0.20
Bronson Burgoon,37,62.84,"1,162,510","185,004",12,64.7,108,167,+0.65,37,3.46,14,405,+0.57,39,51.88,"283,691","54,683",37,8.11,6,74,-0.33,37,67.04,"895,353","133,549",12,35.3,59,167,+0.34,37,-.051,37,8.6,35,152,-0.086,39,-.126,-3.896,31,37,.384,-.106,.317,.173,29,37,+.047,37,20.99,85,405,+0.05,37,9.63,39,405,-0.05,37,83.20,431,518,39,59.16,323,546,37,30.62,124,405,+0.16,37,57.28,232,405,-0.21
Kyoung-Hoon Lee,50,62.82,"1,279,094","203,617",17,53.0,88,166,+1.25,50,3.13,14,447,+0.57,52,53.14,"296,796","55,849",50,15.22,14,92,-0.29,50,66.17,"999,093","150,996",17,47.0,78,166,+1.79,50,+.105,50,7.6,34,142,+0.206,52,.219,7.462,34,50,.159,.202,-.156,.112,32,50,+.076,50,14.77,66,447,+0.08,50,12.75,57,447,+0.11,50,83.43,584,700,52,65.52,477,728,50,27.52,123,447,+0.89,50,61.74,276,447,-0.12
Cameron Percy,37,62.78,"1,001,183","159,466",11,46.3,62,134,-0.81,37,2.87,10,349,+0.20,37,51.40,"221,114","43,020",37,12.16,9,74,-0.67,37,66.99,"780,069","116,446",11,53.7,72,134,+1.11,37,+.066,37,6.9,24,104,+0.042,37,.191,4.783,25,37,.532,.191,.636,-.295,25,37,-.122,37,11.75,41,349,-0.12,37,17.48,61,349,+0.07,37,87.64,454,518,37,61.78,320,518,37,29.23,102,349,-0.10,37,61.03,213,349,-0.20
Xinjun Zhang,57,62.78,"1,570,541","250,155",17,59.0,131,222,+1.91,57,4.23,23,544,+0.52,57,53.25,"389,723","73,181",57,13.21,14,106,-0.64,57,66.72,"1,180,818","176,974",17,41.0,91,222,+0.77,57,+.042,57,6.3,34,147,+0.088,57,-.041,-1.581,39,57,.367,-.041,.277,.130,39,57,+.158,57,17.46,95,544,+0.16,57,13.24,72,544,+0.04,57,82.06,654,797,57,59.47,474,797,57,30.70,167,544,+1.08,57,58.82,320,544,-0.22
Tyrrell Hatton,16,62.78,"327,195","52,115",4,56.4,22,39,+1.82,16,2.73,3,110,+0.33,20,53.61,"120,452","22,468",16,37.50,6,16,-0.33,16,66.64,"240,657","36,114",4,43.6,17,39,-0.59,16,-.267,16,8.2,9,39,+0.111,20,.400,4.795,12,16,2.606,.646,1.416,.544,8,16,+.286,16,12.73,14,110,+0.29,16,13.64,15,110,-0.27,16,87.05,195,224,20,64.64,181,280,16,26.36,29,110,E,16,62.73,69,110,-0.25
James Hahn,30,62.77,"845,625","134,722",9,57.8,59,102,+1.19,30,3.42,10,292,+0.50,30,53.26,"196,559","36,905",30,6.67,4,60,-1.00,30,66.36,"649,066","97,817",9,42.2,43,102,-0.23,30,-.161,30,6.5,19,83,+0.211,30,.072,1.520,21,30,.440,.072,.298,.069,21,30,+.043,30,16.10,47,292,+0.04,30,10.62,31,292,-0.16,30,84.49,354,419,30,59.67,250,419,30,26.71,78,292,-0.38,30,63.36,185,292,-0.21
Robert Garrigus,19,62.74,"400,756","63,877",7,40.0,26,65,+3.08,19,6.57,9,137,+1.00,19,52.31,"101,600","19,422",19,15.79,6,38,-0.17,19,67.29,"299,156","44,455",7,60.0,39,65,+1.03,19,E,19,7.3,10,44,+0.200,19,-.770,-7.700,10,19,-.830,-.770,-.319,.260,10,19,+.063,19,11.68,16,137,+0.06,19,22.63,31,137,E,19,80.38,213,265,19,51.32,136,265,19,34.31,47,137,+0.21,19,51.82,71,137,-0.17
Patrick Reed,34,62.71,"1,025,010","163,443",9,47.7,71,149,+0.85,34,1.99,7,352,+0.86,36,52.27,"254,012","48,593",34,17.31,9,52,-0.56,34,66.73,"787,879","118,078",9,52.3,78,149,+1.41,34,+.015,34,8.5,30,129,+0.067,36,.048,1.286,27,34,.798,.047,.390,.361,25,34,+.035,34,16.19,57,352,+0.04,34,18.47,65,352,+0.02,34,80.67,384,476,36,55.16,278,504,34,34.66,122,352,+0.25,34,54.83,193,352,-0.30
Andrew Landry,37,62.69,"1,197,710","191,044",13,64.8,94,145,+1.49,37,2.15,9,418,+0.56,41,51.96,"303,023","58,317",37,5.41,4,74,-0.50,37,66.71,"928,538","139,194",13,35.2,51,145,+0.78,37,+.068,37,5.3,22,93,+0.182,41,.291,9.891,34,37,.144,.284,-.046,-.094,30,37,+.080,37,17.94,75,418,+0.08,37,10.53,44,418,+0.07,37,86.85,449,517,41,66.32,380,573,37,28.47,119,418,+0.76,37,64.11,268,418,-0.14
"Ted Potter, Jr.",30,62.68,"796,569","127,091",12,41.3,50,121,+0.80,30,4.68,13,278,+0.77,32,52.15,"185,732","35,614",30,8.33,5,60,-0.40,30,66.24,"627,288","94,705",12,58.7,71,121,-0.70,30,-.143,30,9.0,25,109,-0.120,32,-.363,-7.988,22,30,-.063,-.363,.405,-.105,20,30,-.033,30,10.79,30,278,-0.03,30,20.14,56,278,-0.14,30,86.87,364,419,32,60.85,272,447,30,30.94,86,278,-1.05,30,55.40,154,278,-0.11
Rickie Fowler,22,62.67,"778,156","124,162",7,52.1,49,94,+2.65,22,1.50,4,267,+1.25,24,53.09,"207,344","39,053",22,6.82,3,44,-0.33,22,66.53,"587,723","88,337",7,47.9,45,94,+2.44,22,+.029,22,7.1,19,78,+0.263,24,.100,2.096,21,22,.309,.150,.236,-.077,19,22,+.293,22,15.36,41,267,+0.29,22,12.73,34,267,+0.03,22,81.41,254,312,24,64.12,218,340,22,28.09,75,267,+1.73,22,63.30,169,267,-0.19
Emiliano Grillo,39,62.60,"880,263","140,622",14,41.3,45,109,+2.22,39,4.23,13,307,+0.31,41,53.44,"214,874","40,207",39,11.29,7,62,-0.29,39,65.88,"682,797","103,643",14,58.7,64,109,+1.72,39,+.180,39,5.2,16,70,+0.125,41,.110,2.630,24,39,.712,.117,.733,-.138,22,39,+.147,39,11.07,34,307,+0.15,39,16.29,50,307,+0.18,39,86.53,469,542,41,66.49,379,570,39,27.36,84,307,+1.67,39,63.19,194,307,-0.13
Adam Long,56,62.58,"1,564,006","249,939",16,45.2,85,188,+1.18,56,3.49,19,545,+0.74,58,51.97,"366,616","70,550",56,8.33,8,96,-0.38,56,66.45,"1,213,550","182,617",16,54.8,103,188,+1.07,56,+.027,56,5.5,30,125,+0.167,58,.021,.854,41,56,.526,.073,.484,-.031,39,56,+.028,56,13.03,71,545,+0.03,56,13.76,75,545,+0.03,56,84.16,659,783,58,65.97,535,811,56,26.79,146,545,+0.27,56,64.22,350,545,-0.20
Nate Lashley,36,62.56,"1,168,096","186,725",13,46.3,69,149,+1.88,36,2.93,12,409,+0.25,38,51.64,"264,873","51,291",36,8.06,5,62,-0.60,36,66.34,"919,852","138,662",13,53.7,80,149,+1.25,36,+.054,36,7.1,29,123,+0.172,38,-.207,-6.420,31,36,-.232,-.229,-.163,.159,29,36,+.193,36,13.94,57,409,+0.19,36,13.69,56,409,+0.05,36,81.42,412,506,38,63.48,339,534,36,27.63,113,409,+1.24,36,62.35,255,409,-0.19
Brice Garnett,42,62.52,"1,151,803","184,229",13,50.7,77,152,+1.43,42,3.96,16,404,+0.56,46,52.20,"287,183","55,017",42,5.95,5,84,-0.80,42,66.22,"898,418","135,679",13,49.3,75,152,+0.93,42,-.086,42,4.5,18,76,+0.389,46,.188,6.214,33,42,-.081,.171,-.399,.147,29,42,+.115,42,15.10,61,404,+0.11,42,14.36,58,404,-0.09,42,84.67,497,587,46,64.39,414,643,42,29.46,119,404,+0.17,42,62.13,251,404,-0.18
Robby Shelton,51,62.51,"1,479,889","236,728",16,46.7,85,182,+2.35,51,3.10,16,516,+0.44,51,52.28,"342,309","65,473",51,14.71,15,102,-0.07,51,66.43,"1,137,580","171,255",16,53.3,97,182,+1.24,51,-.027,51,6.0,31,131,+0.161,51,.039,1.438,37,51,-.171,.039,.133,-.343,37,51,+.265,51,13.18,68,516,+0.26,51,14.15,73,516,-0.03,51,85.71,612,714,51,62.75,448,714,51,27.33,141,516,+1.13,51,63.57,328,516,-0.14
Hank Lebioda,39,62.51,"991,028","158,531",14,47.0,71,151,+3.10,39,3.71,13,350,+0.69,39,52.73,"231,414","43,887",39,10.26,8,78,-0.50,39,66.26,"759,614","114,644",14,53.0,80,151,+2.00,39,+.123,39,6.9,24,103,+0.208,39,-.113,-2.834,25,39,-.843,-.113,-.564,-.165,25,39,+.340,39,15.14,53,350,+0.34,39,18.57,65,350,+0.12,39,80.37,438,545,39,58.90,321,545,39,33.71,118,350,+2.20,39,55.71,195,350,-0.12
Alex Noren,32,62.49,"826,909","132,332",9,69.3,70,101,+1.86,32,4.48,13,290,+0.77,36,53.20,"204,996","38,533",32,14.06,9,64,-0.33,32,65.45,"656,213","100,266",9,30.7,31,101,+1.61,32,-.091,32,7.2,21,89,+0.238,36,-.208,-5.199,25,32,.395,-.171,.160,.406,21,32,+.130,32,15.86,46,290,+0.13,32,7.59,22,290,-0.09,32,83.89,375,447,36,63.42,319,503,32,23.45,68,290,+0.59,32,64.83,188,290,-0.22
Harris English,44,62.47,"1,445,583","231,397",12,49.7,88,177,+0.23,44,2.00,10,501,+0.50,48,53.89,"395,188","73,330",44,17.05,15,88,-0.53,44,65.94,"1,084,886","164,534",12,50.3,89,177,+0.34,44,-.029,44,7.4,37,161,+0.081,48,.415,16.586,40,44,.982,.463,.370,.149,36,44,-.062,44,12.97,65,501,-0.06,44,13.77,69,501,-0.03,44,86.53,533,616,48,63.10,424,672,44,26.75,134,501,-0.45,44,63.87,320,501,-0.20
Robert Streb,40,62.47,"877,036","140,382",13,30.0,33,110,+2.12,40,2.67,8,300,+1.38,40,51.85,"206,124","39,753",40,10.00,8,80,-0.25,40,66.67,"670,912","100,629",13,70.0,77,110,+1.95,40,E,40,7.3,22,96,+0.318,40,-.132,-2.898,22,40,-.308,-.132,.069,-.245,22,40,+.154,40,8.67,26,300,+0.15,40,18.00,54,300,E,40,82.65,462,559,40,59.39,332,559,40,26.67,80,300,+0.50,40,63.33,190,300,-0.14
Rhein Gibson,42,62.45,"1,036,520","165,978",12,55.6,94,169,+0.43,42,3.95,14,354,+1.07,42,52.85,"244,878","46,333",42,14.29,12,84,-0.33,42,66.17,"791,642","119,645",12,44.4,75,169,+1.33,42,E,42,10.2,36,154,+0.056,42,-.732,-19.024,26,42,-1.111,-.732,-.616,.236,26,42,-.060,42,18.93,67,354,-0.06,42,14.41,51,354,E,42,78.88,463,587,42,51.79,304,587,42,33.33,118,354,-0.34,42,52.54,186,354,-0.15
Jason Day,23,62.44,"405,093","64,881",8,49.2,31,63,+1.94,23,3.62,5,138,+0.20,25,53.26,"119,063","22,353",23,13.33,4,30,-0.25,23,66.24,"303,100","45,756",8,50.8,32,63,-0.63,23,-.071,23,6.5,9,39,-0.111,25,.054,.647,12,23,.650,-.104,-.278,1.032,10,23,+.261,23,16.67,23,138,+0.26,23,20.29,28,138,-0.07,23,76.66,243,317,25,56.52,195,345,23,36.96,51,138,+0.78,23,52.90,73,138,-0.18
Bo Hoag,47,62.42,"1,148,657","184,026",14,52.3,79,151,+0.89,47,3.71,15,404,+0.33,47,52.12,"264,015","50,655",47,15.96,15,94,-0.60,47,66.33,"884,642","133,371",14,47.7,72,151,+1.25,47,+.057,47,7.4,30,129,+0.267,47,-.217,-6.293,29,47,-.289,-.217,-.011,-.061,29,47,-.018,47,13.86,56,404,-0.02,47,13.12,53,404,+0.06,47,85.08,559,657,47,62.71,412,657,47,26.98,109,404,+0.18,47,61.88,250,404,-0.09
Jonathan Byrd,19,62.41,"477,621","76,524",7,53.7,36,67,+1.94,19,1.84,3,163,+0.67,19,51.47,"112,212","21,801",19,15.79,6,38,-0.33,19,66.77,"365,409","54,723",7,46.3,31,67,+2.58,19,+.208,19,6.7,11,49,+0.273,19,-.274,-3.287,12,19,-.284,-.274,.197,-.206,12,19,+.172,19,17.79,29,163,+0.17,19,14.72,24,163,+0.21,19,80.00,212,265,19,56.60,150,265,19,32.52,53,163,+1.89,19,58.90,96,163,-0.19
Kevin Streelman,43,62.39,"1,076,942","172,618",15,44.1,56,127,+1.61,43,1.86,7,376,+1.29,45,52.64,"272,252","51,722",43,11.43,8,70,-0.75,43,66.16,"821,243","124,124",15,55.9,71,127,+1.27,43,-.102,43,6.9,26,108,+0.269,45,.322,9.326,29,43,.343,.354,-.037,.026,27,43,+.184,43,10.11,38,376,+0.18,43,15.69,59,376,-0.10,43,85.43,510,597,45,66.24,414,625,43,25.80,97,376,+0.10,43,65.43,246,376,-0.19
Talor Gooch,54,62.39,"1,832,401","293,693",14,48.9,133,272,+1.35,54,3.59,23,640,+0.13,56,53.86,"434,283","80,626",54,18.52,20,108,-0.05,54,65.43,"1,415,290","216,295",14,51.1,139,272,+1.01,54,+.040,54,7.8,50,215,+0.140,56,-.081,-3.910,48,54,.220,-.051,.132,.140,46,54,+.126,54,16.09,103,640,+0.13,54,15.63,100,640,+0.04,54,81.48,616,756,56,57.14,448,784,54,31.72,203,640,+0.84,54,56.88,364,640,-0.22
Mark Anderson,37,62.35,"1,071,162","171,800",11,57.4,85,148,+0.71,37,4.00,15,375,+0.40,37,52.50,"230,784","43,959",37,9.46,7,74,-0.43,37,65.74,"840,378","127,841",11,42.6,63,148,+1.43,37,+.120,37,5.3,20,84,+0.050,37,-.060,-1.630,27,37,.048,-.060,.258,-.150,27,37,+.045,37,17.87,67,375,+0.04,37,13.33,50,375,+0.12,37,80.27,415,517,37,59.38,307,517,37,31.20,117,375,+0.77,37,59.47,223,375,-0.11
Bill Haas,32,62.32,"879,257","141,086",10,63.5,80,126,+1.75,32,3.59,11,306,+0.73,36,51.34,"244,774","47,679",32,9.38,6,64,E,32,66.99,"669,081","99,874",10,36.5,46,126,+3.04,32,+.267,32,10.5,32,136,+0.125,36,-.254,-6.593,26,32,-.105,-.216,-.049,.160,22,32,+.164,32,17.97,55,306,+0.16,32,9.80,30,306,+0.27,32,82.77,370,447,36,60.24,303,503,32,27.78,85,306,+2.00,32,58.17,178,306,-0.10
Doc Redman,56,62.30,"1,751,093","281,076",16,47.7,94,197,+1.49,56,1.79,11,616,+0.91,60,52.66,"444,109","84,340",56,13.39,15,112,-0.53,56,66.01,"1,341,388","203,203",16,52.3,103,197,+1.94,56,+.080,56,7.1,44,187,+0.159,60,.381,18.279,48,56,.552,.366,.522,-.337,44,56,+.157,56,11.36,70,616,+0.16,56,12.18,75,616,+0.08,56,85.44,669,783,60,68.30,573,839,56,23.54,145,616,+1.17,56,67.53,416,616,-0.19
Wes Roach,36,62.27,"711,355","114,239",11,43.4,36,83,+4.17,36,2.79,7,251,+1.00,36,52.28,"171,599","32,826",36,9.72,7,72,-0.43,36,66.30,"539,756","81,413",11,56.6,47,83,E,36,+.026,36,7.6,19,81,+0.105,36,.125,2.252,18,36,-.298,.125,-.609,.186,18,36,+.286,36,8.37,21,251,+0.29,36,15.14,38,251,+0.03,36,83.50,420,503,36,63.62,320,503,36,23.51,59,251,+1.19,36,66.14,166,251,-0.09
Dylan Frittelli,52,62.23,"1,526,550","245,289",15,55.2,122,221,+1.48,52,2.06,11,535,+0.27,56,52.73,"395,247","74,950",52,5.68,5,88,E,52,65.95,"1,166,005","176,806",15,44.8,99,221,+1.11,52,+.066,52,9.2,49,205,+0.306,56,-.215,-9.026,42,52,-.066,-.256,-.059,.249,38,52,+.057,52,16.45,88,535,+0.06,52,14.21,76,535,+0.07,52,81.18,591,728,56,59.18,464,784,52,30.65,164,535,+0.61,52,58.13,311,535,-0.15
Bo Van Pelt,28,62.22,"632,017","101,571",11,50.5,53,105,+3.40,28,6.76,15,222,+1.07,30,52.73,"169,890","32,220",28,8.93,5,56,E,28,65.98,"478,899","72,579",11,49.5,52,105,+3.46,28,+.114,28,5.4,12,52,+0.583,30,-.804,-14.481,18,28,-2.113,-.859,-1.121,-.133,16,28,+.227,28,19.82,44,222,+0.23,28,15.77,35,222,+0.11,28,78.26,306,391,30,55.37,232,419,28,35.59,79,222,+1.77,28,52.25,116,222,-0.10
Chase Seiffert,44,62.22,"1,030,196","165,569",13,48.5,65,134,+1.54,44,2.49,9,362,+1.22,44,52.21,"240,378","46,045",44,7.95,7,88,-0.57,44,66.08,"789,818","119,524",13,51.5,69,134,+1.45,44,+.020,44,5.2,19,79,+0.053,44,.143,3.719,26,44,-.111,.143,.067,-.321,26,44,+.125,44,15.47,56,362,+0.13,44,13.81,50,362,+0.02,44,83.74,515,615,44,62.93,387,615,44,29.28,106,362,+0.75,44,62.98,228,362,-0.17
Brandt Snedeker,29,62.21,"1,041,672","167,433",8,51.8,71,137,-0.14,29,3.60,13,361,+0.46,31,51.59,"268,084","51,961",29,3.45,2,58,E,29,66.55,"790,003","118,700",8,48.2,66,137,-0.30,29,-.094,29,5.3,19,83,-0.053,31,-.392,-10.985,28,29,.316,-.382,-.008,.706,26,29,-.017,29,16.62,60,361,-0.02,29,14.68,53,361,-0.09,29,83.70,339,405,31,60.05,260,433,29,31.30,113,361,-0.53,29,59.83,216,361,-0.24
Jamie Lovemark,20,62.19,"758,976","122,036",7,67.5,83,123,+1.08,20,5.00,13,260,+0.31,20,52.58,"172,321","32,773",20,12.50,5,40,-0.60,20,65.72,"586,655","89,263",7,32.5,40,123,-0.75,20,-.100,20,5.8,15,65,+0.133,20,-.425,-8.070,19,20,-.187,-.425,.094,.143,19,20,+.029,20,26.54,69,260,+0.03,20,11.54,30,260,-0.10,20,79.29,222,280,20,50.71,142,280,20,38.08,99,260,-0.10,20,51.15,133,260,-0.11
Ben Taylor,36,62.18,"878,261","141,235",13,45.7,59,129,+1.36,36,2.28,7,307,+0.14,36,51.95,"217,626","41,890",36,11.11,8,72,-0.50,36,66.50,"660,635","99,345",13,54.3,70,129,+0.86,36,+.163,36,9.8,30,133,+0.067,36,-.290,-6.384,22,36,-.310,-.290,.131,-.150,22,36,+.044,36,14.66,45,307,+0.04,36,15.96,49,307,+0.16,36,83.10,418,503,36,58.85,296,503,36,30.62,94,307,+1.06,36,57.33,176,307,-0.16
Matthew Fitzpatrick,28,62.16,"717,269","115,392",7,38.6,32,83,+0.94,28,1.59,4,252,+0.75,32,52.26,"199,540","38,185",28,12.50,5,40,+0.60,28,65.87,"551,198","83,674",7,61.4,51,83,+0.39,28,E,28,6.3,16,67,+0.125,32,.204,4.480,22,28,.269,.094,.121,.055,18,28,E,28,10.32,26,252,E,28,17.06,43,252,E,28,81.40,315,387,32,65.01,288,443,28,27.38,69,252,E,28,64.68,163,252,-0.10
Peter Malnati,39,62.14,"1,150,430","185,140",14,55.5,101,182,+1.09,39,3.97,16,403,+0.88,43,51.52,"299,445","58,126",39,3.85,3,78,E,39,66.24,"884,224","133,481",14,44.5,81,182,+1.23,39,-.065,39,7.2,29,124,+0.345,43,-.507,-16.736,33,39,-.980,-.439,-.690,.149,29,39,E,39,19.35,78,403,E,39,15.38,62,403,-0.06,39,77.25,421,545,43,53.74,323,601,39,34.74,140,403,-0.29,39,54.09,218,403,-0.19
Michael Gellerman,32,62.13,"794,366","127,857",11,44.9,48,107,+0.83,32,3.26,9,276,+1.11,32,51.84,"193,195","37,264",32,9.38,6,64,-0.17,32,66.36,"601,171","90,593",11,55.1,59,107,+3.22,32,+.231,32,8.0,22,99,+0.136,32,-.329,-6.575,20,32,-.722,-.329,.219,-.612,20,32,+.053,32,13.77,38,276,+0.05,32,14.13,39,276,+0.23,32,82.10,367,447,32,62.19,278,447,32,27.90,77,276,+1.43,32,60.87,168,276,-0.13
Kevin Na,44,62.10,"1,281,939","206,415",13,54.5,84,154,+1.31,44,3.79,17,449,+0.35,44,51.20,"300,859","58,767",44,13.89,10,72,-0.40,44,66.45,"981,080","147,648",13,45.5,70,154,+2.43,44,+.113,44,5.1,23,96,+0.087,44,-.444,-14.193,32,44,.151,-.444,.343,.252,32,44,+.145,44,15.37,69,449,+0.14,44,11.80,53,449,+0.11,44,80.49,495,615,44,63.25,389,615,44,27.17,122,449,+1.31,44,63.92,287,449,-0.21
Joseph Bramlett,41,62.06,"1,073,791","173,032",12,53.7,87,162,+2.30,41,3.22,12,373,+1.08,41,52.85,"243,558","46,086",41,15.85,13,82,-0.46,41,65.40,"830,233","126,946",12,46.3,75,162,+1.73,41,E,41,8.3,31,136,+0.355,41,-.262,-7.068,27,41,-.096,-.262,.219,-.053,27,41,+.121,41,17.69,66,373,+0.12,41,14.48,54,373,E,41,81.68,468,573,41,56.54,324,573,41,32.17,120,373,+0.67,41,56.30,210,373,-0.18
Denny McCarthy,52,62.06,"1,591,405","256,449",14,50.5,105,208,+1.90,52,3.23,18,558,+0.33,54,51.93,"376,497","72,501",52,10.58,11,104,-0.36,52,65.79,"1,231,426","187,176",14,49.5,103,208,+2.91,52,+.267,52,7.2,40,167,+0.275,54,-.224,-9.396,42,52,-.787,-.189,-.473,-.125,40,52,+.120,52,14.87,83,558,+0.12,52,13.44,75,558,+0.27,52,80.63,587,728,54,60.19,455,756,52,28.32,158,558,+1.90,52,61.29,342,558,-0.24
Josh Teater,29,62.04,"591,368","95,320",11,43.1,31,72,+6.13,29,5.26,11,209,+1.27,29,51.44,"134,818","26,207",29,6.90,4,58,-0.50,29,66.06,"456,550","69,113",11,56.9,41,72,+1.71,29,E,29,5.7,12,51,+0.167,29,-.190,-2.845,15,29,-.307,-.190,-.269,.152,15,29,+.435,29,11.00,23,209,+0.43,29,12.44,26,209,E,29,86.67,351,405,29,68.15,276,405,29,23.44,49,209,+2.04,29,65.55,137,209,-0.12
Bud Cauley,42,62.04,"1,546,006","249,212",12,55.0,122,222,+1.64,42,3.69,20,542,+0.40,44,52.09,"362,736","69,641",42,7.14,6,84,-0.83,42,65.61,"1,199,369","182,799",12,45.0,100,222,+0.60,42,+.027,42,8.5,46,191,+0.109,44,-.207,-8.495,41,42,.654,-.159,.439,.373,39,42,+.129,42,15.68,85,542,+0.13,42,13.84,75,542,+0.03,42,82.14,483,588,44,59.42,366,616,42,29.52,160,542,+0.81,42,58.30,316,542,-0.18
Matt Kuchar,30,62.00,"924,869","149,169",9,40.6,39,96,+0.51,30,1.85,6,324,+0.83,34,50.99,"234,034","45,897",30,8.33,5,60,E,30,66.00,"724,304","109,739",9,59.4,57,96,+0.53,30,-.065,30,6.5,21,88,+0.286,34,-.068,-1.849,27,30,.131,-.091,.120,.101,23,30,-.069,30,8.95,29,324,-0.07,30,14.20,46,324,-0.07,30,85.58,362,423,34,67.43,323,479,30,23.15,75,324,-0.67,30,68.52,222,324,-0.21
Rory Sabbatini,46,61.98,"1,180,009","190,386",13,63.4,92,145,+1.74,46,3.12,13,417,+0.15,50,51.66,"268,867","52,050",46,5.26,4,76,+0.25,46,65.13,"943,131","144,803",13,36.6,53,145,+1.13,46,+.077,46,7.0,29,122,+0.241,50,.207,7.033,34,46,.304,.209,-.136,.230,30,46,+.132,46,16.31,68,417,+0.13,46,9.35,39,417,+0.08,46,83.44,534,640,50,63.22,440,696,46,25.66,107,417,+1.12,46,64.27,268,417,-0.13
Matthew NeSmith,50,61.95,"1,413,835","228,205",15,51.4,92,179,+1.41,50,2.00,10,501,+0.60,54,52.58,"346,511","65,899",50,11.00,11,100,-0.45,50,65.29,"1,101,994","168,773",15,48.6,87,179,+0.23,50,-.034,50,8.4,42,176,+0.071,54,.001,.022,40,50,.318,.003,.429,-.114,36,50,+.116,50,13.77,69,501,+0.12,50,11.78,59,501,-0.03,50,85.84,600,699,54,65.83,497,755,50,25.55,128,501,+0.47,50,64.07,321,501,-0.19
Brian Gay,47,61.94,"1,344,341","217,046",15,55.1,113,205,+2.83,47,4.23,20,473,+0.40,49,51.19,"343,828","67,167",47,8.51,8,94,-0.13,47,66.44,"1,017,197","153,107",15,44.9,92,205,+1.63,47,+.145,47,9.1,43,184,+0.140,49,-.467,-16.819,36,47,-.481,-.447,-.015,-.020,34,47,+.260,47,16.28,77,473,+0.26,47,14.59,69,473,+0.14,47,81.58,536,657,49,57.23,392,685,47,30.87,146,473,+2.05,47,55.81,264,473,-0.22
Stewart Cink,31,61.94,"994,516","160,556",8,60.5,92,152,+0.54,31,3.79,13,343,+0.54,35,52.13,"286,160","54,891",31,8.06,5,62,-0.40,31,66.21,"742,381","112,132",8,39.5,60,152,+0.50,31,-.098,31,9.3,32,138,+0.031,35,-.088,-2.547,29,31,.094,-.141,.480,-.245,25,31,E,31,19.53,67,343,E,31,11.95,41,343,-0.10,31,80.83,350,433,35,56.03,274,489,31,31.49,108,343,-0.37,31,55.39,190,343,-0.12
Ryan Moore,30,61.94,"794,568","128,277",9,43.8,42,96,+0.95,30,2.14,6,280,E,32,52.31,"209,879","40,122",30,9.09,4,44,-0.25,30,65.80,"601,332","91,383",9,56.3,54,96,+1.48,30,+.045,30,8.6,24,101,+0.083,32,.258,5.675,22,30,.485,.266,.203,.016,20,30,+.172,30,10.36,29,280,+0.17,30,15.71,44,280,+0.05,30,86.06,358,416,32,68.24,303,444,30,26.07,73,280,+0.96,30,63.21,177,280,-0.16
Fabián Gómez,43,61.93,"1,056,490","170,581",13,61.6,77,125,+1.43,43,3.72,14,376,+0.36,43,51.49,"237,281","46,087",43,6.98,6,86,-0.67,43,65.80,"819,209","124,494",13,38.4,48,125,+2.29,43,+.067,43,5.9,22,94,+0.227,43,-.176,-4.750,27,43,-.008,-.176,-.130,.298,27,43,+.125,43,17.02,64,376,+0.13,43,7.98,30,376,+0.07,43,84.53,508,601,43,66.22,398,601,43,25.00,94,376,+1.06,43,65.43,246,376,-0.19
Tom Hoge,44,61.93,"1,428,862","230,712",14,59.5,110,185,+0.82,44,1.99,10,502,+0.50,46,52.05,"349,959","67,229",44,7.95,7,88,E,44,65.71,"1,095,486","166,711",14,40.5,75,185,+1.20,44,+.051,44,6.6,33,137,+0.121,46,.116,4.405,38,44,.667,.135,.616,-.084,36,44,+.059,44,16.93,85,502,+0.06,44,11.75,59,502,+0.05,44,82.28,506,615,46,62.83,404,643,44,28.69,144,502,+0.56,44,62.75,315,502,-0.19
Kramer Hickok,39,61.90,"1,017,323","164,346",14,51.3,59,115,+0.85,39,1.93,7,363,+0.71,39,52.03,"210,724","40,501",39,12.82,10,78,-0.70,39,65.13,"806,599","123,845",14,48.7,56,115,+0.71,39,-.086,39,7.7,28,121,+0.179,39,.084,2.172,26,39,-.074,.084,-.580,.423,26,39,+.044,39,12.40,45,363,+0.04,39,9.64,35,363,-0.09,39,84.77,462,545,39,65.69,358,545,39,22.04,80,363,-0.13,39,68.32,248,363,-0.07
Troy Merritt,38,61.86,"980,407","158,482",12,61.7,82,133,+2.07,38,3.46,12,347,+0.75,42,52.48,"261,235","49,778",38,6.67,4,60,-0.25,38,65.40,"753,212","115,171",12,38.3,51,133,+0.59,38,-.184,38,7.2,25,106,+0.400,42,-.279,-8.090,29,38,-.886,-.157,-.498,-.231,25,38,+.127,38,18.16,63,347,+0.13,38,10.95,38,347,-0.18,38,83.11,438,527,42,62.09,362,583,38,29.11,101,347,+0.10,38,60.23,209,347,-0.12
Dominic Bozzelli,32,61.85,"798,629","129,120",10,55.6,74,133,+1.89,32,5.90,16,271,+1.13,32,52.04,"208,605","40,082",32,25.00,16,64,-0.63,32,66.27,"590,024","89,038",10,44.4,59,133,+2.71,32,+.111,32,7.0,19,82,+0.211,32,-.918,-18.365,20,32,-1.349,-.918,-.176,-.255,20,32,+.073,32,20.30,55,271,+0.07,32,16.61,45,271,+0.11,32,74.50,333,447,32,51.01,228,447,32,36.90,100,271,+0.90,32,50.18,136,271,-0.21
Doug Ghim,32,61.84,"781,236","126,335",12,33.3,34,102,+2.94,32,3.94,11,279,+0.91,32,51.54,"157,998","30,653",32,12.50,8,64,-0.75,32,65.14,"623,238","95,682",12,66.7,68,102,+2.79,32,+.196,32,7.2,20,86,+0.250,32,-.191,-3.810,20,32,-.751,-.191,-.558,-.003,20,32,+.200,32,8.96,25,279,+0.20,32,16.49,46,279,+0.20,32,83.22,372,447,32,62.86,281,447,32,25.45,71,279,+1.97,32,63.44,177,279,-0.15
Richy Werenski,30,61.81,"908,781","147,022",9,43.0,61,142,+1.48,30,1.57,5,319,+0.60,30,51.69,"201,434","38,966",30,11.67,7,60,E,30,65.46,"707,347","108,056",9,57.0,81,142,+1.98,30,+.117,30,8.8,28,120,+0.393,30,-.146,-3.368,23,30,-.338,-.146,-.286,.094,23,30,+.019,30,16.30,52,319,+0.02,30,18.81,60,319,+0.12,30,81.38,341,419,30,57.76,242,419,30,35.11,112,319,+0.71,30,54.55,174,319,-0.14
Rafa Cabrera Bello,29,61.73,"593,599","96,166",8,47.2,34,72,+1.18,29,1.44,3,209,E,31,51.95,"147,551","28,402",29,8.82,3,34,-0.33,29,65.22,"462,980","70,992",8,52.8,38,72,+1.58,29,+.103,29,7.7,16,67,+0.188,31,-.112,-1.912,17,29,-.128,-.126,.045,-.048,15,29,+.097,29,14.83,31,209,+0.10,29,13.88,29,209,+0.10,29,83.54,335,401,31,64.57,277,429,29,28.71,60,209,+1.00,29,62.20,130,209,-0.15
Jason Dufner,38,61.72,"1,257,855","203,802",12,51.6,82,159,+2.20,38,1.35,6,445,+0.17,42,50.76,"302,229","59,545",38,7.89,6,76,-0.33,38,65.55,"987,988","150,724",12,48.4,77,159,+1.95,38,+.129,38,5.2,23,96,+0.261,42,.126,4.538,36,38,.499,.138,.200,.160,32,38,+.243,38,15.73,70,445,+0.24,38,13.93,62,445,+0.13,38,84.56,449,531,42,66.61,391,587,38,29.66,132,445,+1.89,38,63.82,284,445,-0.10
Kevin Kisner,39,61.70,"872,184","141,365",11,37.4,34,91,-0.88,39,1.60,5,312,+0.60,41,50.69,"204,382","40,319",39,8.06,5,62,E,39,65.63,"684,397","104,274",11,62.6,57,91,+1.05,39,-.048,39,6.1,19,82,+0.316,41,.154,3.705,24,39,.226,.161,-.056,.121,22,39,-.179,39,8.97,28,312,-0.18,39,13.46,42,312,-0.05,39,85.69,467,545,41,67.89,389,573,39,22.44,70,312,-1.00,39,69.87,218,312,-0.11
Pat Perez,39,61.68,"947,545","153,627",11,52.4,65,124,+0.62,39,2.71,9,332,+0.89,41,52.09,"226,255","43,437",39,9.68,6,62,-0.50,39,65.07,"738,027","113,418",11,47.6,59,124,+1.53,39,-.020,39,6.6,22,92,+0.318,41,-.242,-6.292,26,39,-.164,-.271,.333,-.227,24,39,-.020,39,15.06,50,332,-0.02,39,14.76,49,332,-0.02,39,84.29,456,541,41,62.39,355,569,39,29.82,99,332,-0.20,39,60.84,202,332,-0.18
Russell Henley,35,61.66,"1,180,033","191,378",11,54.7,82,150,+1.10,35,2.86,12,419,+0.67,37,51.41,"272,035","52,914",35,7.14,5,70,-0.40,35,65.29,"925,110","141,692",11,45.3,68,150,E,35,-.130,35,6.4,27,117,+0.185,37,-.206,-6.597,32,35,.600,-.253,.658,.195,30,35,+.048,35,14.80,62,419,+0.05,35,12.89,54,419,-0.13,35,86.73,425,490,37,64.29,333,518,35,27.68,116,419,-0.34,35,63.01,264,419,-0.17
Zach Johnson,37,61.65,"1,169,348","189,677",11,48.3,73,151,+2.60,37,1.20,5,418,+0.80,39,51.38,"252,363","49,121",37,2.70,2,74,-1.00,37,64.88,"932,832","143,784",11,51.7,78,151,+1.79,37,+.091,37,6.5,27,112,+0.444,39,-.126,-4.033,32,37,-.120,-.086,.127,-.161,30,37,+.164,37,13.16,55,418,+0.16,37,15.79,66,418,+0.09,37,81.85,424,518,39,62.45,341,546,37,28.95,121,418,+1.24,37,63.40,265,418,-0.18
Henrik Norlander,48,61.65,"1,172,011","190,097",16,48.2,68,141,+0.59,48,2.14,9,420,+0.89,48,52.16,"268,906","51,559",48,14.58,14,96,-0.64,48,65.19,"903,105","138,538",16,51.8,73,141,+1.37,48,+.075,48,5.7,24,104,+0.042,48,.126,3.779,30,48,-.164,.126,-.021,-.269,30,48,+.018,48,13.57,57,420,+0.02,48,12.62,53,420,+0.08,48,85.54,574,671,48,67.81,455,671,48,26.19,110,420,+0.45,48,65.95,277,420,-0.10
C.T. Pan,30,61.61,"673,227","109,273",11,34.1,30,88,+3.33,30,2.56,6,234,+0.17,34,51.95,"185,220","35,651",30,6.82,3,44,E,30,65.17,"521,924","80,089",11,65.9,58,88,+2.24,30,+.190,30,7.7,18,75,+0.278,34,-.255,-5.355,21,30,-.324,-.352,-.111,.139,17,30,+.346,30,11.11,26,234,+0.35,30,17.95,42,234,+0.19,30,81.49,339,416,34,60.17,284,472,30,29.06,68,234,+2.50,30,60.68,142,234,-0.07
George McNeill,22,61.52,"513,438","83,464",8,62.7,47,75,+1.49,22,2.81,5,178,+1.00,22,51.39,"140,970","27,432",22,4.55,2,44,-0.50,22,66.47,"372,468","56,032",8,37.3,28,75,+0.71,22,+.095,22,3.9,7,32,+0.286,22,-.159,-2.066,13,22,-.315,-.159,.113,-.269,13,22,E,22,23.60,42,178,E,22,11.80,21,178,+0.10,22,84.69,260,307,22,59.28,182,307,22,35.39,63,178,+0.32,22,57.87,103,178,-0.22
Roberto Castro,23,61.51,"550,716","89,540",7,47.1,33,70,+0.30,23,2.55,5,196,+0.20,23,49.80,"131,504","26,404",23,6.52,3,46,-0.67,23,66.40,"419,212","63,136",7,52.9,37,70,E,23,-.160,23,7.7,15,63,+0.267,23,.164,2.296,14,23,.419,.164,.057,.198,14,23,E,23,12.76,25,196,E,23,12.76,25,196,-0.16,23,88.79,285,321,23,68.54,220,321,23,25.51,50,196,-0.80,23,64.29,126,196,-0.13
Mark Hubbard,53,61.50,"1,558,809","253,452",15,53.6,104,194,+2.02,53,1.61,9,558,+0.22,57,51.68,"376,963","72,946",53,10.38,11,106,-0.55,53,64.97,"1,214,791","186,973",15,46.4,90,194,+0.56,53,+.015,53,7.0,39,164,+0.205,57,.005,.227,44,53,.124,-.005,.089,.040,40,53,+.159,53,14.70,82,558,+0.16,53,12.19,68,558,+0.01,53,82.73,613,741,57,64.12,511,797,53,26.88,150,558,+0.93,53,64.52,360,558,-0.19
Scott Brown,48,61.48,"1,332,657","216,752",16,49.0,72,147,+2.50,48,2.11,10,475,+0.70,50,51.45,"318,094","61,824",48,5.21,5,96,-0.40,48,65.20,"1,031,147","158,156",16,51.0,75,147,+1.73,48,+.179,48,4.8,23,99,+0.174,50,.258,9.272,36,48,-.220,.269,-.530,.042,34,48,+.200,48,12.63,60,475,+0.20,48,11.79,56,475,+0.18,48,83.76,562,671,50,68.10,476,699,48,24.42,116,475,+1.90,48,68.63,326,475,-0.11
Kyle Stanley,37,61.45,"1,060,065","172,511",13,63.4,78,123,+3.85,37,3.17,12,378,+0.75,39,51.19,"258,492","50,494",37,2.70,2,74,E,37,65.29,"817,681","125,245",13,36.6,45,123,+2.22,37,-.103,37,7.1,27,117,+0.481,39,-.187,-5.412,29,37,.121,-.250,.396,-.026,27,37,+.383,37,15.87,60,378,+0.38,37,7.67,29,378,-0.10,37,86.49,448,518,39,69.96,382,546,37,23.54,89,378,+2.25,37,66.14,250,378,-0.21
Jazz Janewattananond,20,61.45,"316,729","51,541",6,22.0,9,41,+6.67,20,2.68,3,112,-0.33,22,52.11,"89,630","17,200",20,31.25,5,16,E,20,64.86,"243,685","37,569",6,78.0,32,41,+2.81,20,+.231,20,5.4,6,26,+0.333,22,-.526,-5.263,10,20,-1.909,-.584,-.879,-.446,8,20,+.667,20,8.04,9,112,+0.67,20,23.21,26,112,+0.23,20,83.33,230,276,22,66.45,202,304,20,31.25,35,112,+3.43,20,60.71,68,112,-0.04
Jim Furyk,23,61.42,"770,703","125,481",7,58.2,32,55,-0.31,23,1.79,5,279,+0.60,25,50.64,"175,918","34,740",23,2.17,1,46,E,23,64.95,"610,346","93,969",7,41.8,23,55,+1.30,23,+.067,23,5.0,14,58,-0.071,25,-.051,-1.121,22,23,.549,-.047,.652,-.057,20,23,-.042,23,8.60,24,279,-0.04,23,5.38,15,279,+0.07,23,93.15,299,321,25,78.80,275,349,23,13.98,39,279,E,23,79.21,221,279,-0.14
Chez Reavie,47,61.38,"1,069,899","174,321",14,38.3,41,107,+1.22,47,1.84,7,381,+0.57,51,50.88,"285,277","56,068",47,5.71,4,70,-0.25,47,65.64,"818,713","124,720",14,61.7,66,107,+1.36,47,-.022,47,6.0,23,98,+0.304,51,-.206,-6.391,31,47,.492,-.172,.326,.338,27,47,+.108,47,9.71,37,381,+0.11,47,11.81,45,381,-0.02,47,87.06,572,657,51,69.85,498,713,47,21.52,82,381,+0.37,47,70.60,269,381,-0.16
Ian Poulter,22,61.36,"465,091","75,796",6,50.6,40,79,+1.75,22,1.82,3,165,+0.33,26,51.46,"125,252","24,339",22,.00,0,24,E,22,64.41,"373,115","57,924",6,49.4,39,79,+1.79,22,+.214,22,10.9,18,78,+0.056,26,-.134,-2.150,16,22,.542,-.161,.395,.307,12,22,+.200,22,18.18,30,165,+0.20,22,16.97,28,165,+0.21,22,78.95,240,304,26,59.72,215,360,22,35.15,58,165,+2.07,22,52.12,86,165,-0.23
Michael Thompson,32,61.30,"1,009,494","164,693",11,48.4,59,122,+3.05,32,3.06,11,360,+1.00,36,51.74,"258,769","50,014",32,9.38,6,64,-0.33,32,64.72,"784,054","121,146",11,51.6,63,122,+1.43,32,-.041,32,5.6,20,85,+0.450,36,-.148,-4.433,30,32,-.663,-.196,-.552,.085,26,32,+.186,32,11.94,43,360,+0.19,32,13.61,49,360,-0.04,32,83.22,372,447,36,66.00,332,503,32,25.56,92,360,+0.65,32,65.83,237,360,-0.12
Tim Wilkinson,32,61.23,"693,080","113,200",10,54.3,38,70,+1.05,32,2.79,7,251,+0.29,32,50.95,"141,389","27,748",32,9.38,6,64,-0.50,32,64.56,"551,691","85,452",10,45.7,32,70,+2.19,32,+.273,32,4.4,11,48,+0.364,32,-.057,-1.023,18,32,.158,-.057,.019,.196,18,32,-.033,32,11.95,30,251,-0.03,32,8.76,22,251,+0.27,32,84.79,379,447,32,69.80,312,447,32,20.72,52,251,+0.96,32,72.11,181,251,-0.13
Graeme McDowell,30,61.20,"754,851","123,335",9,39.4,37,94,+1.89,30,1.49,4,268,+1.25,32,51.25,"188,896","36,859",30,14.00,7,50,-0.29,30,64.84,"581,629","89,704",9,60.6,57,94,+1.58,30,+.122,30,5.2,14,58,+0.143,32,-.537,-11.284,21,30,-.068,-.654,.662,-.077,19,30,+.097,30,11.57,31,268,+0.10,30,18.28,49,268,+0.12,30,81.04,342,422,32,63.33,285,450,30,29.85,80,268,+1.13,30,63.43,170,268,-0.11
Arjun Atwal,21,61.19,"387,176","63,273",8,42.1,24,57,+2.50,21,2.88,4,139,+1.25,21,50.89,"86,500","16,998",21,9.52,4,42,-0.50,21,64.98,"300,676","46,275",8,57.9,33,57,+0.30,21,-.125,21,5.8,8,35,+0.125,21,-.455,-4.552,10,21,-.871,-.455,-.495,.079,10,21,+.190,21,15.11,21,139,+0.19,21,17.27,24,139,-0.13,21,85.67,251,293,21,64.51,189,293,21,32.37,45,139,+0.22,21,58.99,82,139,+0.04
John Huh,26,61.19,"907,635","148,330",8,58.9,66,112,+1.06,26,1.88,6,320,+0.83,26,51.97,"223,668","43,042",26,1.92,1,52,-1.00,26,64.96,"683,967","105,288",8,41.1,46,112,+2.83,26,+.222,26,6.3,20,86,+0.300,26,-.202,-4.656,23,26,-.596,-.202,-.472,.079,23,26,+.019,26,16.56,53,320,+0.02,26,11.25,36,320,+0.22,26,82.69,301,364,26,63.46,231,364,26,27.81,89,320,+1.01,26,64.06,205,320,-0.23
Jim Herman,38,61.16,"1,178,320","192,653",14,61.7,79,128,+3.16,38,1.18,5,422,+0.20,42,50.40,"298,902","59,308",38,3.95,3,76,+0.67,38,65.31,"913,178","139,812",14,38.3,49,128,+1.22,38,+.116,38,5.7,24,103,+0.333,42,.227,7.718,34,38,-1.229,.175,-.670,-.734,30,38,+.283,38,14.22,60,422,+0.28,38,10.19,43,422,+0.12,38,84.11,450,535,42,70.39,416,591,38,24.41,103,422,+2.14,38,68.72,290,422,-0.06
Chris Baker,37,61.12,"818,826","133,961",13,62.8,59,94,+3.56,37,1.70,5,294,+1.00,37,50.99,"189,072","37,078",37,6.76,5,74,-0.40,37,65.00,"629,754","96,883",13,37.2,35,94,+2.00,37,+.100,37,5.4,16,69,+0.375,37,.191,4.017,21,37,-.073,.191,-.293,.029,21,37,+.326,37,14.63,43,294,+0.33,37,10.20,30,294,+0.10,37,84.72,438,517,37,67.70,350,517,37,24.83,73,294,+2.33,37,68.03,200,294,-0.09
Chris Stroud,30,61.10,"782,768","128,120",11,62.3,71,114,+2.68,30,2.50,7,280,+0.57,34,51.00,"222,632","43,652",30,3.33,2,60,E,30,65.24,"593,302","90,935",11,37.7,43,114,+3.26,30,+.259,30,9.6,27,114,+0.370,34,-.434,-10.409,24,30,-.774,-.404,-.129,-.241,20,30,+.200,30,19.64,55,280,+0.20,30,9.64,27,280,+0.26,30,80.67,338,419,34,58.95,280,475,30,29.29,82,280,+2.20,30,58.57,164,280,-0.13
Aaron Baddeley,33,61.08,"905,467","148,252",10,64.6,82,127,+0.98,33,2.50,8,320,+0.75,35,51.76,"249,473","48,198",33,3.03,2,66,-1.00,33,65.08,"672,160","103,282",10,35.4,45,127,+0.22,33,-.083,33,9.4,30,127,+0.267,35,-.483,-12.063,25,33,.201,-.523,-.098,.822,23,33,-.018,33,17.19,55,320,-0.02,33,11.25,36,320,-0.08,33,81.13,374,461,35,61.76,302,489,33,28.44,91,320,-0.44,33,59.69,191,320,-0.20
Tyler Duncan,49,61.05,"1,406,650","230,399",16,57.3,94,164,+2.66,49,1.97,10,507,+0.60,53,50.72,"351,880","69,377",49,2.04,2,98,+0.50,49,64.97,"1,088,194","167,489",16,42.7,70,164,+2.71,49,+.196,49,6.1,31,128,+0.419,53,-.081,-3.226,40,49,-.209,-.132,.205,-.282,36,49,+.187,49,14.79,75,507,+0.19,49,10.06,51,507,+0.20,49,83.45,575,689,53,69.26,516,745,49,24.85,126,507,+1.90,49,67.06,340,507,-0.15
Kevin Stadler,20,60.99,"431,956","70,826",9,62.5,40,64,+5.25,20,3.90,6,154,+1.17,20,49.57,"111,970","22,589",20,7.50,3,40,E,20,66.34,"319,986","48,237",9,37.5,24,64,+4.17,20,+.267,20,6.5,10,44,+0.500,20,-.586,-6.445,11,20,-3.151,-.586,-1.642,-.923,11,20,+.441,20,22.08,34,154,+0.44,20,9.74,15,154,+0.27,20,78.85,220,279,20,56.63,158,279,20,31.82,49,154,+3.88,20,57.79,89,154,-0.08
Ben Martin,28,60.92,"540,801","88,775",9,60.9,39,64,+3.08,28,2.05,4,195,+0.50,28,51.38,"130,929","25,481",28,.00,0,56,E,28,64.76,"409,872","63,294",9,39.1,25,64,+1.60,28,-.063,28,6.2,12,52,+0.667,28,-.097,-1.359,14,28,-.204,-.097,.022,-.129,14,28,+.219,28,16.41,32,195,+0.22,28,8.21,16,195,-0.06,28,83.38,326,391,28,63.94,250,391,28,24.62,48,195,+1.25,28,67.18,131,195,-0.16
Luke Donald,18,60.91,"417,966","68,622",5,50.8,31,61,+2.58,18,5.88,9,153,+0.11,20,50.63,"94,253","18,615",18,2.78,1,36,E,18,63.83,"339,821","53,235",5,49.2,30,61,E,18,E,18,8.5,13,53,E,20,-.924,-12.012,13,18,.426,-.879,.836,.468,11,18,+.389,18,11.76,18,153,+0.39,18,13.73,21,153,E,18,79.28,199,251,20,59.14,165,279,18,25.49,39,153,+1.79,18,60.13,92,153,-0.14
Vaughn Taylor,49,60.83,"1,234,810","203,006",14,49.7,75,151,+1.60,49,2.24,10,447,+0.50,53,50.94,"304,492","59,769",49,1.22,1,82,-1.00,49,64.43,"964,494","149,704",14,50.3,76,151,+2.24,49,+.204,49,7.4,33,141,+0.152,53,.025,.908,36,49,-.250,-.022,-.084,-.144,32,49,+.145,49,12.30,55,447,+0.15,49,12.08,54,447,+0.20,49,85.61,583,681,53,68.52,505,737,49,24.38,109,447,+1.74,49,66.00,295,447,-0.14
David Hearn,39,60.82,"922,329","151,654",12,60.0,66,110,+0.91,39,2.08,7,336,+0.43,41,49.92,"224,765","45,022",39,3.85,3,78,-0.67,39,64.92,"713,203","109,860",12,40.0,44,110,+0.45,39,-.073,39,3.3,11,46,+0.182,41,-.040,-1.045,26,39,-.013,-.095,.189,-.107,24,39,+.075,39,15.77,53,336,+0.08,39,12.20,41,336,-0.07,39,87.89,479,545,41,69.28,397,573,39,27.98,94,336,+0.11,39,66.67,224,336,-0.13
Ryan Armour,36,60.80,"887,990","146,042",13,48.1,37,77,+3.51,36,1.25,4,321,+1.25,40,50.79,"227,164","44,723",36,1.39,1,72,-1.00,36,64.37,"693,841","107,786",13,51.9,40,77,+2.00,36,+.121,36,3.4,11,46,+0.182,40,.052,1.398,27,36,.522,.132,.065,.325,23,36,+.290,36,9.66,31,321,+0.29,36,10.28,33,321,+0.12,36,86.88,437,503,40,74.06,414,559,36,19.94,64,321,+2.03,36,75.39,242,321,-0.13
Rob Oppenheim,49,60.73,"1,273,193","209,659",15,54.9,95,173,+3.05,49,1.09,5,459,+1.20,49,50.99,"296,851","58,216",49,7.14,7,98,-0.29,49,64.47,"976,342","151,443",15,45.1,78,173,-0.26,49,-.029,49,5.2,24,103,+0.375,49,-.312,-10.285,33,49,.216,-.312,-.037,.565,33,49,+.187,49,16.34,75,459,+0.19,49,15.25,70,459,-0.03,49,83.07,569,685,49,62.48,428,685,49,31.59,145,459,+0.83,49,62.09,285,459,-0.10
Brian Stuard,57,60.73,"1,537,607","253,172",16,52.9,91,172,+1.65,57,1.61,9,560,+0.67,61,50.44,"360,114","71,396",57,1.89,2,106,-1.00,57,64.26,"1,209,590","188,243",16,47.1,81,172,+1.11,57,+.092,57,6.3,35,148,+0.057,61,-.195,-8.566,44,57,.210,-.212,-.075,.497,40,57,+.164,57,11.96,67,560,+0.16,57,11.61,65,560,+0.09,57,84.82,676,797,61,71.63,611,853,57,23.57,132,560,+1.29,57,68.57,384,560,-0.16
Johnson Wagner,19,60.59,"384,839","63,520",7,44.4,20,45,+0.50,19,1.44,2,139,+1.50,19,49.03,"84,234","17,179",19,7.89,3,38,-0.33,19,64.87,"300,605","46,341",7,55.6,25,45,+2.80,19,+.238,19,2.9,4,18,-0.500,19,-.484,-4.845,10,19,-.782,-.484,.012,-.310,10,19,+.111,19,12.95,18,139,+0.11,19,15.11,21,139,+0.24,19,84.15,223,265,19,70.19,186,265,19,28.06,39,139,+1.79,19,67.63,94,139,-0.18
Andrew Putnam,32,60.57,"693,847","114,558",10,57.4,54,94,+0.19,32,2.41,6,249,+0.17,34,50.19,"160,702","32,021",32,2.50,1,40,-1.00,32,63.86,"547,692","85,765",10,42.6,40,94,+1.75,32,+.212,32,5.6,14,61,-0.143,34,-.912,-18.235,20,32,-1.031,-.841,-.088,-.103,18,32,+.043,32,18.88,47,249,+0.04,32,13.25,33,249,+0.21,32,83.78,372,444,34,59.96,283,472,32,32.13,80,249,+1.13,32,59.84,149,249,-0.16
Satoshi Kodaira,31,60.54,"649,147","107,226",11,42.1,32,76,+3.75,31,2.97,7,236,+1.14,31,50.78,"128,897","25,383",31,3.70,2,54,+0.50,31,63.57,"520,250","81,843",11,57.9,44,76,+3.86,31,+.313,31,6.8,16,69,+0.250,31,-.533,-9.058,17,31,-1.790,-.533,-.797,-.460,17,31,+.333,31,8.90,21,236,+0.33,31,13.56,32,236,+0.31,31,80.42,345,429,31,68.53,294,429,31,22.46,53,236,+3.21,31,67.80,160,236,-0.01
Zac Blair,52,60.54,"1,389,998","229,606",16,59.7,114,191,+2.28,52,1.80,9,500,+0.67,52,49.79,"324,363","65,146",52,3.85,4,104,-0.50,52,64.80,"1,065,635","164,460",16,40.3,77,191,+1.04,52,+.083,52,6.8,34,146,+0.206,52,-.337,-12.124,36,52,-.649,-.337,-.470,.158,36,52,+.180,52,17.80,89,500,+0.18,52,12.00,60,500,+0.08,52,83.36,606,727,52,62.17,452,727,52,29.80,149,500,+1.41,52,61.60,308,500,-0.13
Alex Cejka,23,60.44,"457,639","75,712",7,54.2,26,48,+1.92,23,4.79,8,167,+0.38,23,49.37,"106,157","21,503",23,6.52,3,46,-0.33,23,64.84,"351,482","54,209",7,45.8,22,48,-0.45,23,-.056,23,4.2,7,29,+0.286,23,-.279,-3.349,12,23,.527,-.279,.290,.516,12,23,E,23,9.58,16,167,E,23,10.78,18,167,-0.06,23,86.29,277,321,23,68.54,220,321,23,20.36,34,167,-0.29,23,70.66,118,167,-0.08
J.J. Henry,21,60.44,"461,495","76,351",8,40.3,27,67,+4.44,21,2.98,5,168,+1.40,21,49.29,"107,434","21,796",21,4.76,2,42,+0.50,21,64.90,"354,061","54,555",8,59.7,40,67,+2.50,21,+.143,21,7.7,13,57,+0.308,21,-.556,-6.672,12,21,-1.445,-.556,-.563,-.326,12,21,+.333,21,12.50,21,168,+0.33,21,16.67,28,168,+0.14,21,79.86,234,293,21,63.82,187,293,21,29.17,49,168,+2.24,21,60.12,101,168,-0.12
David Lingmerth,19,60.35,"380,573","63,058",7,41.0,16,39,+1.25,19,3.57,5,140,+0.80,19,48.71,"83,136","17,068",19,5.26,2,38,+0.50,19,64.67,"297,437","45,990",7,59.0,23,39,+0.87,19,+.067,19,5.7,8,35,E,19,-.134,-1.338,10,19,-.302,-.134,.261,-.429,10,19,-.091,19,7.86,11,140,-0.09,19,10.71,15,140,+0.07,19,88.30,234,265,19,68.30,181,265,19,18.57,26,140,E,19,72.14,101,140,-0.08
John Senden,25,60.21,"461,548","76,653",9,60.0,39,65,+2.56,25,4.32,7,162,+1.43,25,49.69,"113,400","22,823",25,6.00,3,50,E,25,64.68,"348,148","53,830",9,40.0,26,65,+1.54,25,+.118,25,7.4,12,52,+0.083,25,-.893,-10.717,12,25,-2.191,-.893,-.699,-.599,12,25,+.034,25,17.90,29,162,+0.03,25,10.49,17,162,+0.12,25,82.23,287,349,25,60.17,210,349,25,28.40,46,162,+0.65,25,59.88,97,162,-0.06
Ben Crane,17,60.16,"458,545","76,222",6,52.8,28,53,+1.79,17,2.98,5,168,+0.60,17,48.26,"105,109","21,781",17,2.94,1,34,E,17,64.92,"353,436","54,441",6,47.2,25,53,+1.60,17,E,17,4.8,8,32,+0.375,17,-.315,-3.783,12,17,-.407,-.315,.142,-.233,12,17,+.158,17,11.31,19,168,+0.16,17,12.50,21,168,E,17,88.24,210,238,17,68.49,163,238,17,23.81,40,168,+0.75,17,68.45,115,168,-0.11
Brendon Todd,50,60.07,"1,507,783","251,007",15,49.3,71,144,+0.99,50,1.64,9,548,+0.67,52,49.90,"365,418","73,231",50,7.00,7,100,-0.14,50,63.99,"1,158,185","181,004",15,50.7,73,144,+1.51,50,+.086,50,3.3,18,77,+0.111,52,-.075,-3.087,41,50,-.291,-.120,-.186,.015,39,50,+.109,50,11.68,64,548,+0.11,50,10.58,58,548,+0.09,50,87.22,614,704,52,72.54,531,732,50,22.26,122,548,+0.98,50,72.81,399,548,-0.11
Steve Stricker,18,59.88,"503,106","84,025",6,37.9,25,66,+0.80,18,1.10,2,182,+0.50,18,50.39,"123,966","24,600",18,.00,0,36,E,18,63.80,"379,140","59,425",6,62.1,41,66,+3.17,18,+.194,18,9.3,17,70,+0.353,18,-.236,-3.063,13,18,-.364,-.236,-.507,.378,13,18,+.056,18,9.89,18,182,+0.06,18,17.03,31,182,+0.19,18,80.88,203,251,18,64.94,163,251,18,26.92,49,182,+1.43,18,62.64,114,182,-0.08
Chad Campbell,17,59.84,"382,003","63,838",7,53.5,23,43,+1.30,17,2.16,3,139,+0.67,17,49.32,"95,978","19,459",17,5.88,2,34,-0.50,17,64.45,"286,025","44,379",7,46.5,20,43,+1.50,17,+.133,17,4.3,6,25,+0.167,17,.120,1.204,10,17,.050,.120,-.002,-.069,10,17,+.053,17,13.67,19,139,+0.05,17,10.79,15,139,+0.13,17,87.34,207,237,17,70.04,166,237,17,24.46,34,139,+0.88,17,69.06,96,139,-0.13
Ricky Barnes,28,59.58,"645,236","108,299",8,62.5,70,112,+0.71,28,4.37,10,229,+1.00,28,50.32,"177,228","35,217",28,3.57,2,56,E,28,64.04,"468,008","73,082",8,37.5,42,112,+0.95,28,E,28,7.4,17,76,-0.118,28,-1.144,-19.452,17,28,-.805,-1.144,-.054,.393,17,28,+.020,28,22.27,51,229,+0.02,28,14.85,34,229,E,28,77.24,302,391,28,51.15,200,391,28,37.12,85,229,+0.12,28,51.09,117,229,-0.17
K.J. Choi,17,59.44,"346,614","58,318",6,65.0,26,40,+1.15,17,2.40,3,125,+1.00,19,48.72,"98,171","20,148",17,3.85,1,26,E,17,63.73,"263,813","41,398",6,35.0,14,40,+2.14,17,E,17,3.2,4,16,E,19,-.840,-9.242,11,17,-.068,-.643,-.015,.591,9,17,+.125,17,19.20,24,125,+0.13,17,7.20,9,125,E,17,89.45,212,237,19,73.21,194,265,17,26.40,33,125,+0.91,17,68.00,85,125,-0.15
