player,Average Distance of Eagle putts made-ROUNDS,Average Distance of Eagle putts made-AVG,Average Distance of Eagle putts made-TOT DIST (FT),Average Distance of Eagle putts made-TOT EAGLES PUTTS MADE,Average Distance of Eagle putts made-LONGEST MADE (FT),Average Distance of Eagle putts made-SHORTEST MADE (FT),1-Putts per Round-ROUNDS,1-Putts per Round-AVG,1-Putts per Round-TOTAL 1 PUTTS,1-Putts per Round-TOTAL ROUNDS,3-Putts per Round-ROUNDS,3-Putts per Round-AVG,3-Putts per Round-TOTAL 3 PUTTS,3-Putts per Round-TOTAL ROUNDS,Birdie or Better Conversion Percentage-ROUNDS,Birdie or Better Conversion Percentage-%,Birdie or Better Conversion Percentage-# BIRDIES,Birdie or Better Conversion Percentage-GREENS HIT,Average Distance of Putts made-ROUNDS,Average Distance of Putts made-AVG,Average Distance of Putts made-TOTAL DIST (INCHES),Average Distance of Putts made-TOTAL ROUNDS,Average Distance of Putts made-AVG DIST,Average Distance of Putts made-BEST ROUND,SG: Putting-ROUNDS,SG: Putting-AVERAGE,SG: Putting-TOTAL SG:PUTTING,SG: Putting-MEASURED ROUNDS,One-Putt Percentage - Round 1-ROUNDS,One-Putt Percentage - Round 1-%,One-Putt Percentage - Round 1-# OF 1 PUTTS,One-Putt Percentage - Round 1-# OF HOLES,One-Putt Percentage - Round 3-%,One-Putt Percentage - Round 3-# OF 1 PUTTS,One-Putt Percentage - Round 3-# OF HOLES,One-Putt Percentage - Round 4-%,One-Putt Percentage - Round 4-# OF 1 PUTTS,One-Putt Percentage - Round 4-# OF HOLES,Approach Putt Performance-ROUNDS,Approach Putt Performance-VALUE,Approach Putt Performance-ATTEMPTS,Approach Putt Performance-TOTAL DISTANCE (FEET),2-Putts per Round-ROUNDS,2-Putts per Round-AVG,2-Putts per Round-TOTAL 2 PUTTS,2-Putts per Round-TOTAL ROUNDS,One-Putt Percentage-ROUNDS,One-Putt Percentage-%,One-Putt Percentage-# OF 1 PUTTS,One-Putt Percentage-# OF HOLES,PUTTING-table_name,One-Putt Percentage - Round 2-%,One-Putt Percentage - Round 2-# OF 1 PUTTS,One-Putt Percentage - Round 2-# OF HOLES
Roger Sloan,33,"56' 8""",56.667,1,57,57,33,7.06,233,33,33,.64,21,33,35,27.23,110,404,33,"64' 0""","15,360",20,365,2302001261,35,-.635,-13.976,22,35,36.90,93,252,48.61,35,72,40.74,22,54,33,"2' 5""",220,524.833,33,10.00,330,33,35,39.37,248,630,One-Putt Percentage - Round 2,38.46,90,234
Patton Kizzire,37,"55' 2""",55.167,1,55,55,37,7.46,276,37,37,.32,12,37,39,31.64,137,433,37,"77' 10""","27,089",29,437,1103001952,39,.537,16.635,31,39,46.83,118,252,35.19,38,108,34.44,31,90,37,"2' 4""",310,727.417,37,10.00,370,37,39,42.74,300,702,One-Putt Percentage - Round 2,43.59,102,234
Emiliano Grillo,39,"52' 4""",52.333,1,52,52,39,5.59,218,39,39,.67,26,39,41,27.61,148,536,39,"62' 2""","16,402",22,350,2401001226,41,-1.127,-27.052,24,41,31.48,85,270,27.78,30,108,25.00,27,108,39,"2' 4""",275,640.833,39,11.54,450,39,41,31.17,230,738,One-Putt Percentage - Round 2,35.47,83,234
Ryan Palmer,36,"49' 10""",49.833,1,50,50,36,7.17,258,36,36,.61,22,36,40,33.33,163,489,36,"73' 2""","23,700",27,410,1504001335,40,-.197,-6.115,31,40,39.90,79,198,39.58,57,144,41.67,60,144,36,"2' 4""",280,654.583,36,10.03,361,36,40,40.56,292,720,One-Putt Percentage - Round 2,37.78,68,180
Satoshi Kodaira,31,"46' 6""",46.500,1,47,47,31,6.35,197,31,31,.61,19,31,31,20.82,71,341,31,"63' 6""","12,947",17,354,2302001044,31,-.994,-16.902,17,31,37.88,75,198,35.56,32,90,34.72,25,72,31,"2' 5""",204,485.000,31,10.94,339,31,31,35.30,197,558,One-Putt Percentage - Round 2,32.83,65,198
Rob Oppenheim,49,"46' 2""",92.333,2,84,9,49,6.84,335,49,49,.55,27,49,49,26.73,151,565,49,"71' 10""","28,437",33,410,1101002172,49,-.529,-17.455,33,49,40.00,108,270,33.33,60,180,41.36,67,162,49,"2' 5""",360,864.000,49,10.10,495,49,49,37.98,335,882,One-Putt Percentage - Round 2,37.04,100,270
Michael Gellerman,32,"42' 3""",84.500,2,59,26,32,6.78,217,32,32,.78,25,32,32,28.97,113,390,32,"80' 5""","19,305",20,453,0203001395,32,.016,.323,20,32,37.37,74,198,30.56,33,108,38.89,28,72,32,"2' 6""",220,543.250,32,10.22,327,32,32,37.67,217,576,One-Putt Percentage - Round 2,41.41,82,198
Matt Jones,50,"39' 7""",79.083,2,69,10,50,6.94,347,50,50,.68,34,50,54,30.23,195,645,50,"67' 8""","30,865",38,381,1701001488,54,-.135,-5.663,42,54,38.89,112,288,38.38,76,198,34.85,69,198,50,"2' 2""",417,891.167,50,10.14,507,50,54,38.58,375,972,One-Putt Percentage - Round 2,41.45,97,234
Andrew Putnam,32,"39' 3""",39.250,1,39,39,32,7.34,235,32,32,.47,15,32,34,29.48,120,407,32,"81' 0""","17,491",18,455,0403001618,34,.978,19.562,20,34,39.39,78,198,37.04,40,108,42.59,46,108,32,"2' 7""",184,469.000,32,10.03,321,32,34,41.34,253,612,One-Putt Percentage - Round 2,43.33,78,180
Seamus Power,22,"39' 0""",39.000,1,39,39,22,7.45,164,22,22,.50,11,22,22,35.58,95,267,22,"80' 8""","10,650",11,460,0201001858,22,.264,2.904,11,22,38.10,48,126,43.06,31,72,40.28,29,72,22,"2' 5""",113,277.250,22,9.68,213,22,22,41.41,164,396,One-Putt Percentage - Round 2,44.44,56,126
John Huh,26,"38' 11""",77.833,2,43,35,26,7.69,200,26,26,.35,9,26,26,33.66,103,306,26,"83' 8""","23,089",23,470,0404001696,26,.750,17.242,23,26,45.14,65,144,36.67,33,90,46.67,42,90,26,"2' 5""",228,550.250,26,9.69,252,26,26,42.74,200,468,One-Putt Percentage - Round 2,41.67,60,144
Matthew Wolff,40,"38' 7""",77.167,2,56,21,40,6.75,270,40,40,.40,16,40,42,30.53,149,488,40,"67' 2""","23,365",29,376,0403001310,42,.022,.673,31,42,36.11,78,216,38.27,62,162,39.51,64,162,40,"2' 2""",315,689.167,40,10.70,428,40,42,37.83,286,756,One-Putt Percentage - Round 2,36.36,72,198
Graeme McDowell,30,"37' 3""",37.250,1,37,37,30,6.77,203,30,30,.47,14,30,32,29.65,110,371,30,"68' 7""","15,645",19,389,2401001687,32,-.146,-3.064,21,32,34.44,62,180,32.54,41,126,40.74,44,108,30,"2' 5""",207,500.333,30,10.47,314,30,32,38.37,221,576,One-Putt Percentage - Round 2,43.06,62,144
Joaquin Niemann,42,"37' 3""",74.417,2,52,23,42,6.64,279,42,42,.64,27,42,46,31.01,182,587,42,"71' 4""","26,527",31,400,0102001722,46,.052,1.815,35,46,34.92,88,252,35.42,51,144,37.50,54,144,42,"2' 2""",346,762.667,42,10.57,444,42,46,37.32,309,828,One-Putt Percentage - Round 2,38.89,91,234
Kevin Na,44,"34' 9""",69.500,2,44,26,44,7.86,346,44,44,.43,19,44,44,33.01,169,512,44,"81' 10""","31,412",32,462,0402002425,44,.769,24.612,32,44,39.74,93,234,47.53,77,162,43.21,70,162,44,"2' 3""",314,716.333,44,9.45,416,44,44,43.69,346,792,One-Putt Percentage - Round 2,45.30,106,234
Hank Lebioda,39,"34' 2""",68.250,2,63,5,39,7.03,274,39,39,.74,29,39,39,29.65,134,452,39,"74' 3""","22,280",25,416,0201001563,39,-.403,-10.066,25,39,38.49,97,252,34.26,37,108,47.78,43,90,39,"2' 7""",276,707.833,39,10.08,393,39,39,39.03,274,702,One-Putt Percentage - Round 2,38.49,97,252
Brendon Todd,50,"33' 6""",66.917,2,57,10,50,8.06,403,50,50,.54,27,50,52,31.06,191,615,50,"80' 5""","37,639",39,451,1103001440,52,.337,13.809,41,52,43.40,125,288,44.44,80,180,46.67,84,180,50,"2' 5""",389,931.750,50,9.16,458,50,52,44.55,417,936,One-Putt Percentage - Round 2,45.19,122,270
Harry Higgs,57,"33' 3""",99.833,3,83,8,57,7.60,433,57,57,.35,20,57,61,31.87,233,731,57,"74' 4""","38,359",43,419,1803001694,61,.338,15.878,47,61,42.16,129,306,40.17,94,234,41.20,89,216,57,"2' 3""",452,"1,002.333",57,9.77,557,57,61,42.53,467,"1,098",One-Putt Percentage - Round 2,44.44,128,288
Matt Kuchar,30,"33' 1""",66.083,2,39,27,30,7.10,213,30,30,.33,10,30,34,32.84,134,408,30,"71' 8""","19,783",23,404,2001001419,34,.728,19.649,27,34,39.44,71,180,37.04,40,108,42.59,46,108,30,"2' 1""",249,527.000,30,10.27,308,30,34,40.69,249,612,One-Putt Percentage - Round 2,40.12,65,162
Jim Furyk,23,"32' 7""",32.583,1,33,33,23,5.61,129,23,23,.52,12,23,25,25.59,87,340,23,"78' 4""","18,792",20,442,0304001423,25,-.071,-1.560,22,25,23.61,34,144,32.22,29,90,37.50,27,72,23,"2' 0""",237,467.750,23,11.61,267,23,25,31.11,140,450,One-Putt Percentage - Round 2,35.71,45,126
Adam Scott,26,"32' 5""",97.167,3,54,18,26,7.35,191,26,26,.27,7,26,26,33.75,109,323,26,"72' 6""","15,668",18,409,0301001801,26,.231,4.155,18,26,38.89,49,126,39.81,43,108,42.59,46,108,26,"2' 1""",179,374.417,26,10.08,262,26,26,40.81,191,468,One-Putt Percentage - Round 2,42.06,53,126
Cameron Percy,37,"31' 7""",63.083,2,50,13,37,6.68,247,37,37,.51,19,37,37,28.33,134,473,37,"74' 3""","22,275",25,417,1102001439,37,.089,2.215,25,37,35.35,70,198,34.03,49,144,38.10,48,126,37,"2' 2""",277,600.250,37,10.59,392,37,37,37.09,247,666,One-Putt Percentage - Round 2,40.40,80,198
Troy Merritt,38,"29' 11""",29.917,1,30,30,38,7.08,269,38,38,.47,18,38,42,30.63,151,493,38,"80' 6""","24,159",25,454,1104001506,42,.432,12.538,29,42,38.03,89,234,42.86,54,126,38.89,49,126,38,"2' 4""",260,609.833,38,10.16,386,38,42,39.15,296,756,One-Putt Percentage - Round 2,39.35,85,216
Nelson Ledesma,34,"29' 3""",58.417,2,44,15,34,7.50,255,34,34,.35,12,34,34,31.75,120,378,34,"75' 3""","16,261",18,422,0201001446,34,.257,4.628,18,34,42.74,100,234,37.78,34,90,51.85,28,54,34,"2' 3""",189,427.917,34,9.88,336,34,34,41.67,255,612,One-Putt Percentage - Round 2,39.74,93,234
Chesson Hadley,42,"28' 10""",57.667,2,44,14,42,6.71,282,42,42,.76,32,42,46,32.99,192,582,42,"75' 11""","27,340",30,427,3953001573,46,-.204,-6.950,34,46,36.90,93,252,40.97,59,144,36.11,52,144,42,"2' 4""",337,789.083,42,10.26,431,42,46,38.77,321,828,One-Putt Percentage - Round 2,37.61,88,234
Rickie Fowler,22,"28' 5""",56.750,2,33,24,22,7.59,167,22,22,.59,13,22,24,32.29,93,288,22,"76' 11""","17,541",19,430,1802001594,24,.260,5.462,21,24,43.75,63,144,38.89,28,72,50.00,36,72,22,"2' 4""",199,470.667,22,9.73,214,22,24,42.36,183,432,One-Putt Percentage - Round 2,38.89,49,126
Mark Hubbard,53,"28' 2""",140.667,5,81,4,53,7.43,394,53,53,.32,17,53,57,32.11,218,679,53,"74' 11""","35,957",40,419,0504001547,57,.477,20.973,44,57,43.06,124,288,40.28,87,216,41.41,82,198,53,"2' 0""",420,856.500,53,10.11,536,53,57,41.91,430,"1,026",One-Putt Percentage - Round 2,42.22,114,270
Tyler McCumber,45,"27' 8""",27.667,1,28,28,45,6.67,300,45,45,.73,33,45,45,30.04,164,546,45,"71' 4""","25,674",30,403,1702001821,45,-.611,-18.321,30,45,34.52,87,252,34.57,56,162,38.27,62,162,45,"2' 5""",348,835.333,45,10.27,462,45,45,37.04,300,810,One-Putt Percentage - Round 2,40.60,95,234
Scott Piercy,48,"27' 5""",82.167,3,57,6,48,6.79,326,48,48,.27,13,48,50,27.77,163,587,48,"65' 6""","25,161",32,368,1902001707,50,-.186,-6.329,34,50,36.11,91,252,34.85,69,198,39.39,78,198,48,"1' 11""",340,664.333,48,10.77,517,48,50,38.00,342,900,One-Putt Percentage - Round 2,41.03,96,234
J.J. Spaun,42,"27' 1""",27.083,1,27,27,42,6.57,276,42,42,.52,22,42,44,30.23,156,516,42,"72' 2""","27,716",32,404,1704001467,44,-.077,-2.616,34,44,37.70,95,252,35.19,57,162,36.51,46,126,42,"2' 2""",352,773.667,42,10.67,448,42,44,37.37,296,792,One-Putt Percentage - Round 2,37.61,88,234
Justin Thomas,32,"26' 10""",53.667,2,35,19,32,7.63,244,32,32,.44,14,32,36,37.42,174,465,32,"70' 5""","20,289",24,394,0302001572,36,.292,8.185,28,36,46.11,83,180,43.65,55,126,37.30,47,126,32,"2' 0""",236,474.583,32,9.81,314,32,36,42.59,276,648,One-Putt Percentage - Round 2,41.36,67,162
Viktor Hovland,34,"26' 4""",26.333,1,26,26,34,7.21,245,34,34,.35,12,34,38,31.90,148,464,34,"78' 0""","16,850",18,436,2302001502,38,.129,2.839,22,38,38.89,77,198,42.86,54,126,36.51,46,126,34,"2' 2""",194,420.917,34,10.24,348,34,38,40.35,276,684,One-Putt Percentage - Round 2,42.78,77,180
Brice Garnett,42,"25' 10""",25.833,1,26,26,42,6.83,287,42,42,.36,15,42,46,28.22,162,574,42,"77' 7""","27,011",29,435,0201001345,46,.334,11.008,33,46,39.68,100,252,37.04,60,162,42.86,54,126,42,"2' 4""",334,771.750,42,10.57,444,42,46,37.92,314,828,One-Putt Percentage - Round 2,35.90,84,234
Cameron Smith,36,"25' 8""",51.250,2,34,18,36,7.50,270,36,36,.44,16,36,38,34.73,158,455,36,"79' 8""","25,800",27,447,0402001710,38,.600,17.399,29,38,36.57,79,216,36.51,46,126,42.86,54,126,36,"2' 2""",272,599.417,36,9.86,355,36,38,41.52,284,684,One-Putt Percentage - Round 2,48.48,96,198
Bryson DeChambeau,30,"25' 7""",102.333,4,44,6,30,7.37,221,30,30,.40,12,30,34,33.72,147,436,30,"82' 5""","29,683",30,464,0404002207,34,.474,16.106,34,34,43.21,70,162,36.51,46,126,46.03,58,126,30,"2' 4""",312,727.667,30,10.00,300,30,34,41.18,252,612,One-Putt Percentage - Round 2,37.50,54,144
Joseph Bramlett,41,"25' 6""",101.833,4,44,6,41,6.46,265,41,41,.73,30,41,41,29.16,149,511,41,"73' 7""","23,831",27,413,0103001685,41,-.189,-5.090,27,41,28.70,62,216,43.83,71,162,36.11,52,144,41,"2' 6""",301,740.000,41,10.66,437,41,41,35.91,265,738,One-Putt Percentage - Round 2,37.04,80,216
Sung Kang,49,"24' 9""",24.750,1,25,25,49,6.71,329,49,49,.76,37,49,51,30.40,190,625,49,"70' 0""","31,923",38,396,2402001588,51,-.456,-18.258,40,51,34.81,94,270,40.91,81,198,30.56,55,180,49,"2' 4""",421,976.083,49,10.18,499,49,51,36.82,338,918,One-Putt Percentage - Round 2,40.48,102,252
Patrick Cantlay,20,"23' 0""",92.000,4,46,6,20,6.90,138,20,20,.55,11,20,20,34.07,92,270,20,"70' 4""","15,199",18,397,0402001480,20,.096,1.729,18,20,44.44,40,90,43.33,39,90,36.67,33,90,20,"2' 1""",196,403.500,20,10.30,206,20,20,38.33,138,360,One-Putt Percentage - Round 2,28.89,26,90
Cameron Davis,40,"23' 0""",45.917,2,43,3,40,6.95,278,40,40,1.03,41,40,40,29.36,143,487,40,"76' 2""","25,588",28,432,2302002089,40,-.412,-11.546,28,40,35.04,82,234,42.06,53,126,37.30,47,126,40,"2' 7""",303,774.917,40,9.68,387,40,40,38.61,278,720,One-Putt Percentage - Round 2,41.03,96,234
Scott Stallings,41,"22' 11""",91.500,4,49,10,41,6.83,280,41,41,.49,20,41,45,29.67,162,546,41,"71' 2""","23,066",27,405,0404001435,45,-.036,-1.103,31,45,37.61,88,234,37.04,60,162,36.11,52,144,41,"2' 4""",305,706.917,41,10.37,425,41,45,38.77,314,810,One-Putt Percentage - Round 2,38.43,83,216
Joel Dahmen,51,"22' 11""",91.667,4,39,3,51,7.41,378,51,51,.39,20,51,55,31.24,199,637,51,"68' 11""","28,932",35,388,1502002036,55,-.198,-7.707,39,55,37.04,100,270,44.44,96,216,41.92,83,198,51,"2' 1""",358,745.833,51,9.90,505,51,55,41.41,410,990,One-Putt Percentage - Round 2,43.25,109,252
Matthew NeSmith,50,"22' 10""",45.583,2,39,7,50,6.90,345,50,50,.46,23,50,54,30.38,209,688,50,"76' 8""","33,131",36,430,0403001419,54,.328,13.116,40,54,39.24,113,288,40.00,72,180,43.89,79,180,50,"2' 2""",392,838.333,50,10.46,523,50,54,38.17,371,972,One-Putt Percentage - Round 2,33.33,90,270
Chris Baker,37,"22' 8""",22.667,1,23,23,37,6.03,223,37,37,.70,26,37,37,23.83,107,449,37,"65' 6""","16,502",21,369,1902001484,37,-.732,-15.365,21,37,32.48,76,234,33.33,36,108,34.44,31,90,37,"2' 4""",252,578.583,37,11.03,408,37,37,33.48,223,666,One-Putt Percentage - Round 2,34.19,80,234
Bronson Burgoon,37,"22' 6""",44.917,2,28,17,37,7.68,284,37,37,.38,14,37,39,34.25,162,473,37,"78' 10""","27,430",29,446,0403001497,39,.398,12.330,31,39,41.03,96,234,46.03,58,126,42.06,53,126,37,"2' 4""",292,680.500,37,9.68,358,37,39,42.59,299,702,One-Putt Percentage - Round 2,41.92,83,198
Marc Leishman,35,"22' 3""",44.417,2,23,21,35,7.09,248,35,35,.49,17,35,35,31.05,127,409,35,"77' 4""","24,124",26,439,1704001816,35,.058,1.521,26,35,39.44,71,180,39.58,57,144,36.11,52,144,35,"2' 4""",272,628.750,35,10.11,354,35,35,39.37,248,630,One-Putt Percentage - Round 2,41.98,68,162
Doc Redman,56,"21' 7""",43.167,2,38,5,56,6.75,378,56,56,.52,29,56,60,30.76,231,751,56,"76' 7""","40,433",44,430,2301001591,60,-.109,-5.213,48,60,41.18,126,306,36.11,78,216,39.35,85,216,56,"2' 3""",493,"1,096.833",56,10.54,590,56,60,38.06,411,"1,080",One-Putt Percentage - Round 2,33.68,97,288
Bubba Watson,34,"21' 6""",64.500,3,36,12,34,6.74,229,34,34,.26,9,34,38,30.60,138,451,34,"72' 3""","21,674",25,411,1802001501,38,.636,18.453,29,38,36.87,73,198,34.13,43,126,38.89,49,126,34,"1' 11""",264,495.083,34,10.65,362,34,38,38.16,261,684,One-Putt Percentage - Round 2,39.44,71,180
Rory McIlroy,28,"20' 11""",125.667,6,36,5,28,7.32,205,28,28,.54,15,28,32,34.83,140,402,28,"72' 3""","16,481",19,406,2001001288,32,-.003,-.076,23,32,42.36,61,144,37.30,47,126,39.68,50,126,28,"2' 5""",202,484.833,28,9.86,276,28,32,42.36,244,576,One-Putt Percentage - Round 2,42.86,54,126
Chase Seiffert,44,"20' 7""",82.250,4,31,9,44,6.95,306,44,44,.43,19,44,44,30.09,161,535,44,"77' 11""","24,307",26,437,1501001688,44,.310,8.067,26,44,36.75,86,234,40.12,65,162,32.72,53,162,44,"2' 5""",285,678.833,44,10.48,461,44,44,38.64,306,792,One-Putt Percentage - Round 2,43.59,102,234
Jimmy Walker,34,"20' 5""",40.750,2,29,12,34,6.97,237,34,34,.65,22,34,36,30.29,126,416,34,"74' 8""","25,987",29,419,1702001366,36,-.314,-9.741,31,36,37.50,81,216,37.30,47,126,37.78,34,90,34,"2' 5""",321,786.083,34,10.21,347,34,36,38.58,250,648,One-Putt Percentage - Round 2,40.40,80,198
Martin Trainer,34,"20' 5""",40.750,2,22,19,34,7.71,262,34,34,.76,26,34,36,30.49,100,328,34,"66' 7""","21,585",27,377,0102001269,36,-.267,-7.748,29,36,44.07,119,270,37.50,27,72,47.22,17,36,34,"2' 7""",270,708.250,34,9.24,314,34,36,43.06,279,648,One-Putt Percentage - Round 2,41.67,105,252
Keegan Bradley,44,"20' 4""",40.583,2,36,4,44,6.64,292,44,44,.57,25,44,44,27.01,141,522,44,"67' 0""","26,544",33,379,3954001476,44,-.523,-17.273,33,44,35.04,82,234,32.72,53,162,46.30,75,162,44,"2' 2""",363,772.500,44,10.48,461,44,44,36.87,292,792,One-Putt Percentage - Round 2,35.04,82,234
Gary Woodland,34,"19' 9""",59.167,3,50,2,34,6.76,230,34,34,.38,13,34,38,32.53,161,495,34,"78' 7""","23,576",25,441,1402001988,38,.315,9.133,29,38,40.00,72,180,38.19,55,144,34.03,49,144,34,"2' 5""",274,653.000,34,10.68,363,34,38,37.57,257,684,One-Putt Percentage - Round 2,37.65,61,162
Jordan Spieth,34,"19' 9""",19.750,1,20,20,34,7.82,266,34,34,.29,10,34,38,34.66,148,427,34,"80' 5""","18,332",19,456,3954001694,38,.392,9.023,23,38,45.56,82,180,37.50,54,144,45.83,66,144,34,"2' 2""",186,400.417,34,9.62,327,34,38,43.42,297,684,One-Putt Percentage - Round 2,45.68,74,162
J.T. Poston,50,"19' 8""",39.250,2,22,17,50,7.62,381,50,50,.34,17,50,54,33.75,218,646,50,"82' 1""","34,486",35,461,1802001969,54,.759,29.582,39,54,47.04,127,270,34.34,68,198,45.45,90,198,50,"2' 3""",364,806.250,50,9.84,492,50,54,43.52,423,972,One-Putt Percentage - Round 2,42.06,106,252
Webb Simpson,22,"19' 1""",19.083,1,19,19,22,7.77,171,22,22,.45,10,22,26,37.72,126,334,22,"80' 5""","20,268",21,452,1502001473,26,.695,17.385,25,26,42.86,54,126,47.78,43,90,36.67,33,90,22,"2' 2""",211,451.000,22,9.55,210,22,26,44.23,207,468,One-Putt Percentage - Round 2,43.52,47,108
Chris Stroud,30,"18' 11""",18.917,1,19,19,30,7.43,223,30,30,.57,17,30,34,31.38,123,392,30,"71' 8""","17,204",20,404,0402001577,34,-.250,-6.004,24,34,43.98,95,216,37.78,34,90,37.04,20,54,30,"2' 4""",215,502.000,30,9.70,291,30,34,42.48,260,612,One-Putt Percentage - Round 2,40.91,81,198
Wyndham Clark,43,"18' 11""",37.750,2,25,13,43,7.44,320,43,43,.49,21,43,47,34.08,182,534,43,"75' 6""","25,372",28,425,2304001567,47,.510,16.316,32,47,47.78,129,270,39.58,57,144,42.06,53,126,43,"2' 4""",285,660.750,43,9.86,424,43,47,42.08,356,846,One-Putt Percentage - Round 2,36.11,91,252
Paul Casey,28,"18' 3""",18.250,1,18,18,28,6.61,185,28,28,.68,19,28,28,33.14,117,353,28,"64' 7""","12,396",16,364,2002001116,28,-.741,-11.853,16,28,34.13,43,126,38.89,49,126,31.75,40,126,28,"2' 3""",179,403.750,28,10.50,294,28,28,36.71,185,504,One-Putt Percentage - Round 2,42.06,53,126
Carlos Ortiz,48,"18' 1""",18.083,1,18,18,48,6.94,333,48,48,.44,21,48,52,31.61,202,639,48,"71' 0""","34,951",41,404,0201002073,52,.148,6.658,45,52,38.89,105,270,40.56,73,180,38.33,69,180,48,"2' 4""",450,"1,049.750",48,10.23,491,48,52,39.42,369,936,One-Putt Percentage - Round 2,37.30,94,252
Maverick McNealy,54,"18' 1""",54.167,3,25,9,54,7.74,418,54,54,.57,31,54,58,33.57,236,703,54,"82' 0""","35,420",36,464,1904001750,58,.559,22.372,40,58,44.44,128,288,42.59,92,216,43.06,93,216,54,"2' 3""",373,851.917,54,9.41,508,54,58,42.91,448,"1,044",One-Putt Percentage - Round 2,41.48,112,270
Vaughn Taylor,49,"18' 0""",18.000,1,18,18,49,7.61,373,49,49,.35,17,49,53,34.15,209,612,49,"74' 9""","28,710",32,423,3951001495,53,.418,15.049,36,53,40.00,108,270,43.43,86,198,45.00,81,180,49,"2' 2""",321,698.500,49,9.73,477,49,53,42.77,408,954,One-Putt Percentage - Round 2,43.65,110,252
Ryan Brehm,42,"17' 11""",17.917,1,18,18,42,6.07,255,42,42,.74,31,42,42,29.29,152,519,42,"65' 7""","18,890",24,370,0201001154,42,-.614,-14.728,24,42,32.05,75,234,33.33,48,144,33.33,48,144,42,"2' 3""",288,646.833,42,10.95,460,42,42,33.73,255,756,One-Putt Percentage - Round 2,35.90,84,234
Alex Noren,32,"17' 10""",71.250,4,40,7,32,7.22,231,32,32,.47,15,32,36,33.17,136,410,32,"63' 1""","15,889",21,358,1902001490,36,.167,4.178,25,36,37.78,68,180,40.48,51,126,40.48,51,126,32,"2' 1""",220,455.667,32,9.91,317,32,36,41.05,266,648,One-Putt Percentage - Round 2,41.36,67,162
Talor Gooch,54,"17' 8""",70.583,4,33,2,54,7.04,380,54,54,.33,18,54,56,30.43,206,677,54,"76' 4""","42,134",46,429,0501001875,56,.312,14.990,48,56,40.74,110,270,39.32,92,234,39.74,93,234,54,"2' 3""",498,"1,121.833",54,10.43,563,54,56,39.58,399,"1,008",One-Putt Percentage - Round 2,37.30,94,252
Luke List,41,"17' 5""",121.917,7,34,7,41,6.68,274,41,41,.66,27,41,43,30.52,159,521,41,"75' 5""","28,048",31,423,0504001362,43,-.321,-10.597,33,43,38.89,98,252,43.75,63,144,34.13,43,126,41,"2' 5""",345,823.750,41,10.44,428,41,43,37.73,292,774,One-Putt Percentage - Round 2,33.76,79,234
Brian Harman,48,"17' 5""",34.750,2,19,16,48,7.75,372,48,48,.40,19,48,52,32.90,203,617,48,"73' 1""","35,974",41,412,3951001511,52,.361,16.253,45,52,45.24,114,252,43.43,86,198,42.93,85,198,48,"2' 2""",412,876.000,48,9.60,461,48,52,43.48,407,936,One-Putt Percentage - Round 2,41.88,98,234
Michael Thompson,32,"17' 2""",34.333,2,18,16,32,7.06,226,32,32,.59,19,32,36,28.67,121,422,32,"71' 8""","22,368",26,402,2301001323,36,.265,7.963,30,36,37.50,81,216,43.52,47,108,43.06,31,72,32,"2' 5""",282,677.250,32,10.13,324,32,36,40.28,261,648,One-Putt Percentage - Round 2,38.89,77,198
Abraham Ancer,44,"17' 2""",34.333,2,25,9,44,7.57,333,44,44,.43,19,44,48,32.05,191,596,44,"69' 1""","21,548",26,387,1603001210,48,.152,4.564,30,48,40.60,95,234,43.89,79,180,43.33,78,180,44,"2' 2""",262,566.750,44,9.86,434,44,48,41.67,360,864,One-Putt Percentage - Round 2,39.81,86,216
Dustin Johnson,18,"17' 0""",84.917,5,42,5,18,7.44,134,18,18,.50,9,18,22,32.82,86,262,18,"73' 2""","14,055",16,411,1401001993,22,-.051,-1.011,20,22,45.37,49,108,41.67,30,72,38.89,28,72,18,"2' 4""",169,392.333,18,9.89,178,18,22,41.92,166,396,One-Putt Percentage - Round 2,40.00,36,90
Jonathan Byrd,19,"16' 11""",16.917,1,17,17,19,6.58,125,19,19,.63,12,19,19,25.00,57,228,19,"70' 6""","10,154",12,395,1101001409,19,-.877,-10.525,12,19,37.30,47,126,31.48,17,54,44.44,16,36,19,"2' 3""",139,311.500,19,10.63,202,19,19,36.55,125,342,One-Putt Percentage - Round 2,35.71,45,126
Byeong Hun An,51,"16' 11""",16.917,1,17,17,51,7.41,378,51,51,.63,32,51,53,30.25,193,638,51,"62' 8""","27,055",36,353,0201001219,53,-.890,-33.832,38,53,41.48,112,270,39.35,85,216,46.97,93,198,51,"2' 4""",383,888.000,51,9.67,493,51,53,40.88,390,954,One-Putt Percentage - Round 2,38.10,96,252
Sebasti치n Mu침oz,52,"16' 8""",83.250,5,27,2,52,7.65,398,52,52,.56,29,52,56,34.43,231,671,52,"77' 10""","42,946",46,440,0302002039,56,.308,15.402,50,56,43.46,133,306,44.44,80,180,40.00,72,180,52,"2' 6""",470,"1,169.917",52,9.44,491,52,56,42.56,429,"1,008",One-Putt Percentage - Round 2,42.36,122,288
Kevin Chappell,31,"16' 7""",33.083,2,21,12,31,7.32,227,31,31,.68,21,31,33,30.71,117,381,31,"71' 10""","18,965",22,409,0102001693,33,-.018,-.433,24,33,40.40,80,198,42.59,46,108,40.00,36,90,31,"2' 6""",231,575.083,31,9.65,299,31,33,40.74,242,594,One-Putt Percentage - Round 2,39.44,71,180
Dylan Frittelli,52,"16' 4""",16.333,1,16,16,52,7.42,386,52,52,.65,34,52,56,31.34,204,651,52,"74' 5""","33,930",38,420,3952001488,56,-.007,-.297,42,56,39.24,113,288,40.40,80,198,41.92,83,198,52,"2' 5""",395,968.500,52,9.65,502,52,56,42.06,424,"1,008",One-Putt Percentage - Round 2,43.33,117,270
Tyler Duncan,49,"15' 11""",15.917,1,16,16,49,6.84,335,49,49,.39,19,49,53,29.76,189,635,49,"67' 9""","29,264",36,381,3951001315,53,-.037,-1.485,40,53,38.56,118,306,38.27,62,162,34.72,50,144,49,"2' 1""",391,812.250,49,10.55,517,49,53,38.68,369,954,One-Putt Percentage - Round 2,38.89,112,288
Scott Harrington,48,"15' 9""",31.417,2,24,8,48,6.85,329,48,48,.65,31,48,48,29.70,169,569,48,"76' 1""","31,034",34,427,2402002080,48,-.012,-.412,34,48,36.30,98,270,36.67,66,180,40.28,58,144,48,"2' 3""",374,853.000,48,10.31,495,48,48,38.08,329,864,One-Putt Percentage - Round 2,39.63,107,270
Cameron Champ,42,"15' 7""",77.833,5,40,5,42,7.00,294,42,42,.64,27,42,42,34.86,183,525,42,"72' 0""","28,509",33,404,1401001260,42,-.020,-.646,33,42,40.28,87,216,40.74,66,162,36.42,59,162,42,"2' 4""",363,841.417,42,10.19,428,42,42,38.89,294,756,One-Putt Percentage - Round 2,37.96,82,216
James Hahn,30,"15' 6""",31.000,2,21,10,30,6.33,190,30,30,.37,11,30,30,29.14,109,374,30,"74' 8""","18,823",21,422,1802001612,30,.219,4.608,21,30,35.80,58,162,31.75,40,126,42.22,38,90,30,"2' 2""",239,520.417,30,11.10,333,30,30,35.19,190,540,One-Putt Percentage - Round 2,33.33,54,162
Michael Gligic,36,"15' 5""",30.833,2,21,10,36,6.97,251,36,36,.56,20,36,38,29.41,130,442,36,"67' 10""","17,915",22,380,0501001481,38,-.018,-.425,24,38,41.67,105,252,36.67,33,90,41.11,37,90,36,"2' 4""",234,538.917,36,10.31,371,36,38,39.18,268,684,One-Putt Percentage - Round 2,35.90,84,234
Aaron Baddeley,33,"15' 1""",15.083,1,15,15,33,7.45,246,33,33,.39,13,33,35,32.52,133,409,33,"67' 4""","18,592",23,378,0401001292,35,.020,.501,25,35,41.41,82,198,44.44,56,126,40.74,44,108,33,"2' 3""",242,548.250,33,9.88,326,33,35,41.59,262,630,One-Putt Percentage - Round 2,39.44,71,180
Fabi치n G칩mez,43,"15' 0""",29.917,2,22,8,43,6.79,292,43,43,.42,18,43,43,28.46,146,513,43,"72' 6""","23,499",27,411,1102001661,43,.016,.433,27,43,38.89,91,234,36.42,59,162,36.11,52,144,43,"2' 1""",288,610.417,43,10.40,447,43,43,37.73,292,774,One-Putt Percentage - Round 2,38.46,90,234
Alex Cejka,23,"14' 11""",14.917,1,15,15,23,6.70,154,23,23,.48,11,23,23,23.27,64,275,23,"62' 5""","8,990",12,353,1901001166,23,-.938,-11.261,12,23,38.10,48,126,38.89,35,90,36.67,33,90,23,"2' 3""",138,307.417,23,10.52,242,23,23,37.20,154,414,One-Putt Percentage - Round 2,35.19,38,108
Harris English,44,"14' 10""",29.667,2,27,3,44,6.95,306,44,44,.32,14,44,48,29.71,186,626,44,"74' 8""","32,266",36,418,0104001652,48,.477,19.095,40,48,42.31,99,234,40.00,72,180,34.44,62,180,44,"2' 2""",401,869.167,44,10.57,465,44,48,39.12,338,864,One-Putt Percentage - Round 2,37.96,82,216
Adam Long,56,"14' 4""",28.667,2,23,6,56,7.13,399,56,56,.52,29,56,58,30.99,220,710,56,"75' 4""","35,274",39,425,2404001732,58,.136,5.567,41,58,43.79,134,306,32.05,75,234,39.39,78,198,56,"2' 6""",430,"1,057.417",56,10.11,566,56,58,40.13,419,"1,044",One-Putt Percentage - Round 2,40.97,118,288
Harold Varner III,50,"14' 4""",57.417,4,28,4,50,6.78,339,50,50,.48,24,50,52,30.21,197,652,50,"65' 7""","25,973",33,369,3951001500,52,-.111,-3.888,35,52,37.41,101,270,38.43,83,216,33.33,60,180,50,"2' 0""",355,724.417,50,10.52,526,50,52,38.03,356,936,One-Putt Percentage - Round 2,40.48,102,252
George McNeill,22,"14' 1""",14.083,1,14,14,22,6.05,133,22,22,.64,14,22,22,24.19,67,277,22,"70' 0""","10,920",13,391,0201001166,22,.046,.596,13,22,34.03,49,144,31.94,23,72,29.63,16,54,22,"2' 5""",153,373.333,22,11.14,245,22,22,33.59,133,396,One-Putt Percentage - Round 2,35.71,45,126
Doug Ghim,32,"14' 0""",27.917,2,23,5,32,6.66,213,32,32,.75,24,32,32,28.01,107,382,32,"73' 10""","17,727",20,414,1501001453,32,-.247,-4.947,20,32,40.74,88,216,37.78,34,90,37.04,20,54,32,"2' 5""",231,553.667,32,10.41,333,32,32,36.98,213,576,One-Putt Percentage - Round 2,32.87,71,216
Adam Hadwin,35,"13' 11""",27.833,2,18,10,35,7.06,247,35,35,.31,11,35,39,31.39,156,497,35,"78' 0""","22,462",24,436,3954001343,39,.516,14.455,28,39,39.44,71,180,42.59,69,162,47.92,69,144,35,"2' 2""",262,563.417,35,10.43,365,35,39,39.46,277,702,One-Putt Percentage - Round 2,27.16,44,162
Charles Howell III,47,"13' 10""",41.417,3,23,9,47,6.77,318,47,47,.55,26,47,49,29.42,183,622,47,"71' 2""","23,907",28,398,0302001701,49,.019,.565,30,49,34.92,88,252,37.37,74,198,41.11,74,180,47,"2' 0""",310,623.167,47,10.53,495,47,49,37.64,332,882,One-Putt Percentage - Round 2,36.75,86,234
Sungjae Im,58,"13' 10""",13.833,1,14,14,58,7.60,441,58,58,.41,24,58,60,33.88,250,738,58,"75' 3""","38,817",43,426,0103001852,60,.362,16.312,45,60,42.01,121,288,42.06,106,252,45.63,115,252,58,"2' 2""",438,952.000,58,9.66,560,58,60,41.85,452,"1,080",One-Putt Percentage - Round 2,38.52,104,270
Nate Lashley,36,"13' 9""",41.333,3,27,6,36,6.94,250,36,36,.44,16,36,38,29.73,132,444,36,"74' 6""","25,940",29,419,1503001852,38,.294,9.119,31,38,39.29,99,252,34.26,37,108,41.67,45,108,36,"2' 4""",308,720.583,36,10.36,373,36,38,39.47,270,684,One-Putt Percentage - Round 2,39.90,79,198
Max Homa,44,"13' 7""",27.083,2,18,9,44,7.11,313,44,44,.43,19,44,48,32.17,185,575,44,"72' 2""","26,833",31,405,2401001254,48,.257,8.999,35,48,41.45,97,234,44.44,80,180,38.33,69,180,44,"2' 3""",333,760.667,44,10.27,452,44,48,39.93,345,864,One-Putt Percentage - Round 2,35.65,77,216
Nick Watney,35,"13' 6""",26.917,2,22,5,35,6.74,236,35,35,.66,23,35,36,31.13,141,453,35,"74' 5""","24,100",27,420,1101001670,36,.061,1.709,28,36,38.89,91,234,29.63,32,108,40.00,36,90,35,"2' 3""",298,669.333,35,10.29,360,35,36,37.96,246,648,One-Putt Percentage - Round 2,40.28,87,216
Scottie Scheffler,52,"13' 6""",80.833,6,31,1,52,7.42,386,52,52,.65,34,52,52,34.93,226,647,52,"78' 7""","37,702",40,443,0102001708,52,-.092,-3.700,40,52,44.44,112,252,37.96,82,216,37.50,81,216,52,"2' 3""",419,954.333,52,9.63,501,52,52,41.24,386,936,One-Putt Percentage - Round 2,44.05,111,252
Josh Teater,29,"13' 0""",13.000,1,13,13,29,6.79,197,29,29,.69,20,29,29,31.42,115,366,29,"72' 7""","13,059",15,409,1702001393,29,-1.051,-15.762,15,29,36.87,73,198,40.28,29,72,38.89,21,54,29,"2' 6""",167,415.917,29,10.24,297,29,29,37.74,197,522,One-Putt Percentage - Round 2,37.37,74,198
Henrik Norlander,48,"13' 0""",26.000,2,22,4,48,6.60,317,48,48,.44,21,48,48,29.97,178,594,48,"65' 11""","23,737",30,369,1101001328,48,-.224,-6.709,30,48,35.76,103,288,34.03,49,144,40.28,58,144,48,"1' 11""",346,673.417,48,10.79,518,48,48,36.69,317,864,One-Putt Percentage - Round 2,37.15,107,288
Ian Poulter,22,"12' 8""",25.333,2,20,6,22,7.82,172,22,22,.32,7,22,26,32.06,92,287,22,"78' 3""","11,269",12,439,2403001367,26,.632,10.119,16,26,46.83,59,126,50.00,45,90,44.44,40,90,22,"2' 2""",123,267.917,22,9.73,214,22,26,45.09,211,468,One-Putt Percentage - Round 2,35.19,38,108
Tony Finau,36,"12' 8""",38.000,3,20,7,36,7.22,260,36,36,.47,17,36,40,32.80,165,503,36,"68' 8""","18,955",23,386,1604001064,40,-.040,-1.068,27,40,33.84,67,198,46.53,67,144,43.75,63,144,36,"1' 11""",244,458.250,36,10.11,364,36,40,40.56,292,720,One-Putt Percentage - Round 2,39.44,71,180
Kevin Streelman,43,"12' 6""",12.500,1,13,13,43,6.77,291,43,43,.56,24,43,45,30.74,170,553,43,"65' 3""","21,129",27,366,0101001465,45,-.080,-2.309,29,45,33.33,96,288,38.89,49,126,38.89,42,108,43,"2' 3""",298,661.917,43,10.47,450,43,45,37.65,305,810,One-Putt Percentage - Round 2,40.37,109,270
Vincent Whaley,30,"12' 6""",24.917,2,14,11,30,7.30,219,30,30,.50,15,30,30,32.77,117,357,30,"76' 7""","18,374",20,427,0201001585,30,.111,2.229,20,30,42.22,76,180,41.11,37,90,46.67,42,90,30,"2' 3""",211,481.250,30,10.07,302,30,30,40.56,219,540,One-Putt Percentage - Round 2,35.56,64,180
Rafa Cabrera Bello,29,"12' 4""",12.333,1,12,12,29,7.76,225,29,29,.48,14,29,31,31.16,110,353,29,"73' 6""","13,225",15,410,2001001397,31,.391,6.644,17,31,41.36,67,162,46.03,58,126,46.30,50,108,29,"2' 1""",146,299.083,29,9.69,281,29,31,43.37,242,558,One-Putt Percentage - Round 2,39.58,57,144
Nick Taylor,41,"12' 1""",36.167,3,20,5,41,7.02,288,41,41,.32,13,41,41,30.39,155,510,41,"73' 4""","28,173",32,413,0202001461,41,.236,7.547,32,41,37.50,81,216,40.12,65,162,34.03,49,144,41,"2' 4""",346,794.750,41,10.44,428,41,41,39.02,288,738,One-Putt Percentage - Round 2,43.06,93,216
Sepp Straka,40,"12' 0""",12.000,1,12,12,40,6.58,263,40,40,.55,22,40,44,27.87,148,531,40,"71' 10""","27,586",32,404,0501001771,44,.032,1.159,36,44,38.56,118,306,31.94,23,72,37.50,27,72,40,"2' 4""",359,826.000,40,10.65,426,40,44,37.37,296,792,One-Putt Percentage - Round 2,35.42,102,288
Sam Burns,34,"11' 10""",59.167,5,22,4,34,7.06,240,34,34,.44,15,34,36,31.44,127,404,34,"74' 0""","27,515",31,416,0202001667,36,.480,15.827,33,36,36.57,79,216,35.19,38,108,42.59,46,108,34,"2' 2""",338,719.750,34,10.29,350,34,36,39.51,256,648,One-Putt Percentage - Round 2,44.44,88,198
Austin Cook,38,"11' 8""",11.667,1,12,12,38,6.63,252,38,38,.61,23,38,40,27.54,133,483,38,"70' 6""","21,996",26,398,0401001960,40,-.083,-2.320,28,40,38.49,97,252,34.13,43,126,34.44,31,90,38,"2' 5""",290,690.417,38,10.55,401,38,40,37.08,267,720,One-Putt Percentage - Round 2,38.03,89,234
Patrick Reed,34,"11' 7""",11.583,1,12,12,34,8.41,286,34,34,.41,14,34,36,38.01,157,413,34,"83' 7""","25,085",25,472,2202001808,36,1.077,29.082,27,36,48.33,87,180,50.00,72,144,43.75,63,144,34,"2' 2""",226,494.167,34,8.91,303,34,36,46.45,301,648,One-Putt Percentage - Round 2,45.06,73,162
Stewart Cink,31,"11' 6""",11.500,1,12,12,31,6.87,213,31,31,.42,13,31,35,30.56,132,432,31,"73' 10""","22,152",25,415,0504001211,35,.187,5.414,29,35,35.80,58,162,40.97,59,144,35.71,45,126,31,"2' 3""",275,613.667,31,10.52,326,31,35,38.25,241,630,One-Putt Percentage - Round 2,40.28,58,144
Collin Morikawa,48,"11' 5""",45.750,4,20,6,48,6.90,331,48,48,.67,32,48,52,32.37,212,655,48,"70' 2""","32,843",39,397,1704001569,52,-.263,-11.302,43,52,39.32,92,234,37.04,80,216,37.50,81,216,48,"2' 4""",413,953.417,48,10.13,486,48,52,38.89,364,936,One-Putt Percentage - Round 2,40.28,87,216
Jason Kokrak,37,"11' 4""",11.333,1,11,11,37,6.57,243,37,37,.65,24,37,39,28.69,138,481,37,"71' 0""","22,157",26,399,3954001431,39,-.206,-5.779,28,39,35.19,76,216,43.06,62,144,35.71,45,126,37,"2' 2""",287,633.583,37,10.59,392,37,39,36.18,254,702,One-Putt Percentage - Round 2,33.33,66,198
Peter Malnati,39,"11' 4""",22.583,2,20,3,39,8.36,326,39,39,.51,20,39,43,33.40,157,470,39,"82' 0""","28,538",29,462,0301001723,43,.692,22.842,33,43,45.56,123,270,51.85,56,108,51.11,46,90,39,"2' 6""",274,690.000,39,8.87,346,39,43,45.87,355,774,One-Putt Percentage - Round 2,43.25,109,252
David Lingmerth,19,"11' 2""",11.167,1,11,11,19,6.58,125,19,19,.58,11,19,19,26.89,64,238,19,"74' 6""","8,943",10,416,1102001141,19,-.007,-.071,10,19,42.06,53,126,33.33,18,54,27.78,10,36,19,"2' 5""",110,264.667,19,10.68,203,19,19,36.55,125,342,One-Putt Percentage - Round 2,34.92,44,126
Brendan Steele,40,"11' 1""",22.167,2,14,8,40,6.93,277,40,40,.63,25,40,40,30.94,155,501,40,"72' 2""","27,702",32,405,1502001506,40,-.022,-.697,32,40,37.18,87,234,42.06,53,126,38.89,49,126,40,"2' 1""",343,722.917,40,10.28,411,40,40,38.47,277,720,One-Putt Percentage - Round 2,37.61,88,234
Pat Perez,39,"10' 8""",32.000,3,13,7,39,6.79,265,39,39,.64,25,39,41,29.25,148,506,39,"76' 5""","22,010",24,429,0401001935,41,.186,4.847,26,41,40.28,87,216,35.80,58,162,36.11,52,144,39,"2' 3""",270,601.083,39,10.44,407,39,41,38.08,281,738,One-Putt Percentage - Round 2,38.38,76,198
Daniel Berger,38,"10' 8""",21.250,2,12,10,38,7.68,292,38,38,.53,20,38,42,35.44,185,522,38,"75' 7""","27,219",30,426,3951001717,42,.696,23.678,34,42,43.94,87,198,40.74,66,162,44.44,72,162,38,"2' 4""",299,689.000,38,9.53,362,38,42,43.65,330,756,One-Putt Percentage - Round 2,42.78,77,180
Mark Anderson,37,"10' 6""",31.417,3,22,"10""",37,7.14,264,37,37,.62,23,37,37,25.28,111,439,37,"70' 7""","22,860",27,395,1104001367,37,.046,1.235,27,37,34.34,68,198,47.22,68,144,38.89,49,126,37,"2' 3""",292,652.667,37,10.08,373,37,37,39.64,264,666,One-Putt Percentage - Round 2,39.90,79,198
Sebastian Cappelen,43,"10' 5""",20.833,2,12,8,43,7.28,313,43,43,.60,26,43,43,31.52,156,495,43,"73' 11""","22,185",25,419,1701001678,43,.257,6.413,25,43,44.02,103,234,37.65,61,162,36.11,52,144,43,"2' 6""",261,660.500,43,9.86,424,43,43,40.44,313,774,One-Putt Percentage - Round 2,41.45,97,234
Jon Rahm,22,"10' 5""",10.417,1,10,10,22,7.00,154,22,22,.27,6,22,26,32.43,108,333,22,"67' 1""","16,904",21,381,2203001332,26,.626,15.658,25,26,35.71,45,126,37.78,34,90,40.00,36,90,22,"2' 3""",223,506.667,22,10.36,228,22,26,39.53,185,468,One-Putt Percentage - Round 2,39.81,43,108
Billy Horschel,45,"10' 3""",30.667,3,20,5,45,7.04,317,45,45,.49,22,45,47,30.03,173,576,45,"75' 3""","22,573",25,426,1801002349,47,.307,8.295,27,47,43.16,101,234,36.36,72,198,43.33,78,180,45,"2' 1""",261,547.083,45,10.22,460,45,47,39.60,335,846,One-Putt Percentage - Round 2,35.65,77,216
Jamie Lovemark,20,"10' 3""",20.417,2,12,9,20,7.15,143,20,20,.70,14,20,20,26.87,61,227,20,"76' 8""","17,485",19,432,0201001358,20,.236,4.491,19,20,40.48,51,126,37.04,20,54,37.04,20,54,20,"2' 3""",202,461.417,20,9.85,197,20,20,39.72,143,360,One-Putt Percentage - Round 2,41.27,52,126
Adam Schenk,50,"10' 3""",10.250,1,10,10,50,7.14,357,50,50,.66,33,50,52,28.57,180,630,50,"69' 4""","25,803",31,391,0202001527,52,.184,6.068,33,52,42.16,129,306,41.98,68,162,38.89,63,162,50,"2' 5""",324,770.000,50,9.94,497,50,52,40.06,375,936,One-Putt Percentage - Round 2,36.46,105,288
Charley Hoffman,41,"10' 2""",20.250,2,12,9,41,7.07,290,41,41,.51,21,41,43,34.23,178,520,41,"70' 7""","25,395",30,396,0202001541,43,-.089,-2.861,32,43,42.06,106,252,39.58,57,144,38.10,48,126,41,"2' 5""",325,798.500,41,10.17,417,41,43,39.79,308,774,One-Putt Percentage - Round 2,37.61,88,234
Tim Wilkinson,32,"10' 1""",20.167,2,12,9,32,7.06,226,32,32,.31,10,32,32,29.09,112,385,32,"69' 2""","14,937",18,389,1104001361,32,-.015,-.278,18,32,40.00,72,180,33.33,36,108,37.96,41,108,32,"2' 2""",202,429.500,32,10.41,333,32,32,39.24,226,576,One-Putt Percentage - Round 2,42.78,77,180
Beau Hossler,53,"10' 0""",19.917,2,12,8,53,7.26,385,53,53,.21,11,53,53,29.84,185,620,53,"78' 11""","33,142",35,443,1704001866,53,.646,22.611,35,53,38.52,104,270,37.96,82,216,43.43,86,198,53,"2' 3""",377,854.583,53,10.34,548,53,53,40.36,385,954,One-Putt Percentage - Round 2,41.85,113,270
Phil Mickelson,29,"9' 11""",19.750,2,13,7,29,7.38,214,29,29,.24,7,29,29,33.13,111,335,29,"68' 0""","13,049",16,386,0302001320,29,.082,1.319,16,29,41.67,75,180,37.78,34,90,36.11,26,72,29,"2' 0""",160,315.333,29,10.07,292,29,29,41.00,214,522,One-Putt Percentage - Round 2,43.89,79,180
Martin Laird,39,"9' 10""",19.667,2,15,4,39,6.36,248,39,39,.77,30,39,39,27.90,137,491,39,"72' 1""","25,095",29,407,1703001801,39,-.497,-14.427,29,39,36.57,79,216,33.33,48,144,38.89,49,126,39,"2' 4""",325,759.833,39,10.54,411,39,39,35.33,248,702,One-Putt Percentage - Round 2,33.33,72,216
Corey Conners,44,"9' 10""",9.833,1,10,10,44,5.98,263,44,44,.64,28,44,48,29.61,191,645,44,"67' 6""","25,919",32,378,1503001352,48,-.527,-18.969,36,48,35.71,90,252,29.63,48,162,35.80,58,162,44,"2' 3""",387,876.750,44,11.20,493,44,48,33.91,293,864,One-Putt Percentage - Round 2,31.20,73,234
Lanto Griffin,60,"9' 9""",58.667,6,22,5,60,7.60,456,60,60,.57,34,60,62,32.46,236,727,60,"75' 3""","43,320",48,425,0201001706,62,.363,18.146,50,62,42.90,139,324,42.74,100,234,39.32,92,234,60,"2' 5""",488,"1,188.833",60,9.57,574,60,62,42.11,470,"1,116",One-Putt Percentage - Round 2,42.81,131,306
Sam Ryder,52,"9' 2""",18.333,2,11,8,52,7.15,372,52,52,.56,29,52,56,30.69,205,668,52,"71' 11""","32,776",38,404,1802001705,56,-.024,-.993,42,56,39.51,128,324,39.51,64,162,37.04,60,162,52,"2' 6""",402,"1,003.833",52,10.06,523,52,56,39.88,402,"1,008",One-Putt Percentage - Round 2,41.50,127,306
Rafael Campos,29,"8' 11""",8.917,1,9,9,29,7.83,227,29,29,.76,22,29,29,34.16,110,322,29,"63' 2""","13,646",18,356,0102001247,29,-.938,-16.885,18,29,41.98,68,162,34.26,37,108,45.56,41,90,29,"2' 2""",184,395.000,29,9.24,268,29,29,43.49,227,522,One-Putt Percentage - Round 2,50.00,81,162
Kurt Kitayama,18,"8' 8""",8.667,1,9,9,18,6.89,124,18,18,.33,6,18,18,30.10,62,206,18,"65' 0""","9,357",12,366,2301001172,18,-.739,-8.867,12,18,43.33,39,90,34.72,25,72,34.72,25,72,18,"2' 2""",130,277.500,18,10.50,189,18,18,38.27,124,324,One-Putt Percentage - Round 2,38.89,35,90
J.B. Holmes,24,"8' 5""",16.750,2,10,7,24,7.54,181,24,24,.46,11,24,24,34.62,90,260,24,"78' 11""","18,002",19,451,1801001651,24,.638,12.118,19,24,41.27,52,126,37.78,34,90,42.22,38,90,24,"2' 2""",187,412.500,24,9.50,228,24,24,41.90,181,432,One-Putt Percentage - Round 2,45.24,57,126
Zack Sucher,30,"8' 3""",8.250,1,8,8,30,6.73,202,30,30,.73,22,30,30,31.62,117,370,30,"70' 1""","15,132",18,395,0101002017,30,-.365,-6.562,18,30,37.78,68,180,37.04,40,108,34.72,25,72,30,"2' 1""",205,425.833,30,10.33,310,30,30,37.41,202,540,One-Putt Percentage - Round 2,38.33,69,180
Hideki Matsuyama,42,"7' 10""",15.667,2,8,8,42,6.98,293,42,42,.62,26,42,44,32.80,184,561,42,"68' 4""","23,773",29,388,2204001559,44,-.668,-20.717,31,44,36.11,78,216,48.33,87,180,40.00,72,180,42,"2' 4""",317,737.333,42,10.10,424,42,44,38.76,307,792,One-Putt Percentage - Round 2,31.31,62,198
Ben Martin,28,"7' 6""",7.500,1,8,8,28,7.25,203,28,28,.39,11,28,28,30.12,100,332,28,"65' 11""","11,073",14,372,1602001187,28,.086,1.209,14,28,35.19,57,162,42.22,38,90,44.44,40,90,28,"2' 1""",147,300.417,28,10.11,283,28,28,40.28,203,504,One-Putt Percentage - Round 2,41.98,68,162
Jhonattan Vegas,36,"7' 5""",7.417,1,7,7,36,6.31,227,36,36,.58,21,36,40,30.61,150,490,36,"62' 2""","17,156",23,350,2002001059,40,-.334,-9.028,27,40,31.48,68,216,31.75,40,126,36.51,46,126,36,"2' 1""",263,556.583,36,10.86,391,36,40,36.39,262,720,One-Putt Percentage - Round 2,40.91,81,198
Peter Uihlein,33,"7' 4""",7.333,1,7,7,33,6.79,224,33,33,.45,15,33,33,31.36,127,405,33,"72' 1""","19,884",23,411,0202001781,33,.240,5.519,23,33,39.44,71,180,33.33,42,126,46.30,50,108,33,"2' 1""",256,522.917,33,10.39,343,33,33,37.71,224,594,One-Putt Percentage - Round 2,33.89,61,180
Xander Schauffele,34,"7' 4""",7.333,1,7,7,34,7.35,250,34,34,.65,22,34,38,33.20,166,500,34,"73' 0""","21,894",25,406,2203001632,38,.124,3.589,29,38,43.33,78,180,38.19,55,144,43.06,62,144,34,"2' 5""",274,657.500,34,9.91,337,34,38,41.37,283,684,One-Putt Percentage - Round 2,38.27,62,162
Brandon Hagy,36,"6' 10""",20.417,3,8,5,36,6.72,242,36,36,.75,27,36,36,30.57,133,435,36,"75' 7""","23,585",26,427,1802001532,36,.057,1.484,26,36,33.76,79,234,40.74,44,108,33.33,30,90,36,"2' 6""",291,733.167,36,10.17,366,36,36,37.35,242,648,One-Putt Percentage - Round 2,41.20,89,216
Chris Kirk,19,"6' 9""",6.750,1,7,7,19,6.58,125,19,19,.79,15,19,19,23.71,55,232,19,"65' 5""","9,420",12,363,2302001206,19,-.829,-9.954,12,19,38.89,49,126,35.19,19,54,25.00,9,36,19,"2' 5""",137,334.417,19,10.58,201,19,19,36.55,125,342,One-Putt Percentage - Round 2,38.10,48,126
Keith Mitchell,42,"6' 7""",13.167,2,11,2,42,7.24,304,42,42,.69,29,42,44,31.30,159,508,42,"77' 8""","26,096",28,436,1904001326,44,.286,8.566,30,44,36.11,91,252,46.53,67,144,40.97,59,144,42,"2' 6""",296,746.250,42,9.83,413,42,44,40.53,321,792,One-Putt Percentage - Round 2,39.74,93,234
Vince Covello,21,"6' 6""",6.500,1,7,7,21,6.43,135,21,21,.67,14,21,21,27.60,69,250,21,"72' 10""","13,114",15,412,1702001325,21,-.289,-4.335,15,21,34.57,56,162,47.22,17,36,33.33,6,18,21,"2' 3""",169,386.667,21,10.57,222,21,21,35.71,135,378,One-Putt Percentage - Round 2,34.57,56,162
Robby Shelton,51,"5' 7""",5.583,1,6,6,51,6.71,342,51,51,.53,27,51,51,29.69,182,613,51,"73' 9""","32,752",37,415,1703001634,51,.065,2.419,37,51,35.76,103,288,35.56,64,180,45.06,73,162,51,"2' 3""",404,921.667,51,10.53,537,51,51,37.25,342,918,One-Putt Percentage - Round 2,35.42,102,288
Chez Reavie,47,"5' 4""",5.333,1,5,5,47,6.51,306,47,47,.51,24,47,51,26.50,163,615,47,"62' 1""","20,111",27,353,1403001264,51,-.412,-12.774,31,51,39.63,107,270,43.89,79,180,32.72,53,162,47,"2' 1""",300,625.583,47,10.60,498,47,51,36.71,337,918,One-Putt Percentage - Round 2,30.16,76,252
C.T. Pan,30,"5' 4""",5.333,1,5,5,30,6.23,187,30,30,.80,24,30,34,24.15,99,410,30,"64' 9""","13,209",17,363,1802001670,34,-1.020,-21.429,21,34,39.81,86,216,29.17,21,72,36.11,26,72,30,"2' 3""",199,442.333,30,10.73,322,30,34,35.62,218,612,One-Putt Percentage - Round 2,31.31,62,198
Grayson Murray,29,"5' 2""",10.250,2,6,5,29,6.97,202,29,29,.62,18,29,29,32.42,107,330,29,"68' 0""","19,595",24,386,0101001283,29,-.732,-17.569,24,29,40.00,72,180,32.22,29,90,41.11,37,90,29,"2' 1""",255,521.667,29,10.10,293,29,29,38.70,202,522,One-Putt Percentage - Round 2,39.51,64,162
Rory Sabbatini,46,"5' 0""",15.083,3,10,2,46,7.02,323,46,46,.63,29,46,50,29.61,180,608,46,"66' 9""","24,042",30,375,1701001256,50,.014,.469,34,50,40.87,103,252,37.78,68,180,36.67,66,180,46,"2' 4""",317,745.583,46,10.15,467,46,50,39.67,357,900,One-Putt Percentage - Round 2,39.74,93,234
Cameron Tringale,46,"4' 11""",4.917,1,5,5,46,7.15,329,46,46,.48,22,46,46,29.28,166,567,46,"68' 10""","29,739",36,387,2301001438,46,.033,1.176,36,46,45.37,98,216,37.37,74,198,40.91,81,198,46,"2' 5""",376,912.417,46,10.11,465,46,46,39.73,329,828,One-Putt Percentage - Round 2,35.19,76,216
Dominic Bozzelli,32,"3' 10""",3.833,1,4,4,32,7.91,253,32,32,.50,16,32,32,37.60,135,359,32,"80' 5""","19,295",20,450,0202001758,32,.427,8.549,20,32,45.00,81,180,44.44,56,126,40.00,36,90,32,"2' 1""",204,433.083,32,9.34,299,32,32,43.92,253,576,One-Putt Percentage - Round 2,44.44,80,180
Kyle Stanley,37,"2' 10""",2.833,1,3,3,37,6.43,238,37,37,.62,23,37,39,28.63,142,496,37,"64' 9""","20,975",27,363,0504001696,39,-.302,-8.767,29,39,37.70,95,252,31.48,34,108,35.56,32,90,37,"2' 3""",308,692.667,37,10.73,397,37,39,36.32,255,702,One-Putt Percentage - Round 2,36.75,86,234
Brian Stuard,57,"2' 8""",2.667,1,3,3,57,7.47,426,57,57,.37,21,57,61,30.40,214,704,57,"71' 0""","34,089",40,400,2402001447,61,.223,9.797,44,61,40.20,123,306,40.60,95,234,45.37,98,216,57,"2' 2""",405,869.667,57,9.91,565,57,61,41.99,461,"1,098",One-Putt Percentage - Round 2,40.63,117,288
Patrick Rodgers,65,"1' 10""",1.833,1,2,2,65,7.11,462,65,65,.29,19,65,67,31.67,254,802,65,"76' 7""","45,048",49,430,1804001647,67,.780,39.776,51,67,41.81,143,342,34.81,94,270,40.87,103,252,65,"2' 3""",533,"1,214.750",65,10.40,676,65,67,39.80,480,"1,206",One-Putt Percentage - Round 2,40.12,130,324
Francesco Molinari,19,"1' 9""",1.750,1,2,2,19,7.53,143,19,19,.63,12,19,19,30.09,65,216,19,"66' 6""","9,581",12,373,2204001183,19,-.448,-5.380,12,19,47.22,51,108,34.72,25,72,42.59,23,54,19,"2' 3""",128,293.250,19,9.63,183,19,19,41.81,143,342,One-Putt Percentage - Round 2,40.74,44,108
Lucas Glover,43,"1' 7""",3.167,2,2,1,43,6.65,286,43,43,.72,31,43,47,31.72,183,577,43,"73' 4""","22,873",26,412,3951001575,47,-.165,-4.937,30,47,37.70,95,252,38.27,62,162,34.03,49,144,43,"2' 3""",288,643.250,43,10.35,445,43,47,38.53,326,846,One-Putt Percentage - Round 2,37.61,88,234
Kramer Hickok,39,"1' 7""",1.583,1,2,2,39,7.13,278,39,39,.62,24,39,39,25.89,116,448,39,"65' 2""","20,336",26,370,0501001225,39,-.391,-10.160,26,39,42.86,108,252,37.96,41,108,33.33,30,90,39,"2' 5""",283,694.833,39,10.00,390,39,39,39.60,278,702,One-Putt Percentage - Round 2,39.29,99,252
Brandt Snedeker,29,"1' 6""",1.500,1,2,2,29,7.17,208,29,29,.28,8,29,31,31.17,115,369,29,"77' 8""","24,227",26,444,1504001967,31,.500,14.014,28,31,38.89,63,162,39.68,50,126,37.96,41,108,29,"2' 2""",267,584.000,29,10.07,292,29,31,40.50,226,558,One-Putt Percentage - Round 2,42.36,61,144
