Name,AvgPointsPerGame,Driving Accuracy Percentage-%,Rough Tendency-%,Hit Fairway Percentage-%,Scrambling-%,Scrambling from the Fringe-%,Sand Save Percentage-%,Scrambling from the Rough-%,Birdie Average-AVG,Bogey Average-AVERAGE BOGEYS PER ROUND,Birdie to Bogey Ratio-BIRDIE TO BOGEY RATIO,SG: Total-AVERAGE,SG: Putting-AVERAGE,SG: Around-the-Green-AVERAGE,SG: Approach the Green-AVERAGE,SG: Off-the-Tee-AVERAGE,SG: Tee-to-Green-AVERAGE,1-Putts per Round-AVG,One-Putt Percentage - Round 1-%,One-Putt Percentage - Round 3-%,One-Putt Percentage-%,One-Putt Percentage - Round 2-%,3-Putts per Round-AVG,Greens in Regulation Percentage-%,Greens or Fringe in Regulation-%,Birdie or Better Conversion Percentage-%,Birdie or Better Percentage - Fairway-%,Birdie or Better Percentage - Rough-%,Birdie or Better Percentage - Right Rough-%,Birdie or Better Percentage - Left Rough-%,GIR Percentage from Other than Fairway-%,Fairway Approach (RTP Score)-AVG RTP,Going for the Green - Birdie or Better-%,Going for the Green - Hit Green Pct-%,GIR Pct - Fairway Bunker-%,Approaches Left Rough (RTP Score)-AVG RTP,GIR Percentage from Fairway-%,Approaches Right Rough (RTP Score)-AVG RTP,Par 5 Going for the Green-%,Front 9 Par 4 Scoring Average-AVG,Back 9 Par 4 Scoring Average-AVG,Scoring Average Before Cut-AVG,Final Round Scoring Average-AVG,Round 3 Scoring Average-AVG,Round 2 Scoring Average-AVG,Round 1 Scoring Average-AVG,Front 9 Round 1 Scoring Average-AVG,Back 9 Round 1 Scoring Average-AVG,Front 9 Par 3 Scoring Average-AVG,Back 9 Par 3 Scoring Average-AVG,Par 5 Performance-PAR 5 AVG,Par 4 Performance-PAR 4 AVG,Par 4 Scoring Average-AVG,Par Breakers-%,Bounce Back-%,Birdie or Better Percentage-%,Back 9 Scoring Average-AVG,Back 9 Par 5 Scoring Average-AVG,Par 4 Birdie or Better Leaders-%,Back 9 Round 3 Scoring Average-AVG,Par 5 Scoring Average-AVG,Par 3 Scoring Average-AVG,Par 5 Birdie or Better Leaders-%,Front 9 Round 4 Scoring Average-AVG,Par 3 Birdie or Better Leaders-%,Stroke Differential Field Average-STROKE DIFFERENTIAL,Eagles (Holes per)-# OF EAGLES,Scoring Average (Actual)-ROUNDS,Front 9 Par 5 Scoring Average-AVG,Par 3 Performance-PAR 3 AVG,Percentage of Yardage covered by Tee Shots-AVG (%),Right Tendency-%,Right Tendency-AVG RTP SCORE,Percentage of Yardage covered by Tee Shots - Par 4's-AVG (%),Left Tendency-%,Left Tendency-AVG RTP SCORE,Left Rough Tendency (RTP Score)-RTP SCORE,Right Rough Tendency (RTP Score)-RTP SCORE,Fairway Bunker Tendency-RELATIVE TO PAR,Right Rough Tendency-%,Left Rough Tendency-%,Proximity to Hole (ARG)-SCRAMBLING RANK,Proximity to Hole from Fringe-SCRAMBLING RANK,Scrambling Fringe (RTP Score)-AVG RTP,Scrambling from Other Locations-%,Scrambling from the Sand-%,Scrambling Rough (RTP Score)-AVG RTP
Roger Sloan,38.61,58.57,30.43,59.42,61.21,93.33,54.55,59.74,3.23,2.79,1.09,-1.163,-0.635,0.155,-0.497,-0.238,-0.423,7.06,36.9,48.61,39.37,38.46,0.64,64.44,67.68,27.23,17.89,12.5,17.65,8.7,52.88,-0.008,46.15,14.63,50,0.109,74.17,0.147,53.23,4.04,4.06,71.55,70.33,70,70.77,72.31,35.85,36.36,3.11,3.27,4.59,4.05,4.04,18.86,20.21,18.86,36.12,4.75,16.67,35.5,4.59,3.18,41.23,35,6.06,-0.66,5,35,4.42,3.2,63.25,43.6,1.67,67.29,56.4,1.13,0,0.125,0.25,14.49,15.94,72,80,-0.067,64.79,49.02,0.429
Patton Kizzire,42.46,52.56,32.66,53.27,55.65,100,48.33,49.44,3.54,2.81,1.07,-1.103,0.537,-0.066,-0.754,-0.807,-1.62,7.46,46.83,35.19,42.74,43.59,0.32,61.97,67.38,31.64,20.69,16.13,18.46,13.56,48.18,-0.052,60.38,17.24,57.1,0.169,76.75,0.077,53.66,4.09,4.11,70.86,73,70.83,72,70.08,35.38,34.64,3.06,3.07,4.65,4.1,4.09,19.97,17.95,19.97,35.78,4.66,15.69,36,4.65,3.06,43.97,35.8,14.19,-0.95,3,39,4.65,3.06,62.97,53.3,1.24,66.37,46.7,2.47,0.133,0,0.036,17.59,15.08,171,182,-0.053,56.57,50,0.584
Emiliano Grillo,47,66.49,27.36,63.19,51.58,70.59,40.43,47.27,3.71,2.77,1.28,-0.478,-1.127,-0.138,0.725,0.11,0.712,5.59,31.48,27.78,31.17,35.47,0.67,72.76,78.7,27.61,19.06,18.57,19.35,17.95,56.91,-0.04,64.58,33.33,75,0.205,81.72,0.097,59.09,4.05,4.02,70.48,70.5,69.83,70.85,70.14,35.5,34.67,3.09,2.99,4.6,4.04,4.04,21.23,25.89,21.23,35.03,4.55,15.87,34.67,4.6,3.04,47.73,35,14.38,0.18,5,41,4.65,3.04,62.6,41.3,2.22,65.88,58.7,1.72,0.18,0.147,0.125,11.07,16.29,221,216,0.294,57.63,36.67,0.527
Ryan Palmer,70.64,64.11,21.99,66.49,59.42,88.89,47.54,48.98,4.18,2.61,1.47,0.404,-0.197,-0.275,0.188,0.567,0.395,7.17,39.9,39.58,40.56,37.78,0.61,68.06,72.58,33.33,23.94,15.12,12.2,17.78,56.57,-0.079,60.94,22.37,56.7,0.089,75.68,0.122,66.67,4.04,3.99,69.23,70.13,71.13,69,70.1,34.7,35.27,3.05,3.09,4.52,4.02,4,23.3,30.61,23.3,35.14,4.53,19.04,36.38,4.52,3.05,54.1,35.5,13.89,0.71,3,40,4.5,3.07,64.24,53.7,1.97,67.63,46.3,0.88,0.045,0.2,0.233,10.47,11.52,79,108,0.056,61.43,51.43,0.551
Rob Oppenheim,54.3,62.48,31.59,62.09,62.62,90.91,52.56,64.41,3.33,2.55,1.21,-0.313,-0.529,0.565,-0.037,-0.312,0.216,6.84,40,33.33,37.98,37.04,0.55,64.51,69.87,26.73,18.31,17.78,14.86,21.31,51.36,-0.042,54.39,19.3,45.8,-0.082,75.47,0.162,52.88,4.03,4.08,70.47,70.22,72.6,71.33,69.67,34.67,35,3.07,3.03,4.64,4.06,4.06,19.39,14.06,19.39,35.67,4.68,14.91,36.6,4.64,3.05,43.83,34.78,11.17,0,8,49,4.59,3.05,60.73,54.9,3.05,64.47,45.1,-0.26,-0.029,0.187,0.375,16.34,15.25,61,55,-0.03,52.48,60.66,0.322
Matt Jones,58.88,59.21,28.49,59.43,60.07,86.67,58.24,58.33,3.69,2.7,1.26,0.091,-0.135,0.147,-0.201,0.317,0.234,6.94,38.89,38.38,38.58,41.45,0.68,66.67,70.63,30.23,20.55,17.48,20.78,13.64,54.45,-0.063,59.74,26.67,50,0.106,77.15,0.052,63.21,4.02,4.07,69.97,71,70.27,68.85,71.4,35.33,35.88,3.04,3.14,4.54,4.05,4.04,20.78,20,20.78,35.58,4.56,15.3,35.36,4.54,3.08,52.47,35.27,13.93,0.36,7,54,4.51,3.07,64.03,55,1.03,67.46,45,1.05,0.086,0.037,0.109,15.28,13.21,103,96,0.133,60.48,54.84,0.464
Matthew Wolff,56.38,57.31,31.5,59.5,56.69,77.27,41.79,54.24,3.52,2.68,1.18,-0.195,0.022,-0.494,-0.227,0.509,-0.16,6.75,36.11,38.27,37.83,36.36,0.4,64.68,70.97,30.53,20.17,14.04,20.75,8.2,52.08,-0.063,59.04,33.33,47.8,0.148,79.06,0.075,72.83,4.06,4.03,70.8,70.78,72.22,70.73,70.91,35.09,35.92,3.1,3.13,4.64,4.05,4.05,20,25.44,20,35.65,4.63,15.89,36.44,4.64,3.11,47.1,35.22,8.13,-0.17,3,42,4.65,3.13,65.84,46.2,0.42,69.31,53.8,2.86,0.106,-0.05,0.304,15,16.5,171,168,0.227,60.47,46.34,0.508
Joaquin Niemann,64.54,56.52,32.27,58.12,58.67,85.71,53.03,56.6,3.98,2.43,1.48,1.019,0.052,-0.103,0.66,0.365,0.731,6.64,34.92,35.42,37.32,38.89,0.64,71.01,77.46,31.01,24.43,14.88,14.52,15.25,58.85,-0.144,58.57,26.58,48.1,0.034,81.71,0.177,66.3,3.97,4.03,69.82,69.38,70.75,69.77,70.08,35,35,2.97,3.1,4.59,4,3.97,21.96,19.63,21.96,35.36,4.54,17.47,36.38,4.59,3.03,46.48,34.13,15.48,0.68,5,46,4.66,3.04,64.17,49.7,1.49,67.92,50.3,0.8,0,0.082,0.333,16.7,15.56,111,119,0.048,55.26,56.76,0.472
Kevin Na,63.96,63.25,27.17,63.92,66.67,92.31,58.43,60.81,3.93,2.14,1.64,0.92,0.769,0.252,0.343,-0.444,0.151,7.86,39.74,47.53,43.69,45.3,0.43,64.77,70.66,33.01,25.84,12.61,16.39,8,44.25,-0.148,58.57,18.57,52.2,0.22,77.89,0.066,54.81,4.02,4.01,70.07,70.33,69.44,69.46,70.92,35.69,35.23,3.02,2.9,4.61,4.02,4.02,22.35,20.59,22.35,35.11,4.59,17.13,35.11,4.61,2.97,45.95,34.67,16.38,0.71,4,44,4.64,2.97,62.1,54.5,1.31,66.45,45.5,2.43,0.113,0.145,0.087,15.37,11.8,12,11,-0.115,65.82,62.75,0.459
Hank Lebioda,46.21,58.9,33.71,55.71,55.65,80,46.58,60,3.44,2.97,1.06,-1.246,-0.403,-0.165,-0.564,-0.113,-0.843,7.03,38.49,34.26,39.03,38.49,0.74,64.67,66,29.65,21.27,13.08,12.77,13.33,51.34,-0.044,46.81,17.02,45.8,0.117,74.45,0.34,57.69,4.03,4.18,72.27,68.4,69.67,73.14,71.71,35.5,36.21,3.05,3.06,4.66,4.11,4.11,19.94,16.41,19.94,35.95,4.52,16.31,35.33,4.66,3.06,42.19,34.6,11.46,-0.81,6,39,4.81,3.06,62.51,47,3.1,66.26,53,2,0.123,0.34,0.208,15.14,18.57,189,182,0.2,50.72,46.15,0.419
Brendon Todd,63.94,72.54,22.26,72.81,70.03,96,69.23,68.14,3.83,2.12,1.69,0.068,0.337,0.015,-0.197,-0.075,-0.291,8.06,43.4,44.44,44.55,45.19,0.54,65.81,68.02,31.06,19.57,14.04,8.2,20.75,52.53,-0.068,55.17,12.9,44.4,0.038,74.7,0.115,40.32,3.97,3.99,69.73,69.9,69.6,70.2,69.53,34.87,34.63,2.96,2.96,4.66,3.98,3.97,22,25.45,22,35.14,4.72,18.93,35.2,4.66,2.97,36.14,34.3,17.86,0.94,4,52,4.6,2.96,60.07,49.3,0.99,63.99,50.7,1.51,0.086,0.109,0.111,11.68,10.58,1,1,-0.08,64.76,73.02,0.301
Harry Higgs,66.76,63.07,25.75,63.21,64.04,92,46.73,71.07,3.93,2.11,1.63,0.523,0.338,-0.025,-0.237,0.459,0.281,7.6,42.16,40.17,42.53,44.44,0.35,66.67,70.8,31.87,22.49,17.22,18.18,16.22,54.58,-0.095,55.81,15.31,56,-0.027,76.69,0.078,59.38,4,3.88,69.5,70.58,69.85,69.13,70.13,34.69,35.41,3.12,3.08,4.68,3.94,3.94,22.42,18.18,22.42,34.67,4.72,20.45,34.38,4.68,3.1,43.09,35.83,12.66,0.85,7,61,4.64,3.1,64.13,55.3,0.17,67.85,44.7,0.62,-0.027,-0.025,0.1,13.38,12.37,39,39,-0.08,66.12,42.25,0.38
Jim Furyk,52.25,78.8,13.98,79.21,53.06,62.5,47.37,51.72,3.72,2.13,1.6,0.497,-0.071,-0.057,0.637,-0.051,0.549,5.61,23.61,32.22,31.11,35.71,0.52,75.56,79.55,25.59,21.52,20.51,23.81,16.67,62.12,-0.079,51.61,17.65,64.3,0.167,81.96,-0.143,46.43,3.96,4,69.94,70,69,69,71,34.71,36.25,3.1,3.11,4.56,3.98,3.98,21.26,30,21.26,35.3,4.66,16.6,35.2,4.56,3.11,47.3,35,16.13,0.44,1,25,4.43,3.1,61.42,58.2,-0.31,64.95,41.8,1.3,0.067,-0.042,-0.071,8.6,5.38,201,211,0.25,59.38,46.43,0.517
Cameron Percy,58.18,61.78,29.23,61.03,61.98,88.46,45.45,62.5,3.68,2.08,1.61,0.621,0.089,-0.295,0.636,0.191,0.532,6.68,35.35,34.03,37.09,40.4,0.51,71.17,76.67,28.33,23.05,16.35,19.57,13.79,64.65,-0.103,46.34,19.51,58.3,0.069,78.13,-0.065,48.68,3.92,3.98,69.7,69.71,70.88,69.55,70,34.82,35.18,3.16,3.08,4.63,3.95,3.95,21.02,18.75,21.02,35.22,4.68,19.85,36.13,4.63,3.12,37.5,34.86,10.81,0.47,4,37,4.58,3.12,62.78,46.3,-0.81,66.99,53.7,1.11,0.066,-0.122,0.042,11.75,17.48,75,62,0.038,61.43,46.15,0.375
Troy Merritt,53.38,62.09,29.11,60.23,57.32,88.46,41.54,52.54,3.81,2.58,1.27,-0.548,0.432,-0.231,-0.479,-0.279,-0.886,7.08,38.03,42.86,39.15,39.35,0.47,65.21,67.62,30.63,21.1,17.24,14.81,21.21,51.28,-0.021,58,19.3,40,-0.182,76.51,0.167,53.85,3.98,4.03,70.64,72,70,70.42,71.17,34.83,36.38,3.08,3.12,4.76,4,4.01,21.78,20.72,21.78,35.84,4.79,19.95,35.57,4.76,3.09,41.3,36,12.1,-0.15,1,42,4.73,3.1,61.86,61.7,2.07,65.4,38.3,0.59,-0.184,0.127,0.4,18.16,10.95,148,150,-0.115,58.02,50,0.492
Mark Hubbard,67.19,64.12,26.88,64.52,62.26,95,48.94,60.87,3.79,2.15,1.57,0.574,0.477,0.04,0.076,0.005,0.124,7.43,43.06,40.28,41.91,42.22,0.32,66.37,70.71,32.11,23.03,13.14,11.69,15,51.29,-0.112,67.95,25.88,48.7,0.05,77.02,0.104,59.32,3.98,4.02,69.97,70.73,67.75,70.8,69.8,34.53,35.13,3.03,3.04,4.56,4,4,21.7,20.33,21.7,34.87,4.43,17.1,33.83,4.56,3.03,50,35.27,14.08,0.56,8,57,4.7,3.03,61.5,53.6,2.02,64.97,46.4,0.56,0.015,0.159,0.205,14.7,12.19,51,59,0,67.59,48.65,0.435
J.J. Spaun,48.96,56.42,31.98,58.11,50.97,72,49.21,48.08,3.66,3,1.06,-0.763,-0.077,-0.488,-0.19,-0.038,-0.782,6.57,37.7,35.19,37.37,37.61,0.52,65.4,69.44,30.23,21.99,13.64,16.88,9.09,51.18,-0.095,50,20,48.1,0.182,77.78,0.208,53.85,4.08,4.11,71.33,71.14,73.22,71.23,71,35.15,35.79,3.01,3.12,4.69,4.09,4.1,20.37,16.79,20.37,36.1,4.71,16.33,37.33,4.69,3.06,43.15,35,13.02,-0.93,2,44,4.66,3.08,62.9,56.6,2.14,66.95,43.4,1.39,0.069,0.083,0.296,18.92,13.06,220,220,0.28,52.56,46.81,0.558
Justin Thomas,89.46,57.14,35.45,56.36,65.45,94.44,62.79,58.97,4.86,2,2.29,2.024,0.292,0.273,1.057,0.395,1.773,7.63,46.11,43.65,42.59,41.36,0.44,71.76,77.18,37.42,25.89,25.93,25.49,26.32,65.13,-0.149,69.12,22.78,63.2,-0.088,79.84,-0.196,74.32,3.93,3.88,68.6,68.43,68.43,68.11,69,34.78,34.6,3.09,2.95,4.44,3.9,3.9,27.08,29.03,27.08,34.34,4.52,22.25,34.71,4.44,3.02,62.28,33.71,12.5,2.13,2,36,4.34,3.03,66.25,44.9,-1.94,70.74,55.1,-0.53,-0.131,-0.196,-0.105,16.97,18.48,21,19,-0.056,64.29,61.9,0.41
Viktor Hovland,64.81,66.03,24.21,61.51,57.58,88.89,44.78,43.75,3.84,2.44,1.44,0.65,0.129,-0.779,0.561,0.649,0.3,7.21,38.89,42.86,40.35,42.78,0.35,68.27,71.46,31.9,24.89,9.09,3.45,13.51,50.31,-0.1,43.59,15.69,33.3,0.135,79.87,0.172,74,4.04,3.95,70.04,70.71,69,69.6,70.9,36.4,34.45,3.09,2.96,4.67,4,3.99,22.39,17.98,22.39,35,4.75,17.36,35,4.67,3.03,45.83,35.43,18.44,0.74,6,38,4.55,3.04,64.32,44.3,2.56,67.78,55.7,1.67,0.056,0,0.4,9.92,14.29,122,146,0,66.67,43.9,0.688
Brice Garnett,57,64.39,29.46,62.13,63.6,89.66,51.39,58.02,3.65,2.21,1.52,0.475,0.334,0.147,-0.18,0.188,-0.081,6.83,39.68,37.04,37.92,35.9,0.36,69.44,75.59,28.22,18.68,15.52,13.11,18.18,53.81,-0.079,48.94,20,38.9,-0.036,79.31,0.197,47.67,4.01,3.97,70.27,68.14,70.44,69.85,71,35.15,35.57,3.02,3.02,4.64,3.99,3.98,20.11,26.09,20.11,35.1,4.69,16.78,34.89,4.64,3.02,41.78,33.71,13.02,0.59,2,46,4.58,3.03,62.52,50.7,1.43,66.22,49.3,0.93,-0.086,0.115,0.389,15.1,14.36,47,44,0,67.61,53.45,0.432
Cameron Smith,64.85,56.95,34.14,57.53,58.33,100,55.36,55.7,4.18,2.56,1.52,0.384,0.6,0.081,-0.262,-0.086,-0.269,7.5,36.57,36.51,41.52,48.48,0.44,66.67,71.07,34.73,26.83,18.42,20.75,16.39,51.83,-0.149,68.97,29.03,34.8,0.115,83.22,0.019,57.89,3.97,3.99,70.13,69.14,70.29,69.18,71,35.82,35.25,3.12,3,4.62,3.98,3.99,24.38,18.37,24.38,35.14,4.64,21.17,35.14,4.62,3.06,51.69,34.57,11.81,0.5,6,38,4.59,3.06,64.06,43.3,0.31,67.61,56.7,2,0.103,-0.085,0.435,15.86,18.28,141,129,-0.111,62.26,54.29,0.43
Bryson DeChambeau,81.83,61.13,32.05,60.96,67.5,90.91,63.46,66,4.38,1.93,2.18,2.102,0.474,0.072,0.523,1.098,1.588,7.37,43.21,36.51,41.18,37.5,0.4,71.41,78.43,33.72,25.82,19.83,21.54,17.65,57.49,-0.185,55.79,27.78,43.8,-0.059,81.82,-0.062,77.17,3.93,3.92,67.61,68.14,70.71,67.5,68.25,34.5,33.78,2.93,2.95,4.52,3.93,3.92,24.63,28.81,24.63,34.4,4.48,19.51,35.71,4.52,2.93,53.85,34.29,18.33,2.09,5,34,4.58,2.95,66.81,54.7,0.37,70.41,45.3,0.44,-0.05,-0.068,0.25,17.59,14.46,5,5,-0.091,64.06,68.57,0.28
Joseph Bramlett,56.33,56.54,32.17,56.3,53.74,95.24,46.77,56.47,3.59,2.73,1.19,-0.284,-0.189,-0.053,0.219,-0.262,-0.096,6.46,28.7,43.83,35.91,37.04,0.73,69.24,72.84,29.16,21.26,14.17,11.59,17.65,55.82,-0.075,53.06,36.73,61.3,0.118,81.79,0.145,53.66,4.04,4.07,71.08,70.88,70.56,70.67,71.58,35.5,36.08,3.05,3.12,4.62,4.06,4.06,20.6,16.95,20.6,35.85,4.69,17.31,35.89,4.62,3.08,44.03,35.25,10.3,-0.18,5,41,4.53,3.08,62.06,53.7,2.3,65.4,46.3,1.73,0,0.121,0.355,17.69,14.48,207,203,0,45.71,44.9,0.482
Sung Kang,58.97,57.92,32.64,58.25,56.79,91.67,44.12,53.16,3.92,2.78,1.29,-0.066,-0.456,-0.2,0.286,0.331,0.548,6.71,34.81,40.91,36.82,40.48,0.76,68.41,74.86,30.4,23.7,21.02,27.5,14.29,60.84,-0.078,58.62,18.18,53.3,0.143,78.2,-0.038,71.67,4.01,4.08,70.9,71.3,71.18,70.36,70.43,35.29,35.13,3.18,3.06,4.56,4.04,4.05,22.79,20,22.79,35.65,4.55,17.33,36.36,4.56,3.13,50.6,36,13.2,0.15,4,51,4.57,3.13,65.27,50,0.49,69.31,50,1.47,0.124,-0.036,0.1,15.75,16.89,181,166,-0.25,60.71,35.85,0.519
Patrick Cantlay,86.79,67.49,23.62,67.32,57.78,92.86,50,41.38,4.65,2.25,2.06,1.772,0.096,0.235,1.093,0.348,1.676,6.9,44.44,43.33,38.33,28.89,0.55,75,81.79,34.07,29.67,13.21,10,17.39,64.13,-0.191,55.36,19.64,60,-0.13,83.77,0.167,73.44,3.96,3.88,68.82,69.8,69.8,69.4,67.6,33.2,34.4,2.98,3.06,4.49,3.92,3.92,26.94,25.58,26.94,34.9,4.59,22.27,35.8,4.49,3.01,54.17,34.8,14.29,1.89,4,20,4.35,3.01,65.77,50,2.37,70.88,50,0.26,-0.133,0.133,0.2,11.81,11.81,154,141,-0.214,60,50,0.552
Cameron Davis,57.57,57.25,31.11,57.58,62.61,86.36,57.53,59.57,3.73,2.7,1.3,0.158,-0.412,0.211,0.18,0.18,0.571,6.95,35.04,42.06,38.61,41.03,1.03,68.06,74.21,29.36,24.49,14.29,13.7,15.09,52.3,-0.093,58.57,30,28,0.019,81.88,0.219,79.07,4.05,4.06,70.75,70,70.71,69.46,72.08,36.23,35.85,3.06,3.04,4.58,4.05,4.05,21.67,18.58,21.67,35.45,4.63,17.1,35.86,4.58,3.05,46.97,34.71,13.04,0.21,7,40,4.52,3.05,64.08,58.8,2.47,67.54,41.2,1.32,-0.085,0.149,0.16,19.02,12.08,62,56,-0.045,60,62.5,0.426
Scott Stallings,63.12,56.28,30.13,57.07,60.85,83.33,49.06,62.14,3.62,2.27,1.5,0.141,-0.036,0.169,0.139,-0.156,0.123,6.83,37.61,37.04,38.77,38.43,0.49,68.02,73.12,29.67,21.83,13.33,8.51,17.24,55.47,-0.121,60,27.87,40,0.069,81.39,0.255,53.57,4,4.02,69.68,69.75,70.56,70.92,68.92,34.08,34.85,3,3,4.61,4.01,4,21.54,12.87,21.54,35.1,4.6,17.01,35,4.61,2.99,42.36,34.13,16.36,0.44,11,45,4.61,3,63.04,49.4,3.25,66.82,50.6,1.27,0.034,0.259,0.367,14.4,15.73,63,89,0.111,62.69,47.83,0.388
Joel Dahmen,68.53,66.14,25.26,66.74,64.24,86.67,56.67,66.3,3.73,2.47,1.46,1.031,-0.198,0.123,0.735,0.478,1.312,7.41,37.04,44.44,41.41,43.25,0.39,64.55,73.08,31.24,23.24,13.64,12.7,14.89,46.69,-0.12,53.42,30.12,37.9,0.106,74.52,0.048,59.22,3.98,3.95,69.84,69.73,69.58,69.5,70.64,35.71,34.93,3.07,2.93,4.76,3.96,3.95,21.24,21.31,21.24,34.78,4.67,19.09,35.08,4.76,3,35.67,35,16.27,0.76,7,55,4.88,3,63.35,56.1,1.59,66.69,43.9,1.59,-0.043,0.118,0.414,15.61,9.65,35,37,-0.033,64.95,60.71,0.359
Matthew NeSmith,64.44,65.83,25.55,64.07,61.98,72.97,48.15,54.55,3.94,2.18,1.64,0.764,0.328,-0.114,0.538,0.001,0.318,6.9,39.24,40,38.17,33.33,0.46,71.19,76.11,30.38,21.29,16.13,10.61,22.41,54.32,-0.109,56.72,20.51,52.4,-0.017,83.99,0.182,59.43,4,3.98,69.79,69.1,69.3,70.67,69.4,34.4,34.81,2.98,3,4.59,3.99,3.98,22.11,20.35,22.11,34.9,4.62,17.56,34.8,4.59,2.99,47.65,34.4,15.42,0.91,6,54,4.57,2.99,61.95,51.4,1.41,65.29,48.6,0.23,-0.034,0.116,0.071,13.77,11.78,69,62,0.189,73.08,54.39,0.511
Bronson Burgoon,56.23,59.16,30.62,57.28,60.93,82.61,59.57,59.34,4.31,2.51,1.67,0.634,0.398,0.173,0.195,-0.126,0.384,7.68,41.03,46.03,42.59,41.92,0.38,67.38,72.22,34.25,24.39,14.66,13.92,16.22,54.72,-0.144,61.11,15.79,60,0.054,77.45,0.101,50,3.94,4.01,69.96,68,69.57,70.09,69.75,34.25,35.38,2.97,2.99,4.58,3.97,3.99,24.62,24.47,24.62,35.11,4.64,19,35.14,4.58,2.97,50,33.29,19.59,0.8,2,39,4.52,2.98,62.84,64.7,0.65,67.04,35.3,0.34,-0.051,0.047,-0.086,20.99,9.63,88,86,0.087,60.94,51.35,0.396
Marc Leishman,65.15,51.85,34.92,55.03,61.36,93.75,46.88,55.93,3.8,2.51,1.37,1.181,0.058,-0.134,1.165,0.091,1.123,7.09,39.44,39.58,39.37,41.98,0.49,65.08,72.44,31.05,22.96,18.18,17.31,18.97,55.98,-0.11,56.67,30,51.9,0.034,74.21,0.096,59.76,4.05,3.99,71.05,69.63,69.38,70.67,71.4,35.8,35.6,3.11,2.93,4.67,4.02,4.02,21.59,24.73,21.59,35.11,4.72,17.74,35.25,4.67,3.02,42.11,35,15.28,0.71,3,35,4.6,3.02,63.04,48.1,0.95,66.4,51.9,0.5,-0.031,-0.016,0.037,17.04,17.88,84,73,-0.125,70.77,59.38,0.492
Doc Redman,62.74,68.3,23.54,67.53,57.19,91.67,54.02,56.6,3.88,2.45,1.45,0.528,-0.109,-0.337,0.642,0.381,0.552,6.75,41.18,36.11,38.06,33.68,0.52,69.72,74.88,30.76,24.27,12.4,11.67,13.04,53.17,-0.104,56.25,29.55,63.6,0.159,78.53,0.217,50.72,3.99,3.99,70.06,70.33,70.42,70.13,70.13,35.19,35,3.04,3.1,4.66,3.99,3.98,21.92,21.23,21.92,35.18,4.61,19.4,35.17,4.66,3.06,41.67,35.17,14.22,0.47,4,60,4.7,3.07,62.3,47.7,1.49,66.01,52.3,1.94,0.08,0.157,0.159,11.36,12.18,160,155,-0.125,50.91,56.06,0.509
Bubba Watson,65.88,57.2,33.62,55.07,61.17,93.75,53.06,65.45,3.74,2.41,1.52,1.192,0.636,-0.12,0.127,0.627,0.584,6.74,36.87,34.13,38.16,39.44,0.26,66.23,74.52,30.6,24.57,20,19.05,20.69,53.4,-0.143,55.22,26.92,53.3,-0.052,78.2,-0.024,61.11,3.96,3.98,69.59,69.29,69.43,69.9,69.5,34.7,34.64,3.09,3.03,4.59,3.97,3.96,21.9,24.39,21.9,34.82,4.47,18.48,34.57,4.59,3.07,45.69,34.14,13.57,0.91,7,38,4.78,3.05,66.72,43.6,0,70.49,56.4,0.13,-0.015,-0.04,0.1,14.49,19.13,59,81,-0.063,58.33,51.72,0.291
Rory McIlroy,96.19,57.21,35.47,54.34,68.28,93.75,50,62.5,4.28,1.86,2.21,1.939,-0.003,0.377,0.875,0.736,2.158,7.32,42.36,37.3,42.36,42.86,0.54,69.97,77.05,34.83,27.03,11.69,9.68,13.04,55.09,-0.216,54.41,25.61,50,0.152,85.97,0.129,85,3.95,3.98,67.94,70.71,67.86,68.14,67.57,32.29,35.63,3,2.93,4.41,3.96,3.95,25.4,22.22,25.4,34.57,4.44,18.92,34,4.41,2.96,59.62,35.71,16.38,2.62,9,32,4.38,2.94,65.76,50.9,1.85,69.25,49.1,0.77,0.135,0.048,0.045,15.85,19.62,2,3,-0.063,61.29,61.54,0.406
Martin Trainer,28.83,47.14,38.93,48.53,53.72,91.67,50.98,51.72,2.89,3.91,0.65,-2.96,-0.267,-0.043,-2.078,-0.552,-2.519,7.71,44.07,37.5,43.06,41.67,0.76,50.93,57.28,30.49,18.66,13.04,17.86,9.76,46.59,0.042,54.29,18.67,26.3,0.22,63.04,0.214,63.64,4.19,4.2,73.91,78,73.25,74.14,73.43,36.36,37.4,3.3,3.39,4.72,4.2,4.21,16.99,18.24,16.99,37.29,4.72,12.12,37,4.72,3.33,44.26,36.5,6.02,-2.94,4,36,4.71,3.35,65.23,39.7,2.6,69.66,60.3,1.8,0.154,0.127,0.105,14.67,24.27,206,204,0,52.21,47.37,0.534
Keegan Bradley,55.27,59.48,27.13,60.83,59.7,86.21,57.14,50.79,3.39,2.86,1.18,0.074,-0.523,0.285,0.173,0.14,0.598,6.64,35.04,32.72,36.87,35.04,0.57,66.16,72.56,27.01,20.23,16.07,16.33,15.87,52.02,-0.088,55.38,26.15,45.2,0.143,76.92,0.204,59.57,4.08,4.03,70.27,70.67,70.44,70.31,70.23,35.08,35.15,3.09,2.88,4.63,4.06,4.06,19.44,25,19.44,34.98,4.61,15.42,34.67,4.63,2.98,40.91,35.89,14.44,0.32,5,44,4.66,2.98,63.32,46.9,2.93,66.28,53.1,1.29,0.045,0.224,0.333,12.69,14.44,109,104,0.103,57.47,65.96,0.46
Gary Woodland,81.96,65.41,27.48,62.89,65.68,100,57.41,65.12,4.34,1.79,2.14,1.116,0.315,-0.18,0.919,0.111,1.099,6.76,40,38.19,37.57,37.65,0.38,72.51,79.31,32.53,25.78,20,12.5,26.67,62.05,-0.152,59.04,28.26,42.9,-0.133,80,0.075,84.72,3.96,3.97,68.75,69.63,68.38,67.89,69.67,34.11,35.1,2.96,3.02,4.45,3.97,3.95,24.18,25.37,24.18,34.82,4.47,18.55,34.75,4.45,3,56.9,34.25,13.97,1.63,4,38,4.43,2.97,65.63,45.3,1.51,68.93,54.7,0,-0.137,0.065,0.238,13.03,14.45,53,17,-0.067,51.92,65.38,0.372
Jordan Spieth,66.32,50.28,42.26,47.92,57.08,89.47,45.45,54.84,3.97,2.88,1.25,0.097,0.392,0.443,-0.36,-0.216,-0.224,7.82,45.56,37.5,43.42,45.68,0.29,62.72,67.87,34.66,24.19,15.63,12.5,17.86,51.25,-0.098,57.5,12,26.3,0.054,75.32,0.125,51.72,4.08,4.04,70.14,71.38,70.63,69.67,71,35.67,35.5,2.96,3.09,4.6,4.06,4.07,22.22,20,22.22,35.53,4.6,18.21,36.25,4.6,3.02,48.41,35.5,12.77,0.17,3,38,4.59,3.04,64,44.7,1.53,68.19,55.3,0.96,0.045,0,0.368,16.98,25.28,174,160,0.053,55.56,48.15,0.468
J.T. Poston,68.23,64.15,28.25,63.01,61.36,100,57.14,59.52,4.15,2.32,1.6,1.009,0.759,0.098,-0.163,0.141,0.164,7.62,47.04,34.34,43.52,42.06,0.34,66.67,70.94,33.75,23.48,14.84,16.25,12.5,55.29,-0.135,55.42,13.19,40,0.104,74.83,0.088,63.46,3.98,4,69.55,69.18,70.64,69.79,69.57,35.14,34.4,3.02,2.86,4.69,3.99,3.97,22.89,21.31,22.89,34.88,4.65,19.49,35.55,4.69,2.94,44.05,34.55,17,0.84,4,54,4.73,2.94,62.98,61.8,1.12,66.95,38.2,1.67,0.115,0.057,0.267,17.68,10.57,48,73,-0.077,60,68.09,0.452
Chris Stroud,46.42,58.95,29.29,58.57,57.14,95,47.17,57.63,3.74,2.97,1.1,-0.816,-0.25,-0.241,-0.054,-0.434,-0.774,7.43,43.98,37.78,42.48,40.91,0.57,64.05,70.83,31.38,21.43,9.46,4.35,17.86,49.14,-0.044,41.03,15.22,44.4,0.143,75,0.239,48.48,4.01,4.13,71.38,70.67,70.8,71.27,71.82,35.64,36,3.07,2.88,4.8,4.07,4.04,20.37,17.2,20.37,35.87,4.8,15.46,37.6,4.8,2.98,37.72,35.67,20.66,-0.71,2,34,4.81,2.98,61.1,62.3,2.68,65.24,37.7,3.26,0.259,0.2,0.37,19.64,9.64,119,156,0,50,51.28,0.424
Wyndham Clark,54.83,53.14,39.74,46.32,57.35,94.74,50.77,55.41,3.94,2.63,1.25,-0.142,0.51,0.125,-0.462,-0.334,-0.61,7.44,47.78,39.58,42.08,36.11,0.49,63.36,65.8,34.08,23.86,13.33,10.61,15.94,52.46,-0.062,65.28,21.43,56.3,0.174,76.04,0.076,63.33,4.13,4.06,70.22,71.71,72,71.21,69.71,34.36,35.4,3.09,3.05,4.54,4.1,4.09,21.96,22.31,21.96,35.35,4.51,14.35,36,4.54,3.08,55.77,36.43,15.82,0.09,6,47,4.58,3.06,64.66,49,0.95,68.63,51,2.32,0.079,0.107,0.125,19.74,20,167,149,-0.105,59.05,35.9,0.486
Paul Casey,76.21,63.94,27.63,67.11,55.03,100,35.71,50,4.18,2.5,1.51,0.293,-0.741,-0.428,0.905,0.557,1.034,6.61,34.13,38.89,36.71,42.06,0.68,70.44,79.17,33.14,24.41,21.82,22.22,21.43,63.83,-0.07,61.82,30.91,66.7,0.179,78,0,76.79,3.93,4.09,69.75,72.57,69.14,68.71,70.71,34.71,36,3.1,3.19,4.47,4.01,4.01,24.21,27.27,24.21,35.96,4.49,19.93,35.57,4.47,3.14,55,34.57,7.96,0.63,5,28,4.44,3.14,64.13,42.6,0.34,68.39,57.4,2.82,0.139,0.037,0.333,11.84,15.79,195,193,-0.059,62.5,26.67,0.548
Carlos Ortiz,70.87,55.36,37.24,52.8,65.31,88.46,51.43,63.46,4.04,2.15,1.76,0.811,0.148,0.415,0.288,-0.023,0.739,6.94,38.89,40.56,39.42,37.3,0.44,68.8,76.54,31.61,22.63,20.73,21.51,20,59.22,-0.121,55.14,24.14,51.4,-0.03,79.34,0.011,65.15,3.97,4.01,70,69,68.1,69.86,70.71,35.64,34.87,2.97,2.97,4.56,3.99,3.98,23.03,24.53,23.03,34.9,4.51,17.25,34.6,4.56,2.98,48.81,34.7,18.75,0.98,8,52,4.61,2.97,64.19,52.3,0.88,68.25,47.7,0.08,-0.066,0.009,0.086,18.71,18.53,33,20,0.077,64.52,58.33,0.365
Vaughn Taylor,63.93,68.52,24.38,66,58.23,86.96,47.66,59.55,4.13,2.43,1.44,0.206,0.418,-0.144,-0.122,0.025,-0.25,7.61,40,43.43,42.77,43.65,0.35,64.26,68.06,34.15,24.09,13.68,14.58,12.77,52.56,-0.089,54.35,22.64,48.5,0.213,71.67,0.104,43.75,3.98,4.07,70.13,70.2,69.82,70.21,70.79,35.86,34.93,2.94,3.03,4.68,4.02,4.01,23.02,20.61,23.02,35.33,4.54,18.48,35,4.68,2.99,40.48,34.3,20.9,0.52,3,53,4.84,2.99,60.83,49.7,1.6,64.43,50.3,2.24,0.204,0.145,0.152,12.3,12.08,125,133,0.087,56.98,48.48,0.438
Talor Gooch,64.7,57.14,31.72,56.88,58.6,94.12,53,53.27,3.73,2.35,1.46,0.468,0.312,0.14,0.115,-0.081,0.22,7.04,40.74,39.32,39.58,37.3,0.33,67.26,72.11,30.43,23.89,15.76,16.3,15.22,54.94,-0.117,61.39,25,56,0.033,78.94,0.098,63.04,3.99,4,69.84,70.69,69.85,70.79,69,34.43,34.73,3.04,3.03,4.63,4,4,21.6,22.3,21.6,35.17,4.67,17.8,35.23,4.63,3.04,44.77,35.31,13.43,0.62,5,56,4.58,3.04,62.39,48.9,1.35,65.43,51.1,1.01,0.04,0.126,0.14,16.09,15.63,109,122,-0.059,63.16,52,0.495
Luke List,54.75,57.64,28.34,57.38,57.08,85.71,58.21,54.41,3.67,2.59,1.33,0.282,-0.321,0.067,0.259,0.265,0.649,6.68,38.89,43.75,37.73,33.76,0.66,67.44,73.23,30.52,23.16,19.13,19.72,18.18,56.68,-0.082,57.5,32.18,55.8,0.045,78.59,0.028,67.35,3.99,4.08,71.14,70.57,68.38,71.46,71.08,35,35.93,3.09,3.07,4.57,4.03,4.03,21.95,26.09,21.95,35.51,4.53,16.67,33.88,4.57,3.1,52.82,35.57,10.37,0.1,10,43,4.6,3.09,64.68,57.7,0.59,68.32,42.3,1.35,0.043,0.014,0.023,17.33,11.01,141,160,0,55.32,63.41,0.574
Brian Harman,71.96,63.46,27.27,64.86,65.31,92,59.49,57.45,4.06,2.25,1.64,0.868,0.361,0.109,0.248,0.114,0.5,7.75,45.24,43.43,43.48,41.88,0.4,66.03,71.11,32.9,25.05,12.5,11.27,13.85,48.35,-0.14,56.79,17.65,41.4,0.092,76.51,0.085,56.14,3.97,3.98,69.24,69,70.36,69.46,69.15,34.62,34.43,2.97,3.03,4.59,3.98,3.97,22.57,19.47,22.57,35.02,4.65,18.73,35.64,4.59,3,44,34.18,18.23,0.8,3,52,4.51,3.01,63.33,51.9,0.82,66.96,48.1,1.65,0.113,0,0.241,13.29,13.99,18,20,-0.12,67.54,63.33,0.426
Michael Thompson,49.33,66,25.56,65.83,59.61,100,53.23,63.08,3.47,2.53,1.14,-0.15,0.265,0.085,-0.346,-0.148,-0.663,7.06,37.5,43.52,40.28,38.89,0.59,65.28,70.56,28.67,18.8,15.12,15.38,14.89,49.36,-0.046,63.27,29.09,55,0.085,75.26,0.179,58.97,4.12,4.07,70.77,71.75,69.5,71.36,71.45,35.73,35.33,3.01,3.05,4.61,4.1,4.06,18.75,20.69,18.75,35.63,4.69,13.62,35.83,4.61,3.02,44.74,37,13.18,-0.32,3,36,4.52,3.04,61.3,48.4,3.05,64.72,51.6,1.43,-0.041,0.186,0.45,11.94,13.61,68,106,-0.15,47.83,56.25,0.369
Abraham Ancer,76.68,64.52,31.96,59.23,67.31,95.24,51.43,77.97,4,2.16,1.71,1.37,0.152,0.094,0.76,0.425,0.88,7.57,40.6,43.89,41.67,39.81,0.43,69.1,74.44,32.05,22.6,19.61,18.64,20.93,50.22,-0.118,59.38,22.22,50,0.047,76.62,0.068,64.1,3.99,3.98,69.81,68.6,68.8,70.58,69.92,34.83,35,2.92,2.97,4.61,3.99,3.97,21.84,21.05,21.84,34.89,4.62,16.81,34.8,4.61,2.94,45.45,34.7,17.22,1.13,4,48,4.61,2.96,63.9,60.4,0.71,67.43,39.6,1.82,0.042,0.088,0.231,18.73,13.22,6,6,0,60,51.22,0.22
Dustin Johnson,77.64,64.31,31.28,60.79,60.53,86.67,58.06,54.55,3.68,2.56,1.31,0.632,-0.051,-0.216,0.211,0.722,0.418,7.44,45.37,41.67,41.92,40,0.5,66.67,72.78,32.82,20.53,13.11,11.76,13.64,47.37,-0.1,48.98,24.59,30,0.091,77.5,0.118,55.77,3.93,4.05,70,72.25,69.25,68.8,72,36,35.83,3.18,2.97,4.65,3.99,3.97,20.99,26.09,20.99,35.89,4.74,18.46,34.5,4.65,3.11,47.22,34.75,13.04,0.71,7,22,4.52,3.09,65.88,33.3,2.69,70.33,66.7,0.96,0.038,0.158,0.5,8.37,22.91,70,90,0.067,50,71.43,0.5
Byeong Hun An,65.9,54.74,33.87,54.56,64.98,87.5,52.13,65.93,3.83,2.2,1.6,0.055,-0.89,0.534,0.271,0.096,1.07,7.41,41.48,39.35,40.88,38.1,0.63,67.09,71.78,30.25,19.43,18.3,11.54,25.33,56.7,-0.071,48.24,16.09,55,-0.08,79.95,0.167,63.64,3.96,3.97,70.03,70.09,70.67,70.21,69.29,35.14,34.27,3.07,3.04,4.7,3.97,3.98,22,22.61,22,35.2,4.68,19.49,35.75,4.7,3.05,40.7,33.91,12.98,0.73,4,53,4.72,3.05,65.02,53.5,2.09,69.16,46.5,-0.4,-0.089,0.159,0.05,17.85,16.02,43,24,-0.042,65.28,47.83,0.407
Kevin Chappell,47.91,54.66,32.24,55.26,57.92,100,47.27,56.94,3.7,2.94,1.15,-0.46,-0.018,-0.069,-0.24,-0.164,-0.497,7.32,40.4,42.59,40.74,39.44,0.68,64.14,66.67,30.71,23.13,15.22,13.04,17.39,47.96,-0.063,42.86,16.67,47.6,-0.022,77.64,0.13,51.35,4.06,4.13,70.83,72,72.33,70.7,71.1,35.5,35.64,3.07,3.06,4.63,4.09,4.08,21.15,25.81,21.15,35.94,4.62,17.13,37.17,4.63,3.07,41.07,35,15.2,-0.32,3,33,4.65,3.06,63.89,55.3,2.74,68.22,44.7,0.85,-0.043,0.096,0.381,17.11,15.13,132,139,-0.235,54.05,50,0.431
Dylan Frittelli,62,59.18,30.65,58.13,62.01,91.67,54.26,59.3,3.82,2.73,1.25,0.049,-0.007,0.249,-0.008,-0.215,-0.066,7.42,39.24,40.4,42.06,43.33,0.65,64.88,67.59,31.34,21.73,15.44,15.66,15.15,53.67,-0.046,51.69,14,38.8,0.03,73.13,0.036,64.75,4.02,4.05,70.19,70.82,71.55,69.8,71,35.47,35.31,3.08,3.06,4.64,4.04,4.02,21.05,23.49,21.05,35.54,4.63,15.23,36.27,4.64,3.06,47.8,35.45,15.38,0.25,5,56,4.64,3.07,62.23,55.2,1.48,65.95,44.8,1.11,0.066,0.057,0.306,16.45,14.21,49,61,-0.083,61.42,56.14,0.407
Tyler Duncan,54.82,69.26,24.85,67.06,57.29,96.88,44.44,52.38,3.68,2.51,1.31,-0.132,-0.037,-0.282,0.235,-0.081,-0.209,6.84,38.56,38.27,38.68,38.89,0.39,66.77,71.39,29.76,22.38,12.61,11.94,13.46,44.44,-0.1,59.68,28.36,29,0.269,77.38,0.134,47.32,4.08,4.04,70.47,71,70.22,71.19,70.19,35.13,35.12,2.92,3.09,4.6,4.06,4.05,20.63,21.88,20.63,35.47,4.61,14.45,35.56,4.6,2.99,44.64,35.63,18.13,0.05,5,53,4.59,3,61.05,57.3,2.66,64.97,42.7,2.71,0.196,0.187,0.419,14.79,10.06,122,151,-0.063,57.89,47.46,0.524
Scott Harrington,51.97,56.18,30.02,58.56,56.27,83.33,56.82,47.06,3.65,2.75,1.18,0.001,-0.012,0.023,-0.448,0.439,0.014,6.85,36.3,36.67,38.08,39.63,0.65,65.86,70.92,29.7,22.82,11.85,11.43,12.31,54.42,-0.108,54.55,19.48,59.5,0.123,78.51,0.186,67.31,4.06,4.11,70.97,70.75,71.6,70.67,71,35.4,35.6,3.06,3.07,4.58,4.08,4.08,20.49,17.02,20.49,35.67,4.58,14.64,35.8,4.58,3.07,49.34,35.63,13.47,-0.17,2,48,4.58,3.07,64.32,49.5,1.47,67.92,50.5,1.24,0.028,0.155,0.108,15.01,15.01,180,171,0,61.05,60.66,0.563
James Hahn,56,59.67,26.71,63.36,57.23,94.44,43.75,59.52,3.73,2.5,1.41,0.66,0.219,0.069,0.298,0.072,0.44,6.33,35.8,31.75,35.19,33.33,0.37,69.26,79.1,29.14,25.99,11.43,10,13.33,57.99,-0.116,69.77,44.19,57.9,-0.1,76.8,0.1,48.48,4,4.06,70.4,70.6,70.57,71.44,69,34.33,34.67,3.11,3.08,4.51,4.03,4.03,21.11,27.27,21.11,35.33,4.46,14.95,35.57,4.51,3.1,53.06,34.8,11.57,0.12,2,30,4.57,3.1,62.77,57.8,1.19,66.36,42.2,-0.23,-0.161,0.043,0.211,16.1,10.62,163,153,0,54.29,42.86,0.405
Aaron Baddeley,54.68,61.76,28.44,59.69,63.77,91.67,60,61.04,4,2.21,1.56,0.271,0.02,0.822,-0.123,-0.483,0.201,7.45,41.41,44.44,41.59,39.44,0.39,64.92,69.33,32.52,20.91,19.1,18,20.51,51.12,-0.073,60.42,19.23,46.7,0.026,74.91,0.02,48.75,3.99,4,70.21,71.17,70.43,70.3,69.9,35.3,34.82,3.01,3.02,4.67,4,4,22.39,21.79,22.39,35.33,4.69,17.97,35.86,4.67,3.01,41.8,35.67,17.29,0.37,1,35,4.65,3.02,61.08,64.6,0.98,65.08,35.4,0.22,-0.083,-0.018,0.267,17.19,11.25,38,42,0,60,65.96,0.403
Adam Long,63.15,65.97,26.79,64.22,59.68,96,42.7,59.3,3.79,2.54,1.44,0.517,0.136,-0.031,0.437,0.021,0.526,7.13,43.79,32.05,40.13,40.97,0.52,68.2,73.17,30.99,22.86,13.85,12.31,15.38,50.76,-0.09,56.76,22.37,40,0.046,79.96,0.108,51.67,4.01,3.96,69.81,69.55,72.15,69,70,34.5,35.47,3.03,3.13,4.62,3.99,3.98,21.92,23.08,21.92,35.23,4.64,18.91,35.85,4.62,3.08,42.47,34.64,12.89,0.66,7,58,4.6,3.07,62.58,45.2,1.18,66.45,54.8,1.07,0.027,0.028,0.167,13.03,13.76,96,105,0,63.55,34.04,0.442
Harold Varner III,61.5,61.83,26.52,63.26,60.07,83.33,41.98,64.13,3.87,2.24,1.54,1.015,-0.111,0.216,0.412,0.527,1.194,6.78,37.41,38.43,38.03,40.48,0.48,69.66,74.13,30.21,23.15,16.38,14.29,18.33,54.72,-0.137,60.27,18.99,48.6,-0.1,79.77,0.25,65.31,4.01,4.04,69.53,70.8,70.42,69.93,69,34.29,34.67,2.98,3.04,4.56,4.02,4.02,21.78,25,21.78,35.32,4.57,16.95,35.33,4.56,3.02,47.56,35.2,14.15,0.71,4,52,4.54,3.01,63.88,48.2,3.16,67.12,51.8,-0.47,-0.048,0.233,0.171,13.04,13.48,104,96,0.056,63.86,45.45,0.402
Sungjae Im,77.53,64.11,24.96,64.66,64.53,92.86,61.54,61.46,4.33,2.22,1.88,1.374,0.362,0.01,0.464,0.55,1.049,7.6,42.01,42.06,41.85,38.52,0.41,68.52,74.81,33.88,25.17,17.42,13.24,21.88,54.11,-0.117,64,25.96,57.1,-0.031,79.84,0.059,63.85,3.9,3.99,69.09,69.64,69.14,69.6,68.27,33.6,34.81,3.03,2.98,4.56,3.94,3.95,24.81,23.13,24.81,35,4.6,19.94,34.64,4.56,3.01,50.52,34,17.8,1.64,4,60,4.52,3,63.74,52.2,0.57,67.37,47.8,0.21,-0.014,0.077,0.061,13.07,11.89,40,31,-0.036,61.25,65.52,0.375
Max Homa,66.85,63.49,26.38,63.07,57.62,92.86,56.25,53.52,3.88,2.57,1.37,0.516,0.257,-0.415,0.33,0.377,0.087,7.11,41.45,44.44,39.93,35.65,0.43,66.67,72.7,32.17,22.89,10.91,10.53,11.32,49.78,-0.092,55,27.78,48.5,0.151,77.72,0.123,62.73,4.05,3.99,70.43,72.2,68.6,70.33,71.5,35.17,36.15,3,3.07,4.65,4.02,4.02,21.59,22.12,21.59,35.7,4.77,15.32,34.8,4.65,3.01,48.82,35.4,14.69,0.47,5,48,4.51,3.04,62.97,54.2,1.07,67.19,45.8,2.11,0.148,0.164,0.061,13.99,12.39,151,145,0,60.67,57.5,0.521
Scottie Scheffler,79.39,61.54,29.55,61.26,62.5,86.67,52.17,58.33,4.4,2.33,1.77,0.874,-0.092,-0.023,0.328,0.663,0.967,7.42,44.44,37.96,41.24,44.05,0.65,69.23,75.83,34.93,25.25,22.08,16.18,26.74,56.79,-0.138,56.12,25.51,53.7,-0.023,78.79,0.103,61.29,3.94,3.94,68.48,70.42,69.67,69,68.14,34,34.14,3.12,2.98,4.53,3.94,3.94,25.53,22.4,25.53,34.58,4.54,23.4,35.17,4.53,3.05,49.39,36.08,12.5,1.22,10,52,4.52,3.05,64.88,44.4,0.55,68.98,55.6,0.35,-0.065,0.042,0.195,12.97,16.58,66,58,0.033,68.89,50.7,0.438
Henrik Norlander,52.75,67.81,26.19,65.95,52.61,90,43.37,50,3.67,2.73,1.27,-0.388,-0.224,-0.269,-0.021,0.126,-0.164,6.6,35.76,34.03,36.69,37.15,0.44,68.98,72.78,29.97,19.07,21.78,26,17.65,53.24,-0.017,57.69,21.15,70.8,0.098,80,-0.04,52.17,4.02,4.02,71.03,69.5,69.13,71.75,70.69,35.25,35.44,3.09,3.17,4.57,4.02,4.02,21.3,18.57,21.3,35.44,4.6,17.09,34.88,4.57,3.13,45.51,34.5,12.95,0.06,8,48,4.54,3.13,61.65,48.2,0.59,65.19,51.8,1.37,0.075,0.018,0.042,13.57,12.62,217,214,0.1,51.9,46.03,0.509
Ian Poulter,62.65,59.72,35.15,52.12,64.94,100,64.58,51.52,3.5,2.64,1.2,1.338,0.632,0.307,0.417,-0.134,0.542,7.82,46.83,50,45.09,35.19,0.32,61.54,62.15,32.06,18.71,10.53,11.11,10,50.77,-0.079,60,21.74,55.6,0.233,71.26,0.148,46.88,4.08,3.99,70.36,70.2,68.6,72.33,69.67,35,34.14,3.14,2.89,4.62,4.04,4.01,18.18,21.05,18.18,34.55,4.5,15.68,33.2,4.62,3.04,43.75,35.4,9.78,0.95,4,26,4.75,3.03,61.36,50.6,1.75,64.41,49.4,1.79,0.214,0.2,0.056,18.18,16.97,22,25,0,58.82,75,0.515
Tony Finau,74.88,55.04,32.08,55.97,61.78,100,43.14,64.71,4.2,2.19,1.69,1.435,-0.04,0.505,0.541,0.354,1.521,7.22,33.84,46.53,40.56,39.44,0.47,70,75.51,32.8,25.72,20.62,19.23,22.22,59.73,-0.145,60,17.81,44,-0.022,82.85,-0.115,70.83,3.93,3.98,69.57,70.75,68.13,69.3,70.2,34.7,35.27,2.99,3.06,4.64,3.96,3.94,23.46,24.14,23.46,34.92,4.48,18.85,34,4.64,3.01,44.62,35,17.57,0.84,5,40,4.83,3.02,64.18,50.7,-0.74,68.07,49.3,0.76,0,-0.132,0.12,16.67,15.41,73,67,-0.273,71.43,36,0.353
Kevin Streelman,50.53,66.24,25.8,65.43,55.51,95,55,49.18,3.82,2.67,1.32,0.204,-0.08,0.026,-0.017,0.322,0.343,6.77,33.33,38.89,37.65,40.37,0.56,68.52,76.25,30.74,23.05,20.62,18.18,22.64,55.17,-0.104,63.16,26.23,50,-0.038,79.95,0.091,59.3,4.01,4.03,70.68,70.5,69.86,71.4,70.2,34.87,35.38,3.23,3.2,4.47,4.02,4.01,22.09,20.83,22.09,35.33,4.42,16.56,35.14,4.47,3.21,52,35.83,10.73,0.11,7,45,4.53,3.22,62.39,44.1,1.61,66.16,55.9,1.27,-0.102,0.184,0.269,10.11,15.69,186,185,-0.05,53.45,55.77,0.508
Rafa Cabrera Bello,56.75,64.57,28.71,62.2,63.35,100,44.26,71.43,3.55,2.41,1.28,0.032,0.391,-0.048,-0.155,-0.112,-0.128,7.76,41.36,46.03,43.37,39.58,0.48,63.26,66.67,31.16,19.9,13.04,16.67,9.09,51.75,-0.082,42.42,13.51,25,0.091,70.16,0.083,52.27,4.01,4.03,71.47,70,70,71.88,70.63,34.38,36,3.06,3.05,4.75,4.02,4.03,19.92,18.67,19.92,35.79,4.82,16.07,35.29,4.75,3.05,37.25,34.5,16.53,0.13,2,31,4.66,3.04,61.73,47.2,1.18,65.22,52.8,1.58,0.103,0.097,0.188,14.83,13.88,67,48,0,65.79,53.33,0.286
Sepp Straka,43.56,61.36,28.19,61.74,61.34,91.18,50.82,63.89,3.52,2.28,1.22,0.356,0.032,-0.144,0.145,0.292,0.247,6.58,38.56,31.94,37.37,35.42,0.55,67.17,75.62,27.87,20.05,15.79,14.04,17.54,52.56,-0.076,57.14,24.32,65.4,0.088,77.68,0.105,57.29,4,4.08,71.09,67.75,72.5,71.81,70.81,35.38,35.41,3.01,3.06,4.81,4.04,4.03,19.03,19.23,19.03,35.88,4.8,14.68,37.25,4.81,3.04,46.32,33,13.13,-0.33,2,44,4.81,3.04,63.53,49.1,2.07,67.05,50.9,1.18,0.032,0.111,0.115,14.09,14.09,76,76,0.029,51.19,57.78,0.375
Sam Burns,50.21,52.78,34.03,53.24,53.98,84.21,32.26,56.34,3.5,2.88,1.11,-0.26,0.48,-0.764,-0.524,0.435,-0.716,7.06,36.57,35.19,39.51,44.44,0.44,62.65,69.02,31.44,22.76,12.6,10.39,16,54.42,-0.06,55.56,31.03,59.5,0.1,75.6,0.156,68,4.06,4.04,70.92,71,72.5,70.55,71.64,35.18,36.25,3.11,3.35,4.57,4.05,4.05,20.75,20.56,20.75,35.91,4.55,17.31,37.33,4.57,3.23,47.46,35.83,8.82,-0.02,8,36,4.6,3.22,64.45,62.2,1.15,68.19,37.8,2.97,0.161,0.094,0.262,19.68,14.35,201,202,0.053,55.68,36.17,0.437
Austin Cook,45.86,64.58,25.76,65.37,57.01,100,41.18,49.45,3.45,2.76,1.18,-0.25,-0.083,0.027,-0.451,0.36,0.088,6.63,38.49,34.13,37.08,38.03,0.61,67.08,72.62,27.54,21.67,10.71,5.26,15.22,52.11,-0.072,43.4,21.43,33.3,0.109,79.18,0.184,61.54,4.05,4,71.2,71.2,70.86,70.38,71.38,36.08,35.5,3.14,3.04,4.72,4.02,4.04,19.59,17.59,19.59,35.21,4.63,16.71,36,4.72,3.08,37.69,35.2,12.42,-0.37,3,40,4.82,3.08,62.99,43.4,2.45,66.75,56.6,1.74,0.08,0.163,0.429,11.91,13.85,185,164,-0.176,61.84,47.22,0.538
Patrick Reed,78.38,55.16,34.66,54.83,65.14,100,60,65.57,4.53,2.35,1.83,1.741,1.077,0.361,0.217,0.048,0.798,8.41,48.33,50,46.45,45.06,0.41,64.04,68.52,38.01,30.3,15.09,16.67,13.79,56.02,-0.192,68.25,17.39,56.7,0.121,76.54,0.104,61.25,3.98,3.87,69.6,68.63,69.88,69,69.89,34.56,35.2,3,3.09,4.6,3.93,3.94,25.98,17.72,25.98,34.85,4.68,24.45,35.25,4.6,3.03,44.07,34.25,14.71,1.96,4,36,4.5,3.04,62.71,47.7,0.85,66.73,52.3,1.41,0.015,0.035,0.067,16.19,18.47,36,22,-0.077,59.42,60,0.377
Stewart Cink,66.45,56.03,31.49,55.39,55.87,88.89,49.28,37.5,3.86,2.42,1.34,0.367,0.187,-0.245,0.479,-0.088,0.094,6.87,35.8,40.97,38.25,40.28,0.42,68.57,72.03,30.56,20.97,16.35,21.31,9.3,55.9,-0.071,57.5,23.4,53.1,0.116,78.57,0.033,43.02,4.06,4.01,69.7,73,71.5,68.88,70.75,36.13,34.67,3.03,3.08,4.68,4.03,4.02,21.33,27.5,21.33,35.39,4.66,17.96,36.38,4.68,3.05,40.16,36.71,13.6,0.6,1,35,4.7,3.06,61.94,60.5,0.54,66.21,39.5,0.5,-0.098,0,0.031,19.53,11.95,177,175,-0.056,63.49,53.06,0.708
Collin Morikawa,80.77,65.11,26.23,64.12,60.24,100,55.42,54.69,4.1,2.52,1.61,1.246,-0.263,0.039,1.098,0.41,1.683,6.9,39.32,37.04,38.89,40.28,0.67,70.51,76.87,32.37,27.02,17.19,19.12,15,58.9,-0.146,60.95,24.56,59.1,-0.017,77.52,0.088,66.94,4.04,3.95,68.81,71.08,69.42,68.25,69.42,34.83,34.46,3.09,2.98,4.45,4,3.99,24.07,18.7,24.07,34.69,4.49,17.44,34.92,4.45,3.04,57.14,35.58,15.63,1.31,12,52,4.4,3.03,63.11,54.3,1.09,66.78,45.7,-0.47,-0.119,0.052,0.159,14.03,12.2,98,93,-0.158,62.5,55.17,0.469
Jason Kokrak,54.96,59.04,32.13,58.73,61.24,73.33,50,74,3.62,2.43,1.38,0.254,-0.206,-0.275,0.175,0.647,0.519,6.57,35.19,43.06,36.18,33.33,0.65,68.52,74.6,28.69,21.47,9.28,6.82,11.32,58.02,-0.12,43.48,30.14,50,0.057,78.48,0.205,67.5,3.98,4.04,70.68,70,69.75,70.45,70.91,34.55,36.17,3.06,3.03,4.69,4.01,4.01,20.57,24.73,20.57,35.57,4.7,16.5,34.75,4.69,3.04,41.27,35,15.13,0.3,1,39,4.68,3.04,65.06,42,2.59,68.74,58,1.38,0.09,0.143,0.333,13.57,18.56,89,78,0.2,57.14,56.76,0.28
Peter Malnati,48.13,53.74,34.74,54.09,64.86,100,48.08,63.27,3.72,2.44,1.29,-0.335,0.692,0.149,-0.574,-0.507,-0.98,8.36,45.56,51.85,45.87,43.25,0.51,61.11,65.66,33.4,22.67,15.63,16.44,14.55,47.24,-0.076,59.18,18.87,31,0.073,71.13,0.014,43.48,4.01,4.04,70.66,71.6,69.5,71.07,70.93,35.07,35.93,2.94,3.24,4.68,4.03,4.02,21.08,23.15,21.08,35.87,4.66,17.03,36,4.68,3.09,40.71,35.4,14.65,-0.14,4,43,4.7,3.08,62.14,55.5,1.09,66.24,44.5,1.23,-0.065,0,0.345,19.35,15.38,56,27,-0.133,64.42,46.51,0.449
Brendan Steele,56.38,61.79,28.6,60.81,58.45,100,54.72,49.38,3.88,2.35,1.46,0.443,-0.022,-0.04,0.312,0.192,0.464,6.93,37.18,42.06,38.47,37.61,0.63,69.58,73.09,30.94,23.8,14.29,14.75,13.73,53.27,-0.113,51.85,33.33,53.7,0.039,81.21,0.016,51.09,4.02,3.94,70.3,69.57,69.14,70,70.85,35.77,35.08,2.96,3.11,4.69,3.98,3.98,21.94,21.21,21.94,35,4.66,19.55,33.86,4.69,3.04,39.17,33.71,15.63,0.38,3,40,4.73,3.04,64.04,54.7,1.17,67.4,45.3,1.41,0.057,0.068,0.268,16.67,11.94,137,127,-0.1,65,54.17,0.556
Sebastian Cappelen,54.85,51.75,37.61,51.9,61.37,94.74,45.95,66.96,3.67,2.51,1.3,-0.293,0.257,-0.084,-0.77,0.304,-0.55,7.28,44.02,37.65,40.44,41.45,0.6,64.21,68,31.52,23.78,12.4,15.79,6.67,56.21,-0.105,44.23,19.23,38.5,0.244,75.88,0.118,54.76,4.02,4.01,70.32,70.88,72,70.08,70.69,35,35.69,3.07,3.12,4.67,4.02,4.02,21.06,22.41,21.06,35.58,4.72,17.66,35.44,4.67,3.09,41.89,34.63,12.14,-0.22,5,43,4.61,3.09,64.09,61.1,1.21,68.54,38.9,1.75,0.188,0.062,0.231,23.62,13.99,83,72,0,57.14,48.21,0.348
Jon Rahm,89.06,64.67,25.34,64.19,64.35,93.33,64,54.35,4.23,1.91,2.16,1.823,0.626,0.144,0.345,0.774,1.288,7,35.71,37.78,39.53,39.81,0.27,71.79,79.78,32.43,25.74,15.63,10.34,20,54.05,-0.184,59.42,20,66.7,-0.057,81.59,0.241,75,3.92,4.03,69.5,70.2,66.6,70,69.17,34.5,35.14,2.96,2.83,4.49,3.97,3.95,24.49,24.39,24.49,34.82,4.43,17.08,33.8,4.49,2.93,53.57,35.4,20.24,2.02,4,26,4.57,2.89,65.27,44.1,2.2,69.49,55.9,-0.77,-0.073,0.118,0.143,11.49,13.85,26,34,0,70,50,0.435
Billy Horschel,64.46,65.44,22.83,66.47,57.09,93.75,50,57.81,3.77,2.47,1.43,0.781,0.307,0.191,-0.142,0.42,0.515,7.04,43.16,36.36,39.6,35.65,0.49,68.2,69.96,30.03,21.66,14.08,14.63,13.33,51.17,-0.08,48.98,18.52,45.8,0.033,81.11,0.073,51.35,3.95,4.02,69.7,69.6,71.55,70,69.42,34.67,34.85,3.07,3.09,4.64,3.98,3.98,21.73,28.57,21.73,35.42,4.68,20.21,36.91,4.64,3.08,36.18,35.1,14.13,0.69,5,47,4.61,3.08,63.07,52.7,1.55,66.56,47.3,0.77,0,0.14,0,12.43,10.4,140,159,-0.063,55.26,45,0.422
Jamie Lovemark,43.07,50.71,38.08,51.15,60.9,100,60,47.92,3.15,3,1.02,0.049,0.236,0.143,0.094,-0.425,-0.187,7.15,40.48,37.04,39.72,41.27,0.7,63.06,68.42,26.87,19.83,14.94,14.52,16,55.8,-0.056,53.33,20,40,0,73.94,0.081,44.83,4.12,4.08,70.86,72.33,71.33,69.86,71.86,35.71,36.14,3.1,3.08,4.56,4.1,4.1,18.06,22.22,18.06,35.6,4.62,11.93,35,4.56,3.09,43.55,35.67,15,-0.07,2,20,4.5,3.09,62.19,67.5,1.08,65.72,32.5,-0.75,-0.1,0.029,0.133,26.54,11.54,93,87,-0.111,73.17,54.29,0.563
Adam Schenk,52.65,60.58,28.47,59.72,67.96,96.67,50,65.06,3.6,2.18,1.58,0.097,0.184,-0.053,-0.196,0.241,0.214,7.14,42.16,41.98,40.06,36.46,0.66,67.63,72.22,28.57,24.11,14.16,13.73,14.52,54.71,-0.132,55.56,19.4,43.8,-0.065,76.85,0.137,55.43,3.97,4.02,70.17,70.44,69.56,70.06,69.63,34.69,35.18,3.02,3,4.64,3.99,4,20.67,20.91,20.67,35.38,4.72,16.51,35.33,4.64,3.03,41.67,34.67,14.63,0.51,4,52,4.53,3.01,64.32,52.4,1.93,68.05,47.6,0.63,-0.032,0.117,0.25,13.89,14.58,10,4,-0.067,66.27,66.67,0.361
Charley Hoffman,56.21,57.24,29.4,56.14,52.7,91.67,50.63,44.12,4.21,2.56,1.37,0.12,-0.089,-0.07,0.227,0.037,0.278,7.07,42.06,39.58,39.79,37.61,0.51,67.31,73.78,34.23,24.86,18.18,22.06,11.9,58.61,-0.093,61.64,21.79,47.9,0.429,79.03,-0.103,61.76,4.07,3.99,70.63,71.57,70.75,70.31,70.92,35.31,35.71,3.09,3.13,4.58,4.03,4.03,23.98,21.43,23.98,35.34,4.61,19.81,34.88,4.58,3.1,48,35.57,14.55,0.1,6,43,4.55,3.12,63.42,64.4,0.09,67.56,35.6,2.86,0.333,-0.113,0.167,19.28,10.12,215,213,0,51.9,50,0.662
Beau Hossler,59.33,52.63,32.37,52.78,58.31,92.11,52.81,54.63,3.55,2.53,1.29,-0.261,0.646,-0.129,-0.56,-0.218,-0.907,7.26,38.52,37.96,40.36,41.85,0.21,65.3,69.21,29.84,21.19,12,16.05,7.25,58.12,-0.1,52,20,62.2,0.174,75.38,0.21,60.91,4.07,4.04,70.41,70.55,71.67,70.33,70.53,35.33,35.2,2.95,3.08,4.64,4.05,4.05,20.34,23.94,20.34,35.47,4.64,16.93,36.25,4.64,3.02,41.38,35.18,12.21,0.06,6,53,4.65,3.02,64.44,58.7,1.83,68.15,41.3,1.85,0.123,0.109,0.111,18.97,13.4,144,130,0.053,55.36,53.62,0.5
Phil Mickelson,56.41,55.06,35.02,51.61,60.43,85.71,55.88,60,3.9,2.45,1.44,-0.074,0.082,0.426,-0.528,-0.054,-0.156,7.38,41.67,37.78,41,43.89,0.24,64.18,65.97,33.13,22.22,16.44,20,15.09,50,-0.072,57.14,30.95,69.2,0.094,77.13,0.1,62.96,4.1,3.95,70.55,69.25,71.6,70.5,70.9,35.9,35,3.07,3.03,4.6,4.03,4.03,22.41,23.68,22.41,34.97,4.6,17.06,35.8,4.6,3.05,48.11,34.75,12.82,0.23,4,29,4.61,3.05,64.57,27.3,0.74,69.07,72.7,0.97,0.148,0.091,-0.308,10.14,24.88,99,92,0.143,65.12,57.89,0.467
Corey Conners,63.75,66.96,25.28,67.85,53.69,87.5,41.79,50,4,2.5,1.44,0.415,-0.527,-0.325,0.628,0.601,0.859,5.98,35.71,29.63,33.91,31.2,0.64,74.77,80.25,29.61,23.67,14.42,20.31,5,56.59,-0.097,48.15,21.74,45.8,0.125,84.43,0.078,67.35,4,4.02,70.14,68.89,70.44,71.15,69.85,34.46,35.36,3,3.08,4.59,4.01,3.99,22.22,26.27,22.22,35.52,4.65,17.93,35.44,4.59,3.04,45.45,33.78,15.34,0.69,5,48,4.52,3.03,64.11,59.6,1.48,67.89,40.4,2.36,0.13,0.074,0.25,15.08,10.2,209,206,0,50,41.67,0.521
Lanto Griffin,64.58,57.52,31.04,58.51,66.13,92.31,58.26,64.23,3.89,2.37,1.52,0.582,0.363,0.09,0.045,0.085,0.258,7.6,42.9,42.74,42.11,42.81,0.57,65.23,71.67,32.46,23.4,17.32,16.3,18.39,50.28,-0.111,59.84,23.02,44,0.023,78.94,0.033,65.38,3.99,4.04,70.41,69.85,69.77,69.88,70.76,35.12,35.78,3.06,3.04,4.52,4.02,4.01,22.22,21.92,22.22,35.22,4.48,16.07,34.62,4.52,3.07,53.96,34.62,12.66,0.76,7,62,4.56,3.05,63.37,51.7,0.66,66.95,48.3,1.09,-0.02,0,0.2,15.82,15.22,18,15,-0.077,62.04,63.16,0.39
Sam Ryder,53.67,59.69,29.96,60.11,61.09,91.67,46.58,59.46,3.82,2.44,1.37,0.003,-0.024,-0.095,0.187,-0.102,-0.026,7.15,39.51,39.51,39.88,41.5,0.56,66.37,71.3,30.69,23.28,17.12,22.73,8.62,52.72,-0.077,51.16,24.47,58.3,0.241,79.49,0.034,64.29,4.04,4.01,70.22,70.44,70.67,70.35,70.59,35.18,35.39,3.03,2.98,4.69,4.02,4.02,21.37,22.54,21.37,35.19,4.7,17.31,34.56,4.69,3.01,44.25,35.78,14.9,-0.01,4,56,4.68,3.02,63.73,58.5,1,67.35,41.5,2.35,0.098,0,0.222,18.32,11.64,64,82,-0.042,61.11,52.08,0.459
Jhonattan Vegas,60.85,62.14,30.19,61.32,56.04,93.75,39.68,52.63,3.85,2.97,1.27,0.039,-0.334,-0.166,-0.285,0.727,0.279,6.31,31.48,31.75,36.39,40.91,0.58,68.33,72.43,30.61,22.82,13.33,13.89,12.96,57.14,-0.07,58.18,31.82,47.1,0.222,78.41,0,69.44,4.02,4.02,70.36,69.57,71,71.18,70.27,35.55,34.83,3.09,3.18,4.52,4.02,4,21.6,19.05,21.6,35.33,4.5,15.97,36,4.52,3.11,52.24,34.14,10.42,0.2,5,40,4.55,3.15,64.35,39.5,0.21,67.91,60.5,2.22,0.196,-0.025,0.176,12.58,17.61,141,172,-0.063,65.63,37.5,0.447
Xander Schauffele,81.86,61.47,30.29,60,66.46,100,55.56,58.82,4.39,2.09,2.01,1.434,0.124,0.154,0.603,0.618,1.636,7.35,43.33,38.19,41.37,38.27,0.65,73.1,79.31,33.2,21.29,18.28,23.4,13.04,62.7,-0.1,55.26,21.59,63.6,0.043,87.29,-0.17,68.75,3.96,3.9,69.3,70,67.88,69.11,69.56,34.33,35.2,3.15,3.06,4.48,3.93,3.93,24.02,27.14,24.02,34.59,4.47,18.68,33.88,4.48,3.1,55.65,35.25,11.76,2.03,1,38,4.5,3.08,65.19,53.5,-1.18,69.22,46.5,0.51,0.038,-0.13,0.182,15.43,14.86,25,12,0,73.33,58.06,0.412
Keith Mitchell,51.54,60,25.95,62.6,56.67,81.25,52.17,55.41,3.73,2.93,1.14,-0.174,0.286,-0.61,-0.3,0.465,-0.404,7.24,36.11,46.53,40.53,39.74,0.69,64.27,70.56,31.3,24.17,11.34,11.43,11.29,46.19,-0.078,58.82,27.03,50,0.21,78.35,0.2,70.24,4.01,4.08,71.17,71.5,71.13,70.62,71.38,35.23,36.14,3.15,3.08,4.67,4.05,4.04,21.16,21.54,21.16,35.9,4.71,17,36.75,4.67,3.11,45.71,35.38,11.83,-0.08,3,44,4.63,3.12,65,38.5,1.64,68.69,61.5,2.5,0.222,0.128,0.192,9.92,16.03,173,170,0.063,51.55,52.63,0.486
Robby Shelton,53.88,62.75,27.33,63.57,54.46,84.85,50.67,46.6,3.71,2.75,1.2,-0.105,0.065,-0.343,0.133,0.039,-0.171,6.71,35.76,35.56,37.25,35.42,0.53,66.99,72.37,29.69,20.65,20,14.29,24.64,59.77,-0.07,48.78,21.95,61.3,0.072,73.66,0.214,62.07,4.05,4.04,71.18,70,71.7,71.19,71,35.69,35.31,3.02,3.14,4.69,4.04,4.04,20.92,23.49,20.92,35.67,4.7,18.07,36.2,4.69,3.08,39.16,34.67,13.73,-0.26,3,51,4.67,3.08,62.51,46.7,2.35,66.43,53.3,1.24,-0.027,0.265,0.161,13.18,14.15,203,198,0.091,55.45,50.91,0.583
Chez Reavie,56.47,69.85,21.52,70.6,60.22,83.33,50.7,56,3.39,2.47,1.26,-0.083,-0.412,0.338,0.211,-0.206,0.492,6.51,39.63,43.89,36.71,30.16,0.51,67.43,73.12,26.5,20.52,17.91,23.33,13.51,55.1,-0.083,66,25.93,65.2,0.297,73.97,0.067,44.32,4,4.03,70.53,72.56,69.9,71,70.36,35.07,35.27,3.07,3.08,4.71,4.02,4.02,19.39,22.76,19.39,35.64,4.67,17.1,35.2,4.71,3.08,40.7,36,7.94,-0.07,5,51,4.77,3.07,61.38,38.3,1.22,65.64,61.7,1.36,-0.022,0.108,0.304,9.71,11.81,96,94,-0.056,63.24,48.48,0.427
C.T. Pan,41.96,60.17,29.06,60.68,59.44,75,47.46,64.29,3.09,2.97,0.94,-1.133,-1.02,0.139,-0.002,-0.255,-0.324,6.23,39.81,29.17,35.62,31.31,0.8,66.99,68.78,24.15,15.81,11.48,13.04,10.53,54.55,0.014,45.45,17.07,50,0.184,74.58,0.348,46.15,4.09,4.14,71.33,71,71,72.27,71,35.18,35.83,3.1,3.05,4.64,4.11,4.09,16.48,13.64,16.48,36,4.67,10.94,35.75,4.64,3.08,43.52,35.25,9.68,-0.79,1,34,4.59,3.09,61.61,34.1,3.33,65.17,65.9,2.24,0.19,0.346,0.278,11.11,17.95,94,107,0,63.16,46.88,0.381
Grayson Murray,49.85,54.68,34.74,54.08,57.37,94.74,40.74,59.72,3.83,2.76,1.2,-0.506,-0.732,0.181,-0.396,0.441,0.226,6.97,40,32.22,38.7,39.51,0.62,63.6,69.91,32.42,25.72,16.36,19.12,11.9,52.72,-0.116,58.46,21.54,45.8,0.238,74.77,0.088,77.03,4.16,4.05,71,71.6,70.6,71.33,70.9,35.8,35.1,3.02,3.02,4.59,4.11,4.11,22.03,24.44,22.03,35.24,4.52,14.74,34.6,4.59,3.02,54.26,36.4,15.52,-0.48,4,29,4.68,3.02,65.36,60.1,0.56,68.81,39.9,3.73,0.214,-0.014,0.375,22.05,12.69,162,148,-0.053,55.74,37.84,0.472
Cameron Tringale,67.79,52.72,37.3,52.82,65,93.94,56.25,58,3.78,2.09,1.61,0.889,0.033,0.162,0.669,0.026,0.857,7.15,45.37,37.37,39.73,35.19,0.48,68.6,74.69,29.28,22.8,18.97,13.75,23.4,58.88,-0.1,55.56,25.93,31.4,-0.117,80.83,0.038,60.34,3.98,3.97,69.69,71.36,69.55,70.5,69,34.25,34.75,3.06,3.05,4.64,3.98,3.98,21.26,25.71,21.26,35.15,4.67,18.94,34.55,4.64,3.06,41.45,35.73,10.81,0.77,2,46,4.61,3.06,64,42.1,0.52,68.02,57.9,-0.91,-0.21,-0.025,0.2,16.13,21.17,29,23,-0.091,66.67,56.52,0.45
Kyle Stanley,47.21,69.96,23.54,66.14,58.46,73.91,52.54,51.79,3.72,2.46,1.37,-0.17,-0.302,-0.026,0.387,-0.187,0.121,6.43,37.7,31.48,36.32,36.75,0.62,70.66,73.95,28.63,21.6,14.63,5.66,31.03,52.83,-0.096,57.69,21.43,40.7,-0.034,80.78,0.264,50,4.02,4.02,70.48,70.2,71,70.62,70.46,35.08,35.36,3.13,3,4.66,4.02,4.01,20.72,17.78,20.72,35.27,4.68,16.92,35.33,4.66,3.06,46.09,35.8,10.14,0.01,2,39,4.63,3.05,61.45,63.4,3.85,65.29,36.6,2.22,-0.103,0.383,0.481,15.87,7.67,128,126,0.217,59.46,57.14,0.464
Brian Stuard,60.74,71.63,23.57,68.57,63.59,83.33,54.08,66.67,3.66,2.51,1.37,0.371,0.223,0.497,-0.071,-0.195,0.21,7.47,40.2,40.6,41.99,40.63,0.37,64.21,68.31,30.4,22.24,9.48,6.78,12.28,44.74,-0.096,59.65,9.68,48.6,0.07,73.29,0.169,42.24,3.99,4.02,70.36,69.42,70.15,70.5,70.56,35.19,35.29,3.02,3.03,4.66,4.01,4,20.57,19.31,20.57,35.19,4.63,15.78,35.08,4.66,3.02,42.55,34.42,17.03,0.19,3,61,4.7,3.02,60.73,52.9,1.65,64.26,47.1,1.11,0.092,0.164,0.057,11.96,11.61,36,45,0.067,62.28,58.57,0.333
Patrick Rodgers,60.76,51.33,37.98,51.93,58.66,100,52.87,56.58,3.84,2.34,1.47,0.646,0.78,0.056,-0.418,0.242,-0.088,7.11,41.81,34.81,39.8,40.12,0.29,66.67,72.22,31.67,24.16,13.88,14.4,13.33,54.52,-0.129,59.46,20.69,53.2,0.158,79.87,0.056,61.18,4,4.04,69.7,71.43,70.67,69.67,69.56,34.78,34.58,3.05,3.04,4.57,4.02,4.02,21.71,24.2,21.71,35.29,4.57,16.31,35.27,4.57,3.05,50.93,35.07,12.26,0.52,5,67,4.56,3.05,65.13,51.1,0.88,68.97,48.9,0.98,0.063,0.031,0.17,18.99,18.99,124,120,-0.061,55.71,50.85,0.461
Lucas Glover,58.93,66,23.2,67.68,55.33,76.47,48.19,52.63,3.96,2.79,1.26,0.087,-0.165,-0.356,0.214,0.36,0.126,6.65,37.7,38.27,38.53,37.61,0.72,68.32,72.96,31.72,22.6,15.79,13.64,18.75,53.92,-0.065,52.94,20.25,36,0.188,78.12,0.023,67.86,4,4.05,70.73,70.25,69.78,71.23,71.38,34.92,36.29,3.06,3.03,4.71,4.02,4.01,21.96,14.96,21.96,35.74,4.75,17.59,35.56,4.71,3.04,44.38,34.88,15.82,-0.03,4,47,4.66,3.05,63.25,61.6,1.88,67.37,38.4,1.63,0.125,0.058,0.4,14.36,8.84,146,189,0.118,46.3,53.19,0.526
Brandt Snedeker,63.56,60.05,31.3,59.83,62.57,100,54.72,50.91,4.1,2.17,1.77,0.64,0.5,0.706,-0.125,-0.392,0.316,7.17,38.89,39.68,40.5,42.36,0.28,66.13,72.22,31.17,24.62,20.59,19.61,21.57,55.63,-0.128,42.19,13.85,47.4,-0.059,78.37,-0.039,58.14,3.91,3.96,70.37,68.17,70.43,68.5,71.38,35.25,36.11,3.13,2.98,4.65,3.93,3.94,23.75,24.24,23.75,34.97,4.64,21.17,34.71,4.65,3.06,38.46,34.67,16.24,0.88,1,31,4.67,3.06,62.21,51.8,-0.14,66.55,48.2,-0.3,-0.094,-0.017,-0.053,16.62,14.68,50,57,-0.25,61.9,64.86,0.491
Zac Blair,53.53,62.17,29.8,61.6,63.87,96.3,57.43,61.19,3.71,2.5,1.3,-0.315,0.334,0.158,-0.47,-0.337,-0.649,7.75,42.01,39.44,43.06,45.83,0.54,63.03,66.2,31.24,20.55,16.42,11.69,22.81,53.09,-0.042,60.98,24.39,47.1,0.07,73.67,0.13,33.62,4.03,4.08,70.88,70.2,71.5,70.31,71.31,35.63,35.69,3.06,3.06,4.61,4.06,4.06,20.73,18.44,20.73,35.52,4.58,15.5,36.7,4.61,3.06,47.09,34.7,12.92,0.03,1,52,4.64,3.06,60.54,59.7,2.28,64.8,40.3,1.04,0.083,0.18,0.206,17.8,12,46,41,-0.074,64.36,57.83,0.44
Danny Willett,45.06,51.3,42.94,49.08,54.74,100,58.54,54.55,3.59,3.4,0.95,-0.086,0.065,-0.026,-0.022,-0.248,-0.205,7.65,42.86,38.89,43.43,42.59,0.9,61.11,65.87,31.82,20.61,18.97,11.54,25,51.47,0.008,52.94,20,54.5,-0.125,71.53,0.192,65.79,4.06,4.16,71.57,72.25,73.75,71.67,72,35.67,36.14,3.14,3.1,4.76,4.11,4.1,20.56,18.31,20.56,36.3,4.68,18.57,37,4.76,3.13,38.16,36.75,11.25,-0.76,1,22,4.84,3.13,63.22,50,2.37,66.71,50,-1.58,-0.211,0.281,-0.091,19.63,23.31,165,197,-0.167,53.57,57.89,0.515
Tom Hoge,55.6,62.83,28.69,62.75,65.57,95.24,48.65,64.55,3.85,2.3,1.51,0.934,0.306,-0.084,0.637,0.116,0.667,7.59,41.11,43.75,42.27,41.67,0.55,65.46,71.78,31.42,25.31,12.88,9.59,16.95,50.88,-0.117,55.38,27.14,51.5,0.034,74.68,0.151,51.75,3.96,3.99,70.13,70.5,69.25,71.21,69.5,34.71,34.93,3.02,3.02,4.73,3.97,3.98,21.72,24.53,21.72,35.14,4.64,20.17,34.13,4.73,3.02,36,35.13,14.69,0.89,2,46,4.83,3.02,61.93,59.5,0.82,65.71,40.5,1.2,0.051,0.059,0.121,16.93,11.75,17,18,-0.048,67.05,54.72,0.364
Luke Donald,52.25,59.14,25.49,60.13,57.14,85.71,31.82,53.33,3.55,2.83,1.19,0.379,0.285,0.468,0.351,-0.924,0.426,7.56,50,36.11,43.33,38.89,0.33,61.67,62.39,31.53,19.29,17.95,11.11,23.81,49.04,-0.064,46.15,6.25,61.5,-0.048,75.51,0.278,39.29,4.03,4.04,70.08,72,70.5,69.6,70.2,35.6,35,3.07,2.83,4.83,4.04,4.03,20.99,25,20.99,34.94,4.73,18.09,35.25,4.83,2.99,36.21,36.75,19.18,0.2,2,20,4.92,2.95,60.91,50.8,2.58,63.83,49.2,0,0,0.389,0,11.76,13.73,130,156,0.143,66.67,35.29,0.489
Brian Gay,56.12,57.23,30.87,55.81,58.86,87.5,40.45,62.26,3.92,2.53,1.37,-0.391,0.154,-0.02,-0.054,-0.467,-0.481,7.53,38.89,50.62,41.61,38.89,0.34,64.4,66.51,32.74,21.65,15.5,13.64,17.46,56.43,-0.082,58.33,16.98,55.8,0.206,76.66,0.212,35.09,3.98,4.02,70.74,71.75,69,71,70.67,35.53,35.19,3.05,3.04,4.74,4,4.01,22.34,26.56,22.34,35.53,4.8,21.44,35.22,4.74,3.05,35.37,35.75,14.29,0.26,3,49,4.68,3.04,61.94,55.1,2.83,66.44,44.9,1.63,0.145,0.26,0.14,16.28,14.59,152,115,0,60.4,41.79,0.434
Matt Wallace,50.56,56.79,36.2,53.99,56.03,100,63.89,55.56,3.55,3.13,0.95,-0.307,0.027,0.307,-0.941,0.325,-0.296,7.5,42.59,33.33,41.94,41.11,0.69,60.83,67.36,31.19,18.75,12.24,3.7,22.73,47.06,0.021,66.67,11.9,45.5,-0.091,76.23,0.259,58.33,4.09,4.11,72.17,70,72.33,75.4,70.6,34.6,35.5,3.05,3.22,4.83,4.1,4.09,19.79,20.37,19.79,36.13,4.64,18.02,36.67,4.83,3.14,45.31,35,7.81,-0.5,1,20,5.04,3.14,64.02,54.4,1.89,67.38,45.6,1.61,0.069,0.133,0.091,18.4,17.79,149,174,-0.167,42.86,68,0.481
Justin Rose,66.62,61.04,35.2,55.31,54.03,90,64.86,39.29,4.09,3.11,1.14,0.644,-0.023,0.253,0.212,0.124,0.2,7.44,45.24,40.74,42.68,36.11,0.44,62.37,68.63,36.59,21.05,19.67,22.22,17.65,42.31,-0.086,69.57,31.43,50,0.176,75.68,0.111,55.56,4.07,4.05,70.5,71.33,71,71.5,70.17,35.33,34.57,3.05,3.22,4.54,4.06,4.04,22.53,21.67,22.53,35.94,4.73,16.33,37.67,4.54,3.08,57.35,35.67,13.89,0.36,2,22,4.31,3.15,62.94,47.4,1.35,66,52.6,0.24,0.061,0.033,0.083,16.76,18.44,155,201,0.1,48.48,72.41,0.607
Louis Oosthuizen,70,62.32,28.47,60.58,53.64,88.89,44.44,61.29,3.4,2.72,1.2,-1.423,0.187,-0.73,-0.576,-0.363,-1.598,7.39,42.59,40.28,41.11,42.22,0.22,65.56,65.28,28.94,22.13,7.32,7.14,7.41,48.42,-0.123,22.22,15.38,53.8,0.333,79.74,0.286,29.17,4.03,3.96,70.58,70.75,70.25,70.6,69.6,34.4,35.33,3.09,3.14,4.77,3.99,4.01,20.37,18.87,20.37,35.33,4.77,19.39,35,4.77,3.12,39.66,34.75,11.84,0.14,2,20,4.77,3.08,63.05,42.3,1.82,66.29,57.7,3,0.32,0.071,0.231,10.22,18.25,197,207,0.111,38.1,53.85,0.419
Denny McCarthy,67.2,60.19,28.32,61.29,59.04,100,48.35,62.24,4.24,2.27,1.67,0.342,1.276,-0.125,-0.511,-0.224,-0.787,7.35,40.74,39.35,41.05,40.87,0.38,67.8,72.09,33.49,26.21,15.6,15.79,15.38,50,-0.138,55.29,19.54,40,0.185,80.14,0.053,55.74,3.95,4.04,69.97,69.67,69.08,69.57,70.36,34.64,35.73,2.92,3,4.62,4,4.01,24.25,17.97,24.25,35.21,4.59,19.43,35.25,4.62,2.95,45.24,35.58,20.67,0.67,3,54,4.65,2.95,62.06,50.5,1.9,65.79,49.5,2.91,0.267,0.12,0.275,14.87,13.44,118,113,-0.125,57.66,48.48,0.306
Ryan Moore,56.8,68.24,26.07,63.21,61.67,92.31,59.26,60.61,3.81,2.53,1.46,0.346,-0.014,0.016,0.131,0.258,0.485,7.33,41.11,45.37,40.8,36.42,0.43,67.01,71.21,30.13,22.69,16.39,11.54,20,54.14,-0.1,40,8.33,54.2,0.029,75.62,0.115,53.03,3.98,3.97,69.9,70.5,71.17,69.67,70.22,35.11,35.3,3.03,3.12,4.73,3.97,3.97,21.3,16.22,21.3,35.4,4.67,19.75,36.83,4.73,3.07,36.11,35.33,13.71,0.42,1,32,4.8,3.06,61.94,43.8,0.95,65.8,56.3,1.48,0.045,0.172,0.083,10.36,15.71,80,68,-0.077,57.14,58.62,0.394
Danny Lee,60.79,58.75,29.49,56.67,63.39,100,58.75,59.7,4.02,2.5,1.44,-0.117,-0.38,-0.227,0.185,0.375,0.374,7.31,40.48,34.57,40.7,43.06,0.67,66.67,69.79,32.3,23.32,16.04,15.56,16.39,56.05,-0.079,49.28,16.25,48.6,0.082,78.27,0.133,69.51,3.96,4.06,69.54,70.5,70.67,69,70.31,34.62,35.64,2.98,3.02,4.65,4.01,4.01,22.49,20.37,22.49,35.52,4.65,17.62,36,4.65,3.01,45.07,34.25,18.6,0.58,4,46,4.64,3.01,64.99,46.6,2.5,68.65,53.4,1.15,0.095,0.173,0.171,13.33,16.15,60,47,0,59.34,62.79,0.388
Kyoung-Hoon Lee,47.78,65.52,27.52,61.74,63.49,91.18,54.55,57.69,3.6,2.46,1.31,-0.137,-0.193,0.112,-0.223,0.219,0.159,7.3,39.81,43.06,40.28,36.93,0.58,64.64,66.34,29.14,18.47,17.54,15.87,19.61,50.21,-0.048,47.14,13.7,35.3,0.059,74.73,0.079,65.96,4.04,4.06,70.81,71.13,70.38,70.47,71,35.53,35.5,3.07,3.07,4.61,4.05,4.05,20.33,24.24,20.33,35.54,4.65,16.11,36.13,4.61,3.08,44.58,36.13,11.5,0.05,1,52,4.57,3.06,62.82,53,1.25,66.17,47,1.79,0.105,0.076,0.206,14.77,12.75,64,46,-0.059,66.96,53.42,0.474
Richy Werenski,58.33,57.76,35.11,54.55,59.36,95.83,40.32,60.87,3.7,2.57,1.35,0.405,0.743,0.094,-0.286,-0.146,-0.338,7.27,39.51,38.1,40.37,44.44,0.37,65.37,70.77,29.26,20.91,17.17,17.07,17.24,54.24,-0.098,47.22,2.78,50,0.017,72.31,0.098,47.06,4.03,3.99,70.05,70.8,71.57,69.33,70.22,35.56,34.67,2.93,2.88,4.82,4.01,4.01,20.74,23.08,20.74,35.37,4.92,17.96,36.14,4.82,2.91,31.25,35.2,19.83,0.41,1,30,4.7,2.91,61.81,43,1.48,65.46,57,1.98,0.117,0.019,0.393,16.3,18.81,114,110,-0.125,58.7,39.58,0.391
Bud Cauley,58.77,59.42,29.52,58.3,67.05,80,65.38,67.31,3.34,2.1,1.52,0.75,0.129,0.373,0.486,-0.207,0.654,7.26,32.48,43.83,40.15,41.67,0.31,66.04,69.78,27.31,20,13.91,8,19.74,52.3,-0.118,57.75,15.28,52.2,0.039,77.65,0.187,50,4.01,4.04,70.15,70.11,69.78,69.92,70.25,35.33,35,3,2.95,4.6,4.03,4.02,19.05,16.3,19.05,35.19,4.61,13.97,35,4.6,2.98,43.38,34.78,13.1,0.93,4,44,4.59,2.97,62.04,55,1.64,65.61,45,0.6,0.027,0.129,0.109,15.68,13.84,13,9,0.1,66.67,63.93,0.317
Jason Day,50,56.52,36.96,52.9,61.81,87.5,61.54,50,3.64,2.48,1.38,0.296,-0.254,1.032,-0.401,0.054,0.65,7.26,40.74,44.44,40,38.1,0.57,64.89,68.06,29.9,23.73,8.33,4.35,12,45.39,-0.068,59.09,13.79,66.7,0,80.68,0.261,58.82,4.08,4.08,70.33,70.75,70,70.71,70.13,35.38,34.89,3.04,2.93,4.54,4.08,4.07,21.26,15.52,21.26,35.17,4.49,13.08,35.75,4.54,2.99,50,35,17.53,0.66,4,25,4.59,2.98,62.44,49.2,1.94,66.24,50.8,-0.63,-0.071,0.261,-0.111,16.67,20.29,74,65,0,73.33,62.5,0.528
Si Woo Kim,41.27,55.23,32.31,54.6,58.24,92.86,51.16,56.34,3.36,2.88,1.04,-0.72,-0.232,0.29,-0.569,-0.273,-0.603,7.18,38.52,39.68,39.81,45.3,0.5,62.04,66.07,28.63,21.12,12.93,15.25,10.53,46.43,-0.05,45.31,14.49,35.5,0.07,73.27,0.186,59.52,4.05,4,71.7,70.67,72.29,70.08,73.14,36.43,36.73,3,3.25,4.91,4.02,4.02,18.89,16.13,18.89,36.1,4.86,16.86,36.14,4.91,3.12,34.29,35.17,12.12,-1.08,1,42,4.97,3.11,64.02,50.3,2.44,68.28,49.7,1.3,0.053,0.136,0.226,16.43,15.88,134,131,-0.071,58.76,50,0.521
Zach Johnson,52.58,62.45,28.95,63.4,64.25,93.33,57.89,60.29,3.46,1.97,1.47,0.062,0.284,-0.161,0.069,-0.126,-0.12,7.11,39.35,40.97,39.6,39.39,0.38,66.81,70.31,27.72,21.59,8.65,6.12,10.91,50.77,-0.094,62.22,22.92,29.6,0.145,78.33,0.163,47.56,4.02,4,69.84,71.14,70.88,70.64,68.73,34.64,34.08,3.04,3.03,4.68,4.01,4.01,19.67,17.07,19.67,35.03,4.65,16.02,34.75,4.68,3.04,41.96,35.86,12.84,0.3,0,39,4.71,3.03,61.65,48.3,2.6,64.88,51.7,1.79,0.091,0.164,0.444,13.16,15.79,32,36,-0.067,63.33,62.5,0.485
Kevin Tway,45,48.48,37.54,48.87,55.56,100,45.76,52,3.42,3.19,1.03,-0.501,-0.335,0.294,0.114,-0.514,-0.126,7.08,35.04,35.19,39.33,45.83,0.53,62.43,67.33,29.58,18.7,16.36,16.67,16,50,-0.019,54,28.3,41.9,0.12,77.31,-0.017,58.57,4.07,4.03,71.62,69.83,70.5,72.08,71.25,36,35.23,3.24,2.92,4.73,4.05,4.05,19.29,20.87,19.29,35.22,4.67,15.45,34.67,4.73,3.08,40.32,35.5,12.16,-0.39,2,38,4.81,3.09,64.38,57.1,0.45,67.77,42.9,1.67,0.077,-0.031,0.258,20.71,16.83,191,184,0,60,41.38,0.42
Kevin Kisner,60.31,67.89,22.44,69.87,63.11,81.82,56.45,66.67,3.44,2.36,1.34,0.308,0.16,0.121,-0.09,0.154,0.226,7.08,39.81,40.74,39.97,44.44,0.38,64.91,71.06,27.82,18.21,17.39,20.69,15,53.41,-0.046,52.27,20.41,68.4,0.025,72.9,-0.138,59.09,4.02,4,70.69,72.63,67.89,69.91,71.91,36.18,35.58,2.99,3.11,4.71,4.01,4.01,19.66,16.33,19.66,35.64,4.77,14.32,34.22,4.71,3.05,40.91,35.13,17.2,0.1,2,41,4.63,3.04,61.7,37.4,-0.88,65.63,62.6,1.05,-0.048,-0.179,0.316,8.97,13.46,41,52,0,66.67,57.5,0.333
Lucas Bjerregaard,37.07,44.12,35.76,44.24,50.44,100,48.28,46.51,3.65,3.18,1.02,-1.097,-0.017,-0.19,-0.48,-0.409,-1.08,7.06,39.68,38.89,39.22,38.1,0.41,63.07,68.98,31.77,20.3,14.81,17.24,12,57.14,-0.023,51.85,25.93,70,0.08,72.38,0.034,50,4.07,4.17,72.07,72,68,71.57,73.43,36.29,37.14,2.97,3.09,4.73,4.12,4.12,20.59,21.31,20.59,36.53,4.78,16.29,34.5,4.73,3.03,43.33,40,11.76,-1.01,1,17,4.68,3.03,64.69,48.9,0.7,68.98,51.1,3.33,0.038,-0.061,0.3,20,15.76,223,221,-0.091,42.11,47.62,0.605
Matthew Fitzpatrick,74.55,65.01,27.38,64.68,57.71,83.33,50.94,52.38,3.63,2.75,1.18,0.886,0.581,0.055,0.221,0.204,0.269,7.04,39.58,34.92,40.28,42.06,0.36,66.15,72.47,30.18,18.33,22.41,12.5,29.41,48.59,-0.042,61.54,18.75,37.5,0.029,73.47,0.167,53.57,4.02,4.06,69.71,71.86,70.43,70.29,70.43,34.86,35.13,3.16,3.07,4.62,4.04,4.02,19.44,19.48,19.44,35.79,4.72,14.92,35.14,4.62,3.11,49.04,34.71,11.11,0.5,3,32,4.49,3.12,62.16,38.6,0.94,65.87,61.4,0.39,0,0,0.125,10.32,17.06,136,142,0.083,60.42,56,0.476
Scott Brown,44.71,68.1,24.42,68.63,60.44,82.35,45.78,61.54,3.26,2.77,1.08,-0.29,-0.082,0.042,-0.53,0.258,-0.22,7.02,37.58,40.12,39.11,42.36,0.56,62.89,67.28,27.84,20.22,10.91,14,8.33,46.26,-0.058,60.32,17.65,52.2,0.3,73.52,0.14,52.88,4.1,4.08,71.25,72,70.44,70.56,72.19,36.13,36.12,3.12,2.99,4.65,4.09,4.1,18.52,17.86,18.52,35.6,4.68,14.37,35.44,4.65,3.05,41.98,35.86,11.4,-0.43,3,50,4.61,3.06,61.48,49,2.5,65.2,51,1.73,0.179,0.2,0.174,12.63,11.79,91,91,0.088,61.82,48.44,0.462
Xinjun Zhang,60.29,59.47,30.7,58.82,55.82,96.15,48.98,53.57,4.25,2.82,1.36,0.259,-0.108,0.13,0.277,-0.041,0.367,6.95,40.52,38.89,38.6,38.89,0.68,67.35,72.51,32.22,25.2,16.46,16.67,16.22,54.18,-0.087,63.1,21.43,47.1,0.108,80.38,0.179,56.92,4.02,3.99,70.72,70.91,69.5,71.65,70.18,35.65,34.53,3.07,3.05,4.67,4.01,4.01,23.78,21.64,23.78,35.25,4.66,19.7,34.83,4.67,3.06,44.95,35.45,16.16,0.33,2,57,4.68,3.06,62.78,59,1.91,66.72,41,0.77,0.042,0.158,0.088,17.46,13.24,183,176,-0.231,58.42,45.83,0.446
Mackenzie Hughes,42.25,56.69,29.64,57.06,57.27,100,52.31,56.67,3.63,2.56,1.17,-0.535,0.09,0.526,-0.459,-0.526,-0.477,6.91,42.46,40,39.33,35.47,0.44,63.6,68.15,29.66,23.15,7.55,8,7.14,46.86,-0.099,60,24.53,36.7,0.25,79.48,0.32,54.05,4.05,4.11,71,71.33,69.6,71.85,71,35.08,35.64,3.06,3,4.7,4.08,4.07,19.61,19.15,19.61,35.68,4.66,14.56,34.6,4.7,3.03,42.24,36.33,16.06,-0.51,0,38,4.75,3.04,63.05,48.7,3.11,66.19,51.3,2.31,0.091,0.192,0.3,14.4,15.24,161,152,-0.1,55.41,54.55,0.5
Matt Every,42.04,56.6,30.17,57.26,48.13,84.62,35.19,50,4.13,3.2,1.1,-1.534,-0.917,-0.164,-0.066,-0.378,-0.573,6.87,33.33,43.06,37.5,43.89,0.87,65.8,70.83,33.33,23.49,20.54,23.81,16.33,50,-0.029,51.72,20.97,58.3,0.245,79.75,0,58.14,3.98,4.1,71.77,74.75,68.25,72,72,35.75,36.31,3.26,3.22,4.74,4.04,4.05,23.52,25.23,23.52,36.23,4.67,21.45,34.5,4.74,3.24,41.67,36.25,14.05,-0.91,1,32,4.82,3.25,63.12,52.7,1.14,67.25,47.3,2.54,0.255,-0.053,0.167,15.92,14.25,225,225,0.077,46.38,36.84,0.515
Hudson Swafford,57.83,55.44,28.5,58.03,61.36,100,54.84,46.67,3.62,2.24,1.43,0.653,0.242,0.278,0.181,-0.049,0.411,6.86,42.59,32.22,38.1,43.52,0.29,65.08,73.81,29.39,20.34,20,26.92,13.79,57.25,-0.068,60.87,52.17,66.7,0.034,72.39,0.115,55.88,3.99,4.03,69.15,72,71.2,68.5,69.17,34.5,34.67,3.05,3.07,4.59,4.01,4.01,20.37,28.3,20.37,35,4.48,19.07,35,4.59,3.06,41.38,35.5,9.52,0.33,1,21,4.69,3.06,63.51,49.4,-0.5,65.56,50.6,0.98,0,-0.107,0.111,14.51,13.99,84,73,-0.182,70,56,0.622
Branden Grace,61.21,54.27,42.8,47.35,58,78.57,54.72,60.42,3.77,2.67,1.32,0.213,-0.059,0.233,0.429,-0.392,0.56,6.81,38.33,41.11,39.61,37.04,0.7,68.64,74.15,30.29,24.14,19.23,23.33,13.64,57.23,-0.138,54.55,15.38,68.4,0.25,79.41,-0.017,59.62,4.03,3.99,70.1,71.25,69.8,70.22,70,35,35.2,3.03,2.96,4.71,4.01,3.99,20.58,25.35,20.58,35.19,4.71,17.63,35.4,4.71,3.02,37.23,35.75,14.68,0,1,31,4.7,3,65.05,60.8,-0.25,68.93,39.2,2.35,0.209,-0.014,0.053,26.52,16.29,112,137,0.214,44.74,51.43,0.396
Russell Knox,55.62,61.57,25.31,60.49,64.34,100,56.76,62.5,3.73,2.14,1.61,0.37,-0.09,-0.027,0.635,-0.202,0.535,6.76,34.38,37.78,37.8,37.04,0.49,70.48,74.32,28.64,22.47,9.09,9.46,8.51,53.21,-0.104,54.69,29.23,57.1,0.149,85,0.095,51.92,3.93,4.03,70.29,69.78,68.9,69.47,70.8,35.13,35.69,3.05,3.01,4.62,3.98,3.98,20.86,24.07,20.86,35.2,4.61,17.45,34.5,4.62,3.04,43.04,34.33,12.18,0.62,1,51,4.63,3.04,63.37,63.7,1.98,66.94,36.3,0.72,0,0.169,0.163,15.84,9.47,30,35,-0.05,60.4,61.4,0.375
Sergio Garcia,69.45,61.39,32.61,59.42,57.81,85.71,52.38,58.33,3.96,2.64,1.18,0.952,-0.729,0.115,0.442,0.983,0.966,6.68,33.33,40,38.68,34.26,0.64,67.31,75,31.43,15.38,19.05,15.79,21.74,55.17,-0.009,52.94,27.66,71.4,0,79.79,0.053,75,4,4.03,70.29,71,71,70.17,71.33,35.5,35.71,3.16,3.14,4.69,4.01,3.98,19.44,22.03,19.44,35.73,4.69,15.95,36.8,4.69,3.11,48.81,35.6,8.7,-0.24,1,26,4.7,3.15,67.63,50,0.42,72.02,50,-0.42,-0.12,0.05,0,14.49,18.12,101,140,0.429,66.67,66.67,0.458
Bo Hoag,58.07,62.71,26.98,61.88,59.76,90.91,43.28,58.62,3.51,2.43,1.44,-0.264,0.025,-0.061,-0.011,-0.217,-0.289,6.6,36.9,37.78,36.64,37.7,0.38,70.92,75.86,27.55,18.86,14.85,13.73,16,58.78,-0.044,56.86,13.73,40,0.04,78.88,0.059,47.78,4.01,4.04,69.97,71.11,69.7,69.5,70.64,35.14,35.5,2.97,2.97,4.64,4.02,4.02,19.98,26.36,19.98,35.19,4.64,14.91,35.8,4.64,2.97,40.91,36.67,16.4,0.21,4,47,4.64,2.97,62.42,52.3,0.89,66.33,47.7,1.25,0.057,-0.018,0.267,13.86,13.12,107,101,0.045,64.84,36.96,0.425
Bo Van Pelt,32.58,55.37,35.59,52.25,49.73,87.5,25,53.97,3.03,3.18,0.81,-2.675,-0.69,-0.133,-1.064,-0.804,-2.113,6.5,34.72,34.72,35.74,38.38,0.86,63.33,63.27,25.81,20.1,13.89,12.5,15.63,51.67,0.045,51.61,6.06,25,0.125,73.46,0.3,55.77,4.21,4.18,73.12,71.5,72.75,72.82,73.64,36.82,36.75,3.1,3.16,4.73,4.2,4.2,17.46,22.45,17.46,36.5,4.69,12.2,36.25,4.73,3.13,36.27,36,14.16,-2.29,0,30,4.77,3.12,62.22,50.5,3.4,65.98,49.5,3.46,0.114,0.227,0.583,19.82,15.77,224,223,0.125,48.61,27.27,0.54
D.J. Trahan,59.46,65.76,26.4,64.6,58.03,87.5,43.33,57.14,3.97,2.38,1.51,0.203,-0.38,-0.077,0.394,0.267,0.584,6.46,32.32,36.81,35.89,40.4,0.59,71.02,79.47,29.81,19.87,21.52,12.5,27.66,62.15,-0.054,57.78,20,50,-0.106,80,0.031,62.12,3.98,4,70.21,70.71,69.75,69.09,70.91,35.27,35.64,3.01,3.09,4.63,3.99,3.99,22.37,25.81,22.37,35.22,4.61,18.3,35,4.63,3.05,46.61,35.14,14.09,0.42,2,37,4.64,3.05,62.96,45.1,1.18,66.27,54.9,-0.32,-0.174,0.051,0.214,12.11,14.29,150,136,0.125,57.14,46.34,0.455
Ryan Armour,47.04,74.06,19.94,75.39,56.04,81.82,44.44,55.29,3.78,3.03,1.21,-0.709,-0.895,0.325,-0.061,0.052,0.522,6.36,38.1,37.04,36.39,32.48,0.72,66.94,70.58,29.73,20.36,13.11,9.68,16.67,46.83,-0.057,58.14,20.83,27.3,0.167,75.33,0.258,54.41,3.99,4.07,71.1,69.5,69.67,71.62,70.46,34.85,35.64,3.05,3.08,4.66,4.03,4.03,21.45,20.75,21.45,35.64,4.69,18.41,35.5,4.66,3.07,42.74,35,13.1,-0.24,1,40,4.63,3.07,60.8,48.1,3.51,64.37,51.9,2,0.121,0.29,0.182,9.66,10.28,175,172,0.182,59.42,43.9,0.412
Russell Henley,52.5,64.29,27.68,63.01,62.16,95.45,43.48,60.32,3.32,1.89,1.47,0.374,-0.102,0.195,0.551,-0.206,0.6,6.31,38.43,34.13,35.74,33.84,0.37,70.27,76.04,25.22,19.15,18.27,14,22.22,58.99,-0.085,42,17.31,63,0.037,78.53,0.02,45.45,3.98,4,70.12,71.67,69.71,70.64,69.55,35.09,34.42,3.08,3.04,4.71,3.99,4,18.89,13.51,18.89,35.31,4.7,17.97,34.71,4.71,3.05,33.93,35.67,11.43,0.15,4,37,4.71,3.07,61.66,54.7,1.1,65.29,45.3,0,-0.13,0.048,0.185,14.8,12.89,70,60,-0.045,62.5,50,0.413
Shane Lowry,54.11,61.59,30.94,62.59,63.16,75,61.9,70.37,3.15,2,1.33,0.074,-0.471,0.112,0.048,0.457,0.846,6.28,32.41,36.11,35.56,34.44,0.72,69.72,72.22,24.4,20.16,8.57,12.5,7.41,56.12,-0.065,41.67,15.38,87.5,0.111,81.33,-0.125,66.67,4,4.03,70.67,68.75,70.75,70.4,71,34.6,36.17,3.09,3.17,4.6,4.02,4.01,18.52,23.81,18.52,35.61,4.67,13.78,35.25,4.6,3.12,46.55,33.5,10.53,0.42,1,20,4.5,3.14,63.69,24.4,0,66.72,75.6,0.88,0.063,0,0.125,7.91,23.02,27,51,0.25,60,55.56,0.333
Will Gordon,58.17,52.86,34.53,52.52,58.18,100,54.17,43.59,3.7,2.8,1.31,-0.618,-0.265,-0.457,-0.397,0.501,-0.353,6.2,35.19,33.33,34.44,35.19,0.7,69.44,76.67,28.92,18.8,15.91,9.52,21.74,59.09,-0.077,47.62,33.33,50,0.13,79.73,0.19,60,4,4.05,71.08,69,69.75,70,72.17,35.5,36.67,3.03,3.03,4.62,4.02,4.02,21.39,26.32,21.39,35.1,4.52,16.82,35.25,4.62,3.03,42.42,35.25,16.25,0.15,3,20,4.71,3.03,64.59,48.4,0.65,67.76,51.6,3.03,0.24,0.043,0.143,16.55,17.99,147,134,-0.154,59.09,58.33,0.564
Aaron Wise,48,59.87,30.94,57.91,56.69,72.73,51.16,59.38,3.82,2.84,1.28,-0.618,-0.779,-0.113,0.109,0.115,0.134,6.1,37.04,24.44,33.67,31.31,1,71.89,75.76,28.24,21.65,7.89,6.12,11.11,59.77,-0.043,50,12.28,57.1,0.185,80.31,0.245,68.33,3.99,4.12,70.38,70.25,71.4,70.55,69.91,34.36,35.58,3.06,3.02,4.54,4.05,4.06,22.04,29.55,22.04,35.58,4.56,16.72,35.2,4.54,3.04,46.15,34.75,16.8,0.27,3,33,4.52,3.04,63.56,65.5,2.22,67.01,34.5,0.53,0,0.182,-0.095,19.78,11.15,179,168,0.091,53.7,50,0.391
J.J. Henry,35.38,63.82,29.17,60.12,54.84,87.5,27.78,68.75,2.81,3.19,0.85,-1.634,-0.188,-0.326,-0.563,-0.556,-1.445,5.9,32.64,35.19,32.8,34.03,0.76,67.2,69.44,21.83,16.35,12.5,8.7,16,42.45,-0.019,33.33,11.11,38.5,0.08,81.28,0.478,23.68,4.13,4.03,71.88,74,72,71.88,72,36.75,35.25,3.14,3,4.89,4.08,4.08,16.14,17.19,16.14,35.57,4.79,14.48,36,4.89,3.07,26.39,37,11.76,-1.49,2,21,5,3.07,60.44,40.3,4.44,64.9,59.7,2.5,0.143,0.333,0.308,12.5,16.67,197,195,0.125,47.37,33.33,0.292
