SG: Putting-ROUNDS,SG: Putting-AVERAGE,SG: Putting-TOTAL SG:PUTTING,SG: Putting-MEASURED ROUNDS,SG: Approach the Green-ROUNDS,SG: Approach the Green-AVERAGE,SG: Approach the Green-TOTAL SG:APP,SG: Approach the Green-MEASURED ROUNDS,SG: Total-ROUNDS,SG: Total-AVERAGE,SG: Total-TOTAL SG:T,SG: Total-TOTAL SG:T2G,SG: Total-TOTAL SG:P,SG: Total-MEASURED ROUNDS,SG: Tee-to-Green-ROUNDS,SG: Tee-to-Green-AVERAGE,SG: Tee-to-Green-SG:OTT,SG: Tee-to-Green-SG:APR,SG: Tee-to-Green-SG:ARG,SG: Tee-to-Green-MEASURED ROUNDS,SG: Off-the-Tee-ROUNDS,SG: Off-the-Tee-AVERAGE,SG: Off-the-Tee-TOTAL SG:OTT,SG: Off-the-Tee-MEASURED ROUNDS,SG: Around-the-Green-ROUNDS,SG: Around-the-Green-AVERAGE,SG: Around-the-Green-TOTAL SG:ARG,SG: Around-the-Green-MEASURED ROUNDS,Name
34,.959,17.266,18,34,-.525,-9.443,18,34,-.617,-11.107,-28.371,17.266,18,34,-1.576,-.123,-.525,-.929,18,34,-.123,-2.205,18,34,-.929,-16.724,18,Kristoffer Ventura
55,1.259,54.157,43,55,-.507,-21.780,43,55,.370,15.904,-38.251,54.157,43,55,-.890,-.207,-.507,-.176,43,55,-.207,-8.908,43,55,-.176,-7.565,43,Denny McCarthy
26,.750,17.242,23,26,-.472,-10.863,23,26,.154,3.534,-13.706,17.242,23,26,-.596,-.202,-.472,.079,23,26,-.202,-4.656,23,26,.079,1.812,23,John Huh
26,.695,17.385,25,26,.937,23.432,25,26,1.883,47.085,29.702,17.385,25,26,1.188,.003,.937,.248,25,26,.003,.069,25,26,.248,6.197,25,Webb Simpson
40,.961,29.798,31,40,.288,8.941,31,40,1.687,52.302,22.505,29.798,31,40,.726,.121,.288,.317,31,40,.121,3.741,31,40,.317,9.821,31,Patrick Reed
34,.978,19.562,20,34,-.156,-3.115,20,34,-.251,-5.029,-24.589,19.562,20,34,-1.229,-.912,-.156,-.162,20,34,-.912,-18.235,20,34,-.162,-3.241,20,Andrew Putnam
19,.288,2.880,10,19,.012,.124,10,19,-.494,-4.941,-7.822,2.880,10,19,-.782,-.484,.012,-.310,10,19,-.484,-4.845,10,19,-.310,-3.100,10,Johnson Wagner
58,.559,22.372,40,58,-.110,-4.398,40,58,.744,29.750,7.379,22.372,40,58,.184,.214,-.110,.081,40,58,.214,8.541,40,58,.081,3.236,40,Maverick McNealy
19,.388,4.264,11,19,-.329,-3.616,11,19,-.431,-4.737,-9.002,4.264,11,19,-.818,-.840,-.329,.351,11,19,-.840,-9.242,11,19,.351,3.858,11,K.J. Choi
48,.840,30.241,36,48,.368,13.235,36,48,1.104,39.741,9.503,30.241,36,48,.264,-.345,.368,.241,36,48,-.345,-12.403,36,48,.241,8.668,36,Kevin Na
34,.551,14.870,27,34,-.119,-3.224,27,34,.393,10.615,-4.255,14.870,27,34,-.158,-.123,-.119,.085,27,34,-.123,-3.320,27,34,.085,2.288,27,Richy Werenski
56,.750,30.765,41,56,-.252,-10.339,41,56,.921,37.748,6.984,30.765,41,56,.170,.151,-.252,.271,41,56,.151,6.191,41,56,.271,11.130,41,J.T. Poston
38,.557,21.155,38,38,.486,18.462,38,38,2.126,80.776,59.623,21.155,38,38,1.569,1.055,.486,.029,38,38,1.055,40.073,38,38,.029,1.084,38,Bryson DeChambeau
46,.422,13.927,33,46,-.477,-15.748,33,46,-.533,-17.584,-31.508,13.927,33,46,-.955,-.195,-.477,-.283,33,46,-.195,-6.439,33,46,-.283,-9.323,33,Troy Merritt
22,.264,2.904,11,22,-.167,-1.836,11,22,.051,.556,-2.349,2.904,11,22,-.214,-.345,-.167,.298,11,22,-.345,-3.794,11,22,.298,3.282,11,Seamus Power
32,.016,.323,20,32,.219,4.377,20,32,-.706,-14.117,-14.439,.323,20,32,-.722,-.329,.219,-.612,20,32,-.329,-6.575,20,32,-.612,-12.242,20,Michael Gellerman
32,.427,8.549,20,32,-.176,-3.524,20,32,-.922,-18.432,-26.981,8.549,20,32,-1.349,-.918,-.176,-.255,20,32,-.918,-18.365,20,32,-.255,-5.091,20,Dominic Bozzelli
20,1.086,13.033,12,20,1.194,14.333,12,20,3.034,36.402,23.369,13.033,12,20,1.947,.400,1.194,.353,12,20,.400,4.795,12,20,.353,4.240,12,Tyrrell Hatton
40,.392,12.146,31,40,.798,24.751,31,40,1.025,31.783,19.638,12.146,31,40,.633,.033,.798,-.198,31,40,.033,1.008,31,40,-.198,-6.124,31,Gary Woodland
41,.354,11.680,33,41,.009,.287,33,41,.366,12.084,.405,11.680,33,41,.012,-.108,.009,.112,33,41,-.108,-3.574,33,41,.112,3.692,33,Bronson Burgoon
34,-.139,-3.336,24,34,.056,1.356,24,34,-.654,-15.707,-12.370,-3.336,24,34,-.515,-.388,.056,-.183,24,34,-.388,-9.322,24,34,-.183,-4.403,24,"Ted Potter, Jr."
45,.517,18.091,35,45,-.576,-20.157,35,45,-.589,-20.631,-38.720,18.091,35,45,-1.106,-.586,-.576,.055,35,45,-.586,-20.505,35,45,.055,1.940,35,Peter Malnati
46,.430,13.744,32,46,-.358,-11.442,32,46,-.151,-4.818,-18.561,13.744,32,46,-.580,.405,-.358,-.627,32,46,.405,12.945,32,46,-.627,-20.066,32,Keith Mitchell
25,.009,.113,12,25,-.699,-8.388,12,25,-2.182,-26.182,-26.295,.113,12,25,-2.191,-.893,-.699,-.599,12,25,-.893,-10.717,12,25,-.599,-7.189,12,John Senden
24,.149,2.084,14,24,-.084,-1.177,14,24,.365,5.115,3.031,2.084,14,24,.217,.431,-.084,-.130,14,24,.431,6.031,14,24,-.130,-1.822,14,Will Gordon
30,.564,11.288,20,30,.162,3.233,20,30,.885,17.704,6.416,11.288,20,30,.321,-.121,.162,.280,20,30,-.121,-2.421,20,30,.280,5.602,20,Ian Poulter
24,.638,12.118,19,24,-.334,-6.351,19,24,.486,9.240,-2.878,12.118,19,24,-.151,.197,-.334,-.014,19,24,.197,3.749,19,24,-.014,-.275,19,J.B. Holmes
56,.310,13.955,45,56,-.085,-3.829,45,56,.224,10.102,-3.852,13.955,45,56,-.086,.007,-.085,-.007,45,56,.007,.309,45,56,-.007,-.332,45,Brendon Todd
43,.552,19.304,35,43,-.506,-17.726,35,43,-.711,-24.895,-44.197,19.304,35,43,-1.263,-.730,-.506,-.026,35,43,-.730,-25.557,35,43,-.026,-.916,35,Patton Kizzire
39,.516,14.455,28,39,.475,13.306,28,39,1.183,33.123,18.672,14.455,28,39,.667,.125,.475,.066,28,39,.125,3.505,28,39,.066,1.856,28,Adam Hadwin
55,.643,23.793,37,55,-.609,-22.549,37,55,-.317,-11.723,-35.514,23.793,37,55,-.960,-.215,-.609,-.135,37,55,-.215,-7.960,37,55,-.135,-5.007,37,Beau Hossler
54,-.024,-1.025,42,54,.284,11.925,42,54,.843,35.386,36.412,-1.025,42,54,.867,.636,.284,-.053,42,54,.636,26.706,42,54,-.053,-2.221,42,Scottie Scheffler
44,.310,8.067,26,44,.067,1.730,26,44,.199,5.171,-2.895,8.067,26,44,-.111,.143,.067,-.321,26,44,.143,3.719,26,44,-.321,-8.343,26,Chase Seiffert
18,.656,9.188,14,18,.742,10.392,14,18,.855,11.970,2.782,9.188,14,18,.199,-.478,.742,-.066,14,18,-.478,-6.686,14,18,-.066,-.925,14,Christiaan Bezuidenhout
41,.186,4.847,26,41,.313,8.130,26,41,.053,1.377,-3.468,4.847,26,41,-.133,-.242,.313,-.204,26,41,-.242,-6.292,26,41,-.204,-5.311,26,Pat Perez
35,.594,19.002,32,35,-.296,-9.460,32,35,.632,20.211,1.212,19.002,32,35,.038,-.383,-.296,.716,32,35,-.383,-12.243,32,35,.716,22.910,32,Brandt Snedeker
54,.371,14.104,38,54,-.493,-18.748,38,54,-.419,-15.916,-30.019,14.104,38,54,-.790,-.398,-.493,.101,38,54,-.398,-15.126,38,54,.101,3.853,38,Zac Blair
34,.541,12.995,24,34,.161,3.853,24,34,.788,18.905,5.910,12.995,24,34,.246,.157,.161,-.072,24,34,.157,3.778,24,34,-.072,-1.721,24,Matthew Fitzpatrick
22,.273,5.738,21,22,.113,2.382,21,22,-.126,-2.654,-8.392,5.738,21,22,-.400,-.628,.113,.115,21,22,-.628,-13.185,21,22,.115,2.410,21,Jamie Lovemark
40,.580,17.984,31,40,-.287,-8.903,31,40,.372,11.537,-6.446,17.984,31,40,-.208,-.109,-.287,.188,31,40,-.109,-3.383,31,40,.188,5.838,31,Cameron Smith
62,.215,9.668,45,62,.478,21.505,45,62,.588,26.477,16.811,9.668,45,62,.374,.004,.478,-.109,45,62,.004,.202,45,62,-.109,-4.897,45,Adam Long
69,.720,38.135,53,69,-.390,-20.692,53,69,.592,31.354,-6.777,38.135,53,69,-.128,.231,-.390,.031,53,69,.231,12.243,53,69,.031,1.667,53,Patrick Rodgers
44,.237,8.535,36,44,.355,12.791,36,44,.652,23.460,14.928,8.535,36,44,.415,.106,.355,-.046,36,44,.106,3.801,36,44,-.046,-1.668,36,Brendan Steele
42,.653,16.986,26,42,-.616,-16.004,26,42,-.457,-11.894,-28.879,16.986,26,42,-1.111,-.732,-.616,.236,26,42,-.732,-19.024,26,42,.236,6.148,26,Rhein Gibson
30,.111,2.229,20,30,-.465,-9.306,20,30,-.591,-11.829,-14.058,2.229,20,30,-.703,-.053,-.465,-.185,20,30,-.053,-1.051,20,30,-.185,-3.700,20,Vincent Whaley
50,-.061,-2.188,36,50,-.404,-14.535,36,50,-.182,-6.536,-4.348,-2.188,36,50,-.121,.282,-.404,.001,36,50,.282,10.143,36,50,.001,.043,36,Scott Harrington
42,.215,7.320,34,42,-.494,-16.809,34,42,-.140,-4.748,-12.067,7.320,34,42,-.355,-.394,-.494,.533,34,42,-.394,-13.380,34,42,.533,18.122,34,Mackenzie Hughes
42,.283,7.644,27,42,-.189,-5.113,27,42,.093,2.520,-5.124,7.644,27,42,-.190,-.215,-.189,.215,27,42,-.215,-5.810,27,42,.215,5.798,27,Jordan Spieth
48,.343,12.000,35,48,-.166,-5.819,35,48,.459,16.078,4.078,12.000,35,48,.117,.195,-.166,.087,35,48,.195,6.836,35,48,.087,3.060,35,Brice Garnett
43,.052,1.470,28,43,-.030,-.849,28,43,-.174,-4.870,-6.339,1.470,28,43,-.226,-.063,-.030,-.133,28,43,-.063,-1.773,28,43,-.133,-3.717,28,David Hearn
58,.263,13.655,52,58,.381,19.794,52,58,.925,48.108,34.456,13.655,52,58,.663,.254,.381,.028,52,58,.254,13.227,52,58,.028,1.432,52,Sebasti치n Mu침oz
36,.057,1.484,26,36,-.488,-12.691,26,36,-.599,-15.573,-17.056,1.484,26,36,-.656,-.152,-.488,-.016,26,36,-.152,-3.943,26,36,-.016,-.421,26,Brandon Hagy
42,.696,23.678,34,42,.446,15.166,34,42,1.750,59.483,35.809,23.678,34,42,1.053,.343,.446,.264,34,42,.343,11.655,34,42,.264,8.982,34,Daniel Berger
46,-.238,-7.610,32,46,-.388,-12.412,32,46,-.402,-12.855,-5.242,-7.610,32,46,-.164,-.164,-.388,.388,32,46,-.164,-5.256,32,46,.388,12.422,32,Si Woo Kim
59,-.051,-2.085,41,59,.165,6.754,41,59,.207,8.499,10.586,-2.085,41,59,.258,-.011,.165,.105,41,59,-.011,-.456,41,59,.105,4.285,41,Xinjun Zhang
37,.227,6.353,28,37,-.287,-8.049,28,37,-.384,-10.753,-17.103,6.353,28,37,-.611,-.219,-.287,-.105,28,37,-.219,-6.123,28,37,-.105,-2.934,28,Kevin Chappell
42,-.400,-12.009,30,42,.130,3.913,30,42,.162,4.848,16.858,-12.009,30,42,.562,.165,.130,.266,30,42,.165,4.962,30,42,.266,7.981,30,Cameron Davis
24,.260,5.462,21,24,.255,5.358,21,24,.581,12.205,6.743,5.462,21,24,.321,.100,.255,-.034,21,24,.100,2.096,21,24,-.034,-.711,21,Rickie Fowler
26,.208,4.981,24,26,.427,10.248,24,26,1.080,25.929,20.949,4.981,24,26,.873,.600,.427,-.154,24,26,.600,14.397,24,26,-.154,-3.697,24,Dustin Johnson
39,-.008,-.242,30,39,1.119,33.564,30,39,1.000,30.009,30.253,-.242,30,39,1.008,.106,1.119,-.217,30,39,.106,3.193,30,39,-.217,-6.508,30,Marc Leishman
34,.257,4.628,18,34,-.718,-12.919,18,34,-1.744,-31.397,-36.025,4.628,18,34,-2.001,-.712,-.718,-.572,18,34,-.712,-12.808,18,34,-.572,-10.296,18,Nelson Ledesma
49,.490,16.665,34,49,-.571,-19.419,34,49,-.269,-9.137,-25.800,16.665,34,49,-.759,-.351,-.571,.163,34,49,-.351,-11.922,34,49,.163,5.540,34,Wyndham Clark
64,-.133,-6.924,52,64,.690,35.876,52,64,.627,32.621,39.547,-6.924,52,64,.761,.436,.690,-.365,52,64,.436,22.656,52,64,-.365,-18.986,52,Doc Redman
45,-.212,-6.561,31,45,.218,6.757,31,45,-.173,-5.374,1.187,-6.561,31,45,.038,-.113,.218,-.067,31,45,-.113,-3.493,31,45,-.067,-2.075,31,Joseph Bramlett
58,.273,13.667,50,58,.103,5.144,50,58,.398,19.899,6.236,13.667,50,58,.125,-.066,.103,.087,50,58,-.066,-3.286,50,58,.087,4.372,50,Talor Gooch
18,.745,11.925,16,18,.224,3.585,16,18,.295,4.725,-7.200,11.925,16,18,-.450,-.639,.224,-.036,16,18,-.639,-10.217,16,18,-.036,-.568,16,Charl Schwartzel
55,.441,16.754,38,55,-.143,-5.449,38,55,.154,5.840,-10.912,16.754,38,55,-.287,-.040,-.143,-.104,38,55,-.040,-1.502,38,55,-.104,-3.965,38,Vaughn Taylor
63,.272,13.330,49,63,-.263,-12.909,49,63,.388,19.013,5.686,13.330,49,63,.116,.420,-.263,-.041,49,63,.420,20.581,49,63,-.041,-1.991,49,Harry Higgs
22,-.003,-.068,20,22,-.264,-5.283,20,22,.417,8.338,8.407,-.068,20,22,.420,.517,-.264,.167,20,22,.517,10.349,20,22,.167,3.339,20,Brooks Koepka
43,-.319,-9.252,29,43,-.425,-12.332,29,43,-.995,-28.846,-19.593,-9.252,29,43,-.676,-.130,-.425,-.120,29,43,-.130,-3.780,29,43,-.120,-3.480,29,Hank Lebioda
66,.387,20.916,54,66,.043,2.321,54,66,.637,34.394,13.481,20.916,54,66,.250,.105,.043,.102,54,66,.105,5.665,54,66,.102,5.493,54,Lanto Griffin
24,.311,6.851,22,24,.926,20.361,22,24,1.782,39.199,32.351,6.851,22,24,1.471,.309,.926,.236,22,24,.309,6.805,22,24,.236,5.182,22,Patrick Cantlay
42,-.018,-.463,26,42,.776,20.180,26,42,.830,21.588,22.051,-.463,26,42,.848,.635,.776,-.563,26,42,.635,16.506,26,42,-.563,-14.636,26,Viktor Hovland
36,.061,1.709,28,36,.352,9.857,28,36,.297,8.321,6.614,1.709,28,36,.236,-.279,.352,.163,28,36,-.279,-7.820,28,36,.163,4.576,28,Nick Watney
37,-.651,-16.930,26,37,.070,1.825,26,37,-.473,-12.289,4.642,-16.930,26,37,.179,.121,.070,-.013,26,37,.121,3.155,26,37,-.013,-.338,26,Aaron Wise
19,-.007,-.071,10,19,.261,2.610,10,19,-.309,-3.089,-3.018,-.071,10,19,-.302,-.134,.261,-.429,10,19,-.134,-1.338,10,19,-.429,-4.289,10,David Lingmerth
48,-.318,-10.813,34,48,.175,5.949,34,48,-.127,-4.317,6.498,-10.813,34,48,.191,.379,.175,-.363,34,48,.379,12.875,34,48,-.363,-12.328,34,Danny Lee
61,.453,21.739,48,61,.110,5.270,48,61,.595,28.561,6.824,21.739,48,61,.142,.039,.110,-.006,48,61,.039,1.851,48,61,-.006,-.299,48,Mark Hubbard
49,.287,8.319,29,49,-.195,-5.661,29,49,.707,20.500,12.182,8.319,29,49,.420,.447,-.195,.168,29,49,.447,12.966,29,49,.168,4.873,29,Billy Horschel
40,.317,10.794,34,40,-.271,-9.217,34,40,-.094,-3.192,-13.984,10.794,34,40,-.411,-.134,-.271,-.006,34,40,-.134,-4.565,34,40,-.006,-.202,34,Michael Thompson
29,-.188,-4.886,26,29,.640,16.637,26,29,.432,11.240,16.129,-4.886,26,29,.620,-.069,.640,.050,26,29,-.069,-1.801,26,29,.050,1.289,26,Jim Furyk
56,.260,10.926,42,56,.592,24.883,42,56,.666,27.972,17.047,10.926,42,56,.406,-.045,.592,-.141,42,56,-.045,-1.896,42,56,-.141,-5.941,42,Matthew NeSmith
36,-.622,-11.199,18,36,-.609,-10.959,18,36,-.920,-16.557,-5.358,-11.199,18,36,-.298,.125,-.609,.186,18,36,.125,2.252,18,36,.186,3.352,18,Wes Roach
53,-.019,-.754,39,53,.102,3.980,39,53,-.243,-9.487,-8.730,-.754,39,53,-.224,.023,.102,-.349,39,53,.023,.887,39,53,-.349,-13.601,39,Robby Shelton
32,-.247,-4.947,20,32,-.558,-11.153,20,32,-.998,-19.965,-15.018,-4.947,20,32,-.751,-.191,-.558,-.003,20,32,-.191,-3.810,20,32,-.003,-.055,20,Doug Ghim
46,-.204,-6.950,34,46,.546,18.577,34,46,.358,12.185,19.137,-6.950,34,46,.563,.163,.546,-.146,34,46,.163,5.532,34,46,-.146,-4.975,34,Chesson Hadley
36,-.314,-9.741,31,36,.543,16.832,31,36,-.497,-15.404,-5.661,-9.741,31,36,-.183,-.692,.543,-.033,31,36,-.692,-21.466,31,36,-.033,-1.030,31,Jimmy Walker
58,-.056,-2.463,44,58,-.074,-3.244,44,58,-.035,-1.533,.933,-2.463,44,58,.021,-.155,-.074,.249,44,58,-.155,-6.801,44,58,.249,10.974,44,Dylan Frittelli
42,.176,5.813,33,42,.513,16.916,33,42,1.451,47.884,42.071,5.813,33,42,1.275,.653,.513,.109,33,42,.653,21.563,33,42,.109,3.591,33,Xander Schauffele
35,.284,5.954,21,35,-.066,-1.385,21,35,.183,3.836,-2.118,5.954,21,35,-.101,.080,-.066,-.115,21,35,.080,1.690,21,35,-.115,-2.423,21,Rafa Cabrera Bello
41,.236,7.547,32,41,-.033,-1.048,32,41,.477,15.263,7.719,7.547,32,41,.241,.191,-.033,.083,32,41,.191,6.114,32,41,.083,2.649,32,Nick Taylor
45,-.381,-13.348,35,45,.264,9.246,35,45,.221,7.734,21.083,-13.348,35,45,.602,.293,.264,.046,35,45,.293,10.243,35,45,.046,1.595,35,Luke List
38,.294,9.119,31,38,-.120,-3.735,31,38,.077,2.381,-6.735,9.119,31,38,-.217,-.207,-.120,.110,31,38,-.207,-6.420,31,38,.110,3.416,31,Nate Lashley
19,-.987,-9.873,10,19,-.319,-3.193,10,19,-1.817,-18.171,-8.300,-9.873,10,19,-.830,-.770,-.319,.260,10,19,-.770,-7.700,10,19,.260,2.597,10,Robert Garrigus
48,.477,19.095,40,48,.427,17.096,40,48,1.465,58.587,39.494,19.095,40,48,.987,.415,.427,.145,40,48,.415,16.586,40,48,.145,5.810,40,Harris English
51,.211,8.029,38,51,-.106,-4.017,38,51,-.359,-13.653,-21.679,8.029,38,51,-.571,-.405,-.106,-.060,38,51,-.405,-15.400,38,51,-.060,-2.265,38,Brian Gay
40,.402,14.865,37,40,-.430,-15.927,37,40,-.088,-3.268,-18.131,14.865,37,40,-.490,.474,-.430,-.533,37,40,.474,17.530,37,40,-.533,-19.735,37,Sam Burns
24,.511,8.172,16,24,-.440,-7.036,16,24,-.986,-15.783,-23.955,8.172,16,24,-1.497,-.294,-.440,-.764,16,24,-.294,-4.697,16,24,-.764,-12.222,16,Louis Oosthuizen
36,-.178,-4.631,26,36,-.044,-1.151,26,36,-.776,-20.170,-15.537,-4.631,26,36,-.598,-.472,-.044,-.082,26,36,-.472,-12.267,26,36,-.082,-2.121,26,Chris Stroud
21,-.289,-4.335,15,21,-.264,-3.964,15,21,-.827,-12.406,-8.072,-4.335,15,21,-.538,.251,-.264,-.525,15,21,.251,3.767,15,21,-.525,-7.873,15,Vince Covello
44,.003,.104,32,44,-.685,-21.932,32,44,-.209,-6.696,-6.798,.104,32,44,-.212,.424,-.685,.049,32,44,.424,13.557,32,44,.049,1.577,32,Austin Cook
29,-1.051,-15.762,15,29,-.269,-4.040,15,29,-1.357,-20.361,-4.599,-15.762,15,29,-.307,-.190,-.269,.152,15,29,-.190,-2.845,15,29,.152,2.286,15,Josh Teater
26,.231,4.155,18,26,.357,6.424,18,26,1.125,20.255,16.102,4.155,18,26,.895,-.029,.357,.566,18,26,-.029,-.519,18,26,.566,10.194,18,Adam Scott
32,.071,1.626,23,32,.341,7.841,23,32,.533,12.269,10.645,1.626,23,32,.463,.078,.341,.044,23,32,.078,1.796,23,32,.044,1.006,23,James Hahn
49,.058,1.813,31,49,-.158,-4.911,31,49,-.427,-13.231,-15.043,1.813,31,49,-.485,-.239,-.158,-.088,31,49,-.239,-7.410,31,49,-.088,-2.722,31,Bo Hoag
42,-.174,-5.734,33,42,.178,5.882,33,42,.362,11.932,17.668,-5.734,33,42,.535,.531,.178,-.174,33,42,.531,17.532,33,42,-.174,-5.749,33,Ryan Palmer
45,.187,5.045,27,45,-.842,-22.721,27,45,-.478,-12.911,-17.956,5.045,27,45,-.665,.240,-.842,-.063,27,45,.240,6.470,27,45,-.063,-1.704,27,Sebastian Cappelen
50,.325,13.657,42,50,.631,26.483,42,50,.923,38.783,25.127,13.657,42,50,.598,.104,.631,-.137,42,50,.104,4.381,42,50,-.137,-5.737,42,Tom Hoge
30,.576,16.702,29,30,.148,4.284,29,30,1.685,48.869,32.168,16.702,29,30,1.109,.724,.148,.237,29,30,.724,21.009,29,30,.237,6.874,29,Jon Rahm
39,-.045,-1.210,27,39,.692,18.681,27,39,.516,13.938,15.150,-1.210,27,39,.561,.094,.692,-.225,27,39,.094,2.543,27,39,-.225,-6.077,27,Cameron Percy
51,-.103,-3.489,34,51,.404,13.723,34,51,.262,8.901,12.390,-3.489,34,51,.364,.268,.404,-.308,34,51,.268,9.126,34,51,-.308,-10.460,34,Lucas Glover
39,-.497,-14.427,29,39,.187,5.434,29,39,-.082,-2.388,12.041,-14.427,29,39,.415,.251,.187,-.023,29,39,.251,7.269,29,39,-.023,-.663,29,Martin Laird
33,.240,5.519,23,33,.309,7.117,23,33,.256,5.891,.373,5.519,23,33,.016,-.785,.309,.492,23,33,-.785,-18.058,23,33,.492,11.314,23,Peter Uihlein
43,.119,3.086,26,43,-.243,-6.328,26,43,.108,2.811,-.275,3.086,26,43,-.011,.169,-.243,.064,26,43,.169,4.392,26,43,.064,1.659,26,Kevin Kisner
34,-.877,-26.320,30,34,-.120,-3.606,30,34,-1.551,-46.525,-20.203,-26.320,30,34,-.673,-.379,-.120,-.174,30,34,-.379,-11.376,30,34,-.174,-5.222,30,Matt Every
42,-.020,-.646,33,42,.146,4.823,33,42,.938,30.949,31.597,-.646,33,42,.957,1.079,.146,-.268,33,42,1.079,35.610,33,42,-.268,-8.840,33,Cameron Champ
64,.313,15.336,49,64,.385,18.847,49,64,1.248,61.148,45.814,15.336,49,64,.935,.521,.385,.029,49,64,.521,25.550,49,64,.029,1.413,49,Sungjae Im
43,.294,10.596,36,43,.139,5.014,36,43,.258,9.280,-1.314,10.596,36,43,-.037,-.042,.139,-.133,36,43,-.042,-1.530,36,43,-.133,-4.803,36,Zach Johnson
28,.442,7.510,17,28,-.054,-.915,17,28,-.363,-6.174,-13.683,7.510,17,28,-.805,-1.144,-.054,.393,17,28,-1.144,-19.452,17,28,.393,6.684,17,Ricky Barnes
45,-.065,-1.881,29,45,-.179,-5.184,29,45,-.219,-6.361,-4.478,-1.881,29,45,-.154,-.235,-.179,.259,29,45,-.235,-6.810,29,45,.259,7.513,29,Fabi치n G칩mez
47,-.522,-16.720,32,47,.225,7.196,32,47,-.192,-6.143,10.577,-16.720,32,47,.331,.236,.225,-.130,32,47,.236,7.538,32,47,-.130,-4.155,32,Tyler McCumber
58,-.007,-.330,44,58,.169,7.420,44,58,-.011,-.474,-.142,-.330,44,58,-.003,-.099,.169,-.073,44,58,-.099,-4.339,44,58,-.073,-3.225,44,Sam Ryder
65,.219,10.488,48,65,-.024,-1.139,48,65,.471,22.601,12.115,10.488,48,65,.252,-.160,-.024,.436,48,65,-.160,-7.671,48,65,.436,20.920,48,Brian Stuard
54,.158,7.448,47,54,.297,13.981,47,54,.764,35.926,28.480,7.448,47,54,.606,-.040,.297,.349,47,54,-.040,-1.889,47,54,.349,16.385,47,Carlos Ortiz
34,.728,19.649,27,34,.116,3.121,27,34,.868,23.437,3.789,19.649,27,34,.140,-.068,.116,.093,27,34,-.068,-1.849,27,34,.093,2.516,27,Matt Kuchar
54,.267,12.559,47,54,.233,10.942,47,54,.819,38.481,25.924,12.559,47,54,.552,.124,.233,.195,47,54,.124,5.805,47,54,.195,9.174,47,Brian Harman
19,-.024,-.332,14,19,-.458,-6.408,14,19,-1.054,-14.750,-14.417,-.332,14,19,-1.030,-.436,-.458,-.136,14,19,-.436,-6.103,14,19,-.136,-1.906,14,Lucas Bjerregaard
49,.036,1.272,35,49,.257,8.989,35,49,.391,13.678,12.407,1.272,35,49,.354,-.126,.257,.224,35,49,-.126,-4.418,35,49,.224,7.836,35,Scott Stallings
47,-.032,-1.139,36,47,.224,8.052,36,47,.170,6.133,7.275,-1.139,36,47,.202,-.020,.224,-.001,36,47,-.020,-.726,36,47,-.001,-.054,36,Charley Hoffman
29,-.147,-2.359,16,29,-.450,-7.195,16,29,.303,4.849,7.208,-2.359,16,29,.451,.136,-.450,.764,16,29,.136,2.172,16,29,.764,12.231,16,Jason Day
33,-.126,-3.146,25,33,.399,9.971,25,33,.213,5.322,8.469,-3.146,25,33,.339,-.297,.399,.237,25,33,-.297,-7.430,25,33,.237,5.925,25,Branden Grace
46,-.138,-4.977,36,46,-.248,-8.930,36,46,-.987,-35.526,-30.547,-4.977,36,46,-.849,-.134,-.248,-.466,36,46,-.134,-4.830,36,46,-.466,-16.789,36,J.J. Spaun
50,.209,7.727,37,50,.350,12.959,37,50,.472,17.468,9.744,7.727,37,50,.263,.337,.350,-.424,37,50,.337,12.452,37,50,-.424,-15.670,37,Max Homa
37,.046,1.235,27,37,.258,6.977,27,37,.094,2.536,1.301,1.235,27,37,.048,-.060,.258,-.150,27,37,-.060,-1.630,27,37,-.150,-4.046,27,Mark Anderson
49,.019,.565,30,49,-.092,-2.764,30,49,.090,2.700,2.137,.565,30,49,.071,-.153,-.092,.317,30,49,-.153,-4.605,30,49,.317,9.501,30,Charles Howell III
19,-.877,-10.525,12,19,.197,2.361,12,19,-1.161,-13.926,-3.402,-10.525,12,19,-.284,-.274,.197,-.206,12,19,-.274,-3.287,12,19,-.206,-2.475,12,Jonathan Byrd
33,-.061,-1.286,21,33,-.639,-13.409,21,33,-.645,-13.542,-12.255,-1.286,21,33,-.584,.029,-.639,.025,21,33,.029,.618,21,33,.025,.535,21,Anirban Lahiri
34,-.042,-.832,20,34,-.079,-1.590,20,34,.149,2.980,3.812,-.832,20,34,.191,.010,-.079,.260,20,34,.010,.203,20,34,.260,5.199,20,Tim Wilkinson
40,.489,15.154,31,40,.105,3.251,31,40,1.128,34.977,19.824,15.154,31,40,.639,.673,.105,-.139,31,40,.673,20.872,31,40,-.139,-4.301,31,Bubba Watson
23,.220,3.522,16,23,.098,1.567,16,23,.535,8.558,5.037,3.522,16,23,.315,-.010,.098,.227,16,23,-.010,-.165,16,23,.227,3.634,16,Hudson Swafford
51,-.622,-21.754,35,51,-.086,-3.006,35,51,-.426,-14.916,6.839,-21.754,35,51,.195,-.267,-.086,.548,35,51,-.267,-9.329,35,51,.548,19.174,35,Rob Oppenheim
59,-.140,-6.038,43,59,.719,30.929,43,59,1.082,46.509,52.549,-6.038,43,59,1.222,.487,.719,.016,43,59,.487,20.939,43,59,.016,.676,43,Joel Dahmen
38,.091,2.743,30,38,.892,26.752,30,38,1.737,52.096,49.354,2.743,30,38,1.645,.448,.892,.306,30,38,.448,13.425,30,38,.306,9.174,30,Justin Thomas
30,-.365,-6.562,18,30,-.005,-.096,18,30,-.135,-2.423,4.138,-6.562,18,30,.230,.114,-.005,.122,18,30,.114,2.047,18,30,.122,2.188,18,Zack Sucher
41,-.225,-8.099,36,41,.719,25.866,36,41,.452,16.268,24.369,-8.099,36,41,.677,-.133,.719,.092,36,41,-.133,-4.798,36,41,.092,3.299,36,Russell Henley
22,.046,.596,13,22,.113,1.463,13,22,-.270,-3.505,-4.101,.596,13,22,-.315,-.159,.113,-.269,13,22,-.159,-2.066,13,22,-.269,-3.497,13,George McNeill
37,.057,1.778,31,37,.388,12.042,31,37,.131,4.059,2.281,1.778,31,37,.074,-.099,.388,-.216,31,37,-.099,-3.054,31,37,-.216,-6.705,31,Stewart Cink
46,-.023,-.873,38,46,.082,3.107,38,46,.243,9.237,10.110,-.873,38,46,.266,.284,.082,-.100,38,46,.284,10.797,38,46,-.100,-3.794,38,Sepp Straka
50,-.114,-4.451,39,50,.642,25.040,39,50,.846,32.975,37.427,-4.451,39,50,.960,.328,.642,-.011,39,50,.328,12.809,39,50,-.011,-.425,39,Joaquin Niemann
41,-.256,-7.684,30,41,.086,2.577,30,41,.184,5.530,13.216,-7.684,30,41,.441,.657,.086,-.302,30,41,.657,19.704,30,41,-.302,-9.069,30,Jason Kokrak
32,-.146,-3.064,21,32,.430,9.037,21,32,-.300,-6.303,-3.238,-3.064,21,32,-.154,-.537,.430,-.047,21,32,-.537,-11.284,21,32,-.047,-.993,21,Graeme McDowell
36,.039,1.045,27,36,.673,18.173,27,36,1.922,51.885,50.840,1.045,27,36,1.883,.776,.673,.434,27,36,.776,20.955,27,36,.434,11.710,27,Rory McIlroy
24,.156,2.495,16,24,-.252,-4.036,16,24,-.174,-2.787,-5.282,2.495,16,24,-.330,-.135,-.252,.057,16,24,-.135,-2.163,16,24,.057,.916,16,Danny Willett
54,.237,8.298,35,54,-.250,-8.754,35,54,.104,3.628,-4.668,8.298,35,54,-.133,.238,-.250,-.121,35,54,.238,8.326,35,54,-.121,-4.244,35,Adam Schenk
55,-.323,-14.196,44,55,.267,11.765,44,55,-.031,-1.342,12.856,-14.196,44,55,.292,.272,.267,-.247,44,55,.272,11.965,44,55,-.247,-10.877,44,Sung Kang
37,.084,2.261,27,37,-.179,-4.831,27,37,.044,1.201,-1.057,2.261,27,37,-.039,-.599,-.179,.739,27,37,-.599,-16.172,27,37,.739,19.944,27,Aaron Baddeley
54,-.275,-12.378,45,54,.976,43.900,45,54,1.067,48.008,60.389,-12.378,45,54,1.342,.408,.976,-.042,45,54,.408,18.353,45,54,-.042,-1.871,45,Collin Morikawa
44,-.546,-16.924,31,44,-.132,-4.097,31,44,-.318,-9.843,7.082,-16.924,31,44,.228,.113,-.132,.247,31,44,.113,3.512,31,44,.247,7.666,31,Ryan Armour
34,-.088,-2.102,24,34,.193,4.635,24,34,.334,8.021,10.125,-2.102,24,34,.422,.291,.193,-.062,24,34,.291,6.987,24,34,-.062,-1.499,24,Ryan Moore
48,.051,1.957,38,48,.536,20.378,38,48,.695,26.423,24.468,1.957,38,48,.644,-.048,.536,.156,38,48,-.048,-1.837,38,48,.156,5.926,38,Cameron Tringale
24,-.157,-2.982,19,24,.149,2.830,19,24,.441,8.370,11.351,-2.982,19,24,.597,.192,.149,.256,19,24,.192,3.649,19,24,.256,4.872,19,Justin Rose
33,.153,3.062,20,33,-.281,-5.621,20,33,.206,4.116,1.056,3.062,20,33,.053,-.118,-.281,.452,20,33,-.118,-2.358,20,33,.452,9.034,20,Phil Mickelson
56,-.083,-3.645,44,56,-.297,-13.076,44,56,-.063,-2.772,.875,-3.645,44,56,.020,.255,-.297,.062,44,56,.255,11.241,44,56,.062,2.707,44,Matt Jones
18,-.318,-3.821,12,18,-.996,-11.946,12,18,-2.585,-31.020,-27.199,-3.821,12,18,-2.267,-1.513,-.996,.242,12,18,-1.513,-18.161,12,18,.242,2.909,12,Michael Kim
49,.082,2.706,33,49,.119,3.943,33,49,.552,18.212,15.507,2.706,33,49,.470,.330,.119,.020,33,49,.330,10.906,33,49,.020,.656,33,Kevin Streelman
45,.113,4.751,42,45,.511,21.473,42,45,.721,30.282,25.534,4.751,42,45,.608,-.208,.511,.304,42,45,-.208,-8.728,42,45,.304,12.786,42,Bud Cauley
53,-.143,-5.581,39,53,.561,21.865,39,53,.208,8.122,13.706,-5.581,39,53,.351,-.209,.561,.000,39,53,-.209,-8.163,39,53,.000,.001,39,Russell Knox
54,-.138,-5.523,40,54,-.471,-18.852,40,54,-.378,-15.139,-9.616,-5.523,40,54,-.240,.212,-.471,.019,40,54,.212,8.496,40,54,.019,.743,40,Scott Brown
21,-1.470,-14.696,10,21,-.495,-4.947,10,21,-2.340,-23.404,-8.708,-14.696,10,21,-.871,-.455,-.495,.079,10,21,-.455,-4.552,10,21,.079,.791,10,Arjun Atwal
52,.198,6.724,34,52,.795,27.029,34,52,1.423,48.397,41.674,6.724,34,52,1.226,.383,.795,.048,34,52,.383,13.011,34,52,.048,1.631,34,Abraham Ancer
36,.049,1.087,22,36,.131,2.881,22,36,-.260,-5.724,-6.810,1.087,22,36,-.310,-.290,.131,-.150,22,36,-.290,-6.384,22,36,-.150,-3.308,22,Ben Taylor
41,-.241,-8.192,34,41,-.111,-3.758,34,41,-.075,-2.535,5.658,-8.192,34,41,.166,.291,-.111,-.014,34,41,.291,9.891,34,41,-.014,-.476,34,Andrew Landry
44,.082,2.690,33,44,-.261,-8.597,33,44,-.170,-5.619,-8.307,2.690,33,44,-.252,.519,-.261,-.510,33,44,.519,17.124,33,44,-.510,-16.838,33,Matthew Wolff
36,-1.116,-29.007,26,36,-.146,-3.789,26,36,-1.215,-31.586,-2.579,-29.007,26,36,-.099,-.254,-.146,.300,26,36,-.254,-6.593,26,36,.300,7.804,26,Bill Haas
24,.171,2.911,17,24,-.080,-1.367,17,24,-.399,-6.781,-9.690,2.911,17,24,-.570,-1.142,-.080,.652,17,24,-1.142,-19.413,17,24,.652,11.088,17,Luke Donald
44,-.175,-5.426,31,44,-.266,-8.240,31,44,.205,6.358,11.787,-5.426,31,44,.380,.736,-.266,-.090,31,44,.736,22.822,31,44,-.090,-2.798,31,Jhonattan Vegas
38,-.018,-.425,24,38,-.340,-8.168,24,38,-.379,-9.102,-8.676,-.425,24,38,-.362,.174,-.340,-.195,24,38,.174,4.184,24,38,-.195,-4.691,24,Michael Gligic
18,-.103,-1.448,14,18,.312,4.361,14,18,.719,10.062,11.510,-1.448,14,18,.822,.248,.312,.263,14,18,.248,3.470,14,18,.263,3.678,14,Erik van Rooyen
57,-.107,-4.715,44,57,.297,13.087,44,57,-.022,-.986,3.730,-4.715,44,57,.085,.001,.297,-.214,44,57,.001,.062,44,57,-.214,-9.422,44,Tyler Duncan
42,-.187,-6.364,34,42,-.653,-22.216,34,42,-1.240,-42.145,-35.781,-6.364,34,42,-1.052,.227,-.653,-.626,34,42,.227,7.718,34,42,-.626,-21.283,34,Jim Herman
50,.014,.469,34,50,-.095,-3.240,34,50,.405,13.786,13.319,.469,34,50,.392,.207,-.095,.280,34,50,.207,7.033,34,50,.280,9.521,34,Rory Sabbatini
46,-.520,-18.191,35,46,.108,3.764,35,46,-.032,-1.127,17.067,-18.191,35,46,.488,.170,.108,.210,35,46,.170,5.954,35,46,.210,7.345,35,Keegan Bradley
32,-.671,-13.417,20,32,.838,16.769,20,32,.449,8.987,22.405,-13.417,20,32,1.120,.594,.838,-.313,20,32,.594,11.889,20,32,-.313,-6.254,20,Paul Casey
44,-.668,-20.717,31,44,.871,27.010,31,44,1.042,32.310,53.029,-20.717,31,44,1.711,.374,.871,.466,31,44,.374,11.580,31,44,.466,14.436,31,Hideki Matsuyama
54,-.185,-6.665,36,54,-.211,-7.595,36,54,-.145,-5.229,1.437,-6.665,36,54,.040,.227,-.211,.024,36,54,.227,8.181,36,54,.024,.851,36,Kyoung-Hoon Lee
31,-.772,-20.070,26,31,-.333,-8.655,26,31,-.605,-15.732,4.340,-20.070,26,31,.167,.366,-.333,.134,26,31,.366,9.515,26,31,.134,3.481,26,Grayson Murray
18,-.053,-.476,9,18,-.584,-5.260,9,18,-1.769,-15.924,-15.449,-.476,9,18,-1.717,-.664,-.584,-.468,9,18,-.664,-5.975,9,18,-.468,-4.211,9,Sangmoon Bae
43,-.320,-10.566,33,43,.413,13.632,33,43,.011,.378,10.946,-10.566,33,43,.332,-.082,.413,.000,33,43,-.082,-2.697,33,43,.000,.011,33,Kyle Stanley
56,-.111,-4.312,39,56,.554,21.599,39,56,1.021,39.836,44.150,-4.312,39,56,1.132,.482,.554,.096,39,56,.482,18.788,39,56,.096,3.760,39,Harold Varner III
19,-.448,-5.380,12,19,-.451,-5.410,12,19,-1.265,-15.179,-9.798,-5.380,12,19,-.817,-.284,-.451,-.082,12,19,-.284,-3.409,12,19,-.082,-.980,12,Francesco Molinari
52,-.201,-6.827,34,52,.006,.213,34,52,-.274,-9.332,-2.505,-6.827,34,52,-.074,.115,.006,-.195,34,52,.115,3.897,34,52,-.195,-6.613,34,Henrik Norlander
22,.102,1.023,10,22,.467,4.667,10,22,.992,9.923,8.900,1.023,10,22,.890,.610,.467,-.187,10,22,.610,6.103,10,22,-.187,-1.870,10,Tommy Fleetwood
39,-.505,-13.124,26,39,-.490,-12.741,26,39,-1.203,-31.283,-18.157,-13.124,26,39,-.698,-.314,-.490,.106,26,39,-.314,-8.163,26,39,.106,2.745,26,Roger Sloan
50,-.548,-20.839,38,50,.660,25.063,38,50,.351,13.342,34.182,-20.839,38,50,.900,.571,.660,-.332,38,50,.571,21.714,38,50,-.332,-12.599,38,Corey Conners
23,-.094,-1.317,14,23,-.626,-8.769,14,23,-1.585,-22.188,-20.873,-1.317,14,23,-1.491,-.510,-.626,-.354,14,23,-.510,-7.139,14,23,-.354,-4.962,14,J.J. Henry
18,.195,2.539,13,18,-.507,-6.595,13,18,-.169,-2.198,-4.737,2.539,13,18,-.364,-.236,-.507,.378,13,18,-.236,-3.063,13,18,.378,4.920,13,Steve Stricker
36,.167,4.178,25,36,.080,1.994,25,36,.518,12.947,8.769,4.178,25,36,.351,-.208,.080,.479,25,36,-.208,-5.199,25,36,.479,11.973,25,Alex Noren
22,-.153,-1.529,10,22,-.821,-8.214,10,22,-1.575,-15.748,-14.219,-1.529,10,22,-1.422,-.526,-.821,-.074,10,22,-.526,-5.263,10,22,-.074,-.742,10,Jazz Janewattananond
28,.086,1.209,14,28,.022,.308,14,28,-.118,-1.645,-2.853,1.209,14,28,-.204,-.097,.022,-.129,14,28,-.097,-1.359,14,28,-.129,-1.803,14,Ben Martin
42,-.040,-1.156,29,42,.468,13.573,29,42,1.351,39.171,40.328,-1.156,29,42,1.391,.363,.468,.560,29,42,.363,10.520,29,42,.560,16.233,29,Tony Finau
50,-.186,-6.329,34,50,.057,1.944,34,50,-.087,-2.957,3.375,-6.329,34,50,.099,.297,.057,-.255,34,50,.297,10.097,34,50,-.255,-8.670,34,Scott Piercy
38,-.398,-12.325,31,38,-2.040,-63.251,31,38,-3.304,-102.434,-90.108,-12.325,31,38,-2.907,-.754,-2.040,-.112,31,38,-.754,-23.371,31,38,-.112,-3.487,31,Martin Trainer
22,-.224,-4.035,18,22,-.905,-16.295,18,22,-.527,-9.489,-5.455,-4.035,18,22,-.303,.301,-.905,.301,18,22,.301,5.425,18,22,.301,5.414,18,Matt Wallace
42,-.614,-14.728,24,42,-.362,-8.696,24,42,-1.051,-25.216,-10.486,-14.728,24,42,-.437,.165,-.362,-.239,24,42,.165,3.953,24,42,-.239,-5.744,24,Ryan Brehm
37,-.732,-15.365,21,37,-.293,-6.161,21,37,-.805,-16.904,-1.539,-15.365,21,37,-.073,.191,-.293,.029,21,37,.191,4.017,21,37,.029,.605,21,Chris Baker
26,-.386,-5.012,13,26,-.454,-5.904,13,26,-.949,-12.337,-7.325,-5.012,13,26,-.563,.044,-.454,-.154,13,26,.044,.577,13,26,-.154,-1.998,13,Shawn Stefani
19,-.829,-9.954,12,19,-.118,-1.412,12,19,-.847,-10.160,-.206,-9.954,12,19,-.017,.128,-.118,-.027,12,19,.128,1.533,12,19,-.027,-.330,12,Chris Kirk
30,-.673,-12.121,18,30,.286,5.145,18,30,.979,17.630,29.751,-12.121,18,30,1.653,.981,.286,.386,18,30,.981,17.661,18,30,.386,6.945,18,Sergio Garcia
39,-.391,-10.160,26,39,-.580,-15.081,26,39,-.465,-12.078,-1.917,-10.160,26,39,-.074,.084,-.580,.423,26,39,.084,2.172,26,39,.423,10.992,26,Kramer Hickok
18,-.739,-8.867,12,18,.033,.392,12,18,-.269,-3.224,5.645,-8.867,12,18,.470,.199,.033,.238,12,18,.199,2.391,12,18,.238,2.860,12,Kurt Kitayama
31,-.994,-16.902,17,31,-.797,-13.554,17,31,-2.785,-47.339,-30.435,-16.902,17,31,-1.790,-.533,-.797,-.460,17,31,-.533,-9.058,17,31,-.460,-7.825,17,Satoshi Kodaira
36,-.986,-22.676,23,36,.055,1.258,23,36,-1.060,-24.374,-1.697,-22.676,23,36,-.074,-.246,.055,.117,23,36,-.246,-5.654,23,36,.117,2.698,23,C.T. Pan
29,-.938,-16.885,18,29,-.171,-3.080,18,29,-.908,-16.351,.535,-16.885,18,29,.030,-.156,-.171,.357,18,29,-.156,-2.814,18,29,.357,6.428,18,Rafael Campos
20,-1.559,-17.147,11,20,-1.642,-18.059,11,20,-4.709,-51.803,-34.656,-17.147,11,20,-3.151,-.586,-1.642,-.923,11,20,-.586,-6.445,11,20,-.923,-10.153,11,Kevin Stadler
42,-.383,-9.184,24,42,-.033,-.784,24,42,-.696,-16.714,-7.531,-9.184,24,42,-.314,-.047,-.033,-.234,24,42,-.047,-1.138,24,42,-.234,-5.607,24,Robert Streb
39,-.510,-12.754,25,39,.311,7.768,25,39,-.036,-.909,11.844,-12.754,25,39,.474,.221,.311,-.058,25,39,.221,5.532,25,39,-.058,-1.453,25,D.J. Trahan
23,-.236,-3.304,14,23,.057,.801,14,23,.183,2.560,5.863,-3.304,14,23,.419,.164,.057,.198,14,23,.164,2.296,14,23,.198,2.768,14,Roberto Castro
57,-.789,-33.144,42,57,.271,11.374,42,57,.080,3.372,36.518,-33.144,42,57,.869,.126,.271,.473,42,57,.126,5.286,42,57,.473,19.855,42,Byeong Hun An
32,-.807,-16.143,20,32,-.977,-19.544,20,32,-2.686,-53.728,-37.583,-16.143,20,32,-1.879,-.773,-.977,-.129,20,32,-.773,-15.454,20,32,-.129,-2.587,20,Bo Van Pelt
23,-.938,-11.261,12,23,.290,3.476,12,23,-.412,-4.938,6.323,-11.261,12,23,.527,-.279,.290,.516,12,23,-.279,-3.349,12,23,.516,6.197,12,Alex Cejka
55,-.400,-13.991,35,55,.277,9.698,35,55,-.037,-1.286,12.707,-13.991,35,55,.363,-.180,.277,.265,35,55,-.180,-6.286,35,55,.265,9.292,35,Chez Reavie
45,-1.141,-31.958,28,45,.790,22.129,28,45,-.470,-13.170,18.790,-31.958,28,45,.671,.043,.790,-.163,28,45,.043,1.216,28,45,-.163,-4.558,28,Emiliano Grillo
42,-.732,-26.336,36,42,.267,9.614,36,42,-.208,-7.478,18.858,-26.336,36,42,.524,.126,.267,.131,36,42,.126,4.538,36,42,.131,4.705,36,Jason Dufner
24,-.668,-10.690,16,24,.047,.750,16,24,-.051,-.818,9.872,-10.690,16,24,.617,.429,.047,.141,16,24,.429,6.870,16,24,.141,2.252,16,Shane Lowry
40,-.345,-9.307,27,40,.000,.004,27,40,-.634,-17.108,-7.799,-9.307,27,40,-.289,-.594,.000,.304,27,40,-.594,-16.025,27,40,.304,8.220,27,Kevin Tway
